Peak,Model,Center (cm竅ｻﾂｹ),FWHM (cm竅ｻﾂｹ),Area,Relative Intensity
1,gauss,1109.9999999999998,235.47999999999996,15.616902653309666,0.062301414370198684
2,lorentz,1444.9999999999998,199.99999999999997,226.53653295383057,0.7210497060821887
