Peak,Model,Center (cm⁻¹),FWHM (cm⁻¹),Area,Relative Intensity
1,pvoigt,480.9214209093243,128.25914445551462,37.11586065436597,0.4157568713930088
2,pvoigt,538.3648184198003,84.59277165413954,20.6034789221675,0.3499254597026344
3,pvoigt,750.0000000000001,162.61172843665875,18.64219354846136,0.1647075038140769
4,pvoigt,849.9480503962728,360.12906460867464,121.88174144896591,0.4862377987294829
5,pvoigt,1426.848944984798,295.2262945308768,181.97595612503937,0.8855788035678323
