Peak,Model,Center (cm竅ｻﾂｹ),FWHM (cm竅ｻﾂｹ),Area,Relative Intensity
1,gauss,1109.9999999999998,235.4799999999996,19.049788236414233,0.07599642367815225
2,lorentz,1444.9999999999998,199.99999999999997,217.9975827917391,0.6938708337636945
