Peak,Model,Center (cm⁻¹),FWHM (cm⁻¹),Area,Relative Intensity
1,pvoigt,520.0000000000001,156.19582853353285,52.58676485144981,0.48369908006782286
2,lorentz,765.8569969125957,101.99336448478978,156.17010051984286,0.9747788431706386
3,gauss,855.2916860949568,50.001658348323026,10.645113860569534,0.19999999999999998
4,pvoigt,916.1246050831863,137.21706490358616,52.59599513101027,0.5506971004911148
5,gauss,1220.0000000000002,182.3145664758348,27.224040840951726,0.14027985602966056
6,pvoigt,1402.758366692161,360.12906460867464,151.7765962443589,0.6055010141729208
7,gauss,1568.7817457669826,176.81659908923777,28.67934843385816,0.15237381469301256
