Peak,Model,Center (cm竅ｻﾂｹ),FWHM (cm竅ｻﾂｹ),Area,Relative Intensity
1,gauss,1058.0916707130818,147.31247669344307,94.08636468974977,0.599989001848754
2,lorentz,1425.2513488376544,199.99999771430663,1256.637047074482,3.999758684643478
