Peak,Model,Center (cm⁻¹),FWHM (cm⁻¹),Area,Relative Intensity
1,pvoigt,520.0000000000001,156.635749762036,35.58507534761828,0.32639630851237744
2,lorentz,768.6033337938766,89.73455548267141,136.86455955885458,0.9709825193079944
3,gauss,865.8323751541601,49.2941184004596,10.494481990453565,0.19999999999999998
4,pvoigt,926.3636988724207,122.66731070469176,41.726424870834144,0.4887092627971521
5,pvoigt,1357.0384523137354,183.08464719337377,23.9222592374058,0.18772343987764598
6,pvoigt,1460.8057196156242,214.29151613678607,32.652074579716505,0.218914254346269
7,pvoigt,1579.9999999999998,136.6005215501465,17.984153717311237,0.18914980037547938
