Peak,Model,Center (cm⁻¹),FWHM (cm⁻¹),Area,Relative Intensity
1,lorentz,520.7520274590256,160.715652039585,46.40393653207922,0.1838132324830174
2,lorentz,761.8956998879556,75.05936439657464,117.17124902711998,0.9937938388281159
3,gauss,870.7560159706194,48.89148037471789,7.923535646009808,0.15224741294199698
4,pvoigt,931.5476361030026,100.8788648368169,26.384195308032602,0.37576117515200125
5,pvoigt,1348.9546532455058,256.5984077679808,36.03319970705862,0.20175165701076858
6,pvoigt,1467.9143266507472,136.36354989324627,15.055592985531964,0.15862360135962136
7,pvoigt,1572.4140052851874,150.9646695906892,23.960690463091435,0.22803013624426172
