Peak,Model,Center (cm⁻¹),FWHM (cm⁻¹),Area,Relative Intensity
1,pvoigt,534.1325762891826,174.58828966565676,17.029986578387902,0.14014171697060254
2,lorentz,767.024081327637,58.530351047495365,94.2871575899154,1.0255374814576104
3,gauss,881.9298634443569,53.61966845767583,7.783653412101119,0.1363714499871836
4,pvoigt,936.0277622255824,73.0383721434308,14.893040504381196,0.2929547366142467
5,pvoigt,1463.855225030467,143.18327350773976,16.689255344862264,0.16746070337663366
