Peak,Model,Center (cm竅ｻﾂｹ),FWHM (cm竅ｻﾂｹ),Area,Relative Intensity
1,gauss,1109.9999999999998,235.47999999999982,12.80076444444889,0.05106683108765506
2,lorentz,1444.9999999999998,199.99999999999997,101.3035261279474,0.32244193370140767
