Peak,Model,Center (cm竅ｻﾂｹ),FWHM (cm竅ｻﾂｹ),Area,Relative Intensity
1,gauss,1109.9999999999998,235.47999999999996,21.814202477681178,0.08702466154064213
2,lorentz,1444.9999999999818,199.99999999999997,183.95726655195446,0.5855229231657889
