Peak,Model,Center (cm⁻¹),FWHM (cm⁻¹),Area,Relative Intensity
1,gauss,206.63324749043585,68.07057475685845,6.456230154590164,0.08910122588949562
2,gauss,272.0906401390351,38.71999241597843,3.4886861462880505,0.08464293809603252
3,lorentz,530.5218448813863,74.76366949871414,49.26567883749099,0.41950195138023966
4,pvoigt,567.8756796934305,61.034447800335016,2.659925751275782,0.06261274341525494
5,gauss,763.2103467867937,77.70253472326586,51.07915950888534,0.6175507441016979
6,gauss,871.0781633581494,105.4550309786643,92.23541039478862,0.8216644056505124
7,pvoigt,927.361384085936,82.57546180908152,34.172219221187355,0.5945527762825922
8,gauss,1367.9296440730534,155.23101119563444,20.599057909767872,0.12466167701105221
9,gauss,1591.4568032283146,90.89681530056295,22.135037414696143,0.22876821629362257
