Peak,Model,Center (cm⁻¹),FWHM (cm⁻¹),Area,Relative Intensity
1,lorentz,513.9097551391618,26.073350851310693,2.012492830347752,0.04913801585587034
2,gauss,535.5996435761202,71.5721913440242,27.100277383428367,0.35570790335233204
3,pvoigt,768.5349683868224,112.91368273144349,44.03442394148617,0.5602914377718771
4,pvoigt,868.8449735367284,133.53061231963022,71.27872934585194,0.7669152035355733
5,pvoigt,922.5556172309565,63.609978703472095,31.30733600325582,0.7071134579901017
6,gauss,1375.0000000000002,85.74099697614271,7.279126054608566,0.07975442790996817
7,gauss,1591.8151956689298,56.10672610089447,8.822971691432784,0.14772841932190603
