Peak,Model,Center (cm竅ｻﾂｹ),FWHM (cm竅ｻﾂｹ),Area,Relative Intensity
1,gauss,1109.9999999999998,235.4799999999993,26.14723223518702,0.10431066814474725
2,lorentz,1444.9999999999998,199.99999999999997,375.1865845888961,1.1941922700783052
