Peak,Model,Center (cm⁻¹),FWHM (cm⁻¹),Area,Relative Intensity
1,lorentz,524.9530300268667,16.993500126965543,23.624506731752625,0.8850341592665375
2,gauss,560.1118019483089,39.36424856101009,7.9169702601396725,0.1889387949244029
3,pvoigt,772.1664928486192,113.8577653243521,35.75042065764344,0.45111445089752744
4,pvoigt,872.2569747676945,138.40128329360635,60.81267634229078,0.6312803028866453
5,pvoigt,927.1938793298604,65.65988594078011,28.399734400056875,0.6214159458826988
6,gauss,1375.0000594409526,92.26096459752803,7.047625388599939,0.07176107129075678
7,gauss,1593.2657246688962,57.8701579625955,7.638300315489889,0.12399556581258038
