Peak,Model,Center (cm⁻¹),FWHM (cm⁻¹),Area,Relative Intensity
1,gauss,177.5934582375433,66.4754834378334,3.1951228557015106,0.04515336804863963
2,gauss,290.5162975669806,220.94947440997055,19.13280136573215,0.08134852502156104
3,lorentz,525.1052147126037,11.057589703544968,13.294030291162395,0.7653786010068986
4,pvoigt,540.8750052531168,159.80767372493125,34.26735790852426,0.30807129189546606
5,gauss,845.0000000000072,235.47999999998578,124.24019871416853,0.49564668192560535
6,pvoigt,925.0625622316371,150.09195625911573,49.51789231006821,0.4739941391108311
7,pvoigt,761.1521344688341,83.48340436519317,6.972895522497261,0.11999999999999998
8,gauss,1368.389131180486,159.91077092735898,20.023002048053616,0.1176293149372382
9,gauss,1594.235836072143,94.40880218659947,20.52099884383359,0.20419734983408114
