Peak,Model,Center (cm⁻¹),FWHM (cm⁻¹),Area,Relative Intensity
1,voigt,1385.0000000000002,76.5869504128498,174.27551069660572,1.8752548690280593
