Peak,Model,Center (cm竅ｻﾂｹ),FWHM (cm竅ｻﾂｹ),Area,Relative Intensity
1,gauss,1050.01767233304,132.91130076540412,1.3571582857367368e-12,9.591463061811627e-15
2,lorentz,1422.9253621590008,199.99999221262811,938.8800504035031,2.9884808113826358
