Peak,Model,Center (cm竅ｻﾂｹ),FWHM (cm竅ｻﾂｹ),Area,Relative Intensity
1,gauss,1109.9999999999998,235.47999999999996,24.355148784322942,0.0971571077725063
2,lorentz,1444.9999999999998,199.99999999999997,149.41459746518885,0.47557468405743347
