 5.40854E+02	 1.37796E+03
 5.40873E+02	 1.37748E+03
 5.40892E+02	 1.37675E+03
 5.40912E+02	 1.37708E+03
 5.40931E+02	 1.37881E+03
 5.40950E+02	 1.37715E+03
 5.40970E+02	 1.37608E+03
 5.40989E+02	 1.37750E+03
 5.41008E+02	 1.37767E+03
 5.41028E+02	 1.37811E+03
 5.41047E+02	 1.37793E+03
 5.41066E+02	 1.37818E+03
 5.41086E+02	 1.37710E+03
 5.41105E+02	 1.37659E+03
 5.41124E+02	 1.37638E+03
 5.41143E+02	 1.37721E+03
 5.41163E+02	 1.37807E+03
 5.41182E+02	 1.37952E+03
 5.41201E+02	 1.37897E+03
 5.41221E+02	 1.37823E+03
 5.41240E+02	 1.37745E+03
 5.41259E+02	 1.37754E+03
 5.41279E+02	 1.37701E+03
 5.41298E+02	 1.37723E+03
 5.41317E+02	 1.37781E+03
 5.41337E+02	 1.37608E+03
 5.41356E+02	 1.37874E+03
 5.41375E+02	 1.37734E+03
 5.41395E+02	 1.37738E+03
 5.41414E+02	 1.37840E+03
 5.41433E+02	 1.37796E+03
 5.41453E+02	 1.37702E+03
 5.41472E+02	 1.37751E+03
 5.41491E+02	 1.37677E+03
 5.41511E+02	 1.37640E+03
 5.41530E+02	 1.37725E+03
 5.41549E+02	 1.37692E+03
 5.41569E+02	 1.37712E+03
 5.41588E+02	 1.37792E+03
 5.41607E+02	 1.37794E+03
 5.41627E+02	 1.37683E+03
 5.41646E+02	 1.37836E+03
 5.41665E+02	 1.37768E+03
 5.41685E+02	 1.37759E+03
 5.41704E+02	 1.37652E+03
 5.41723E+02	 1.37668E+03
 5.41743E+02	 1.37777E+03
 5.41762E+02	 1.37654E+03
 5.41781E+02	 1.37585E+03
 5.41801E+02	 1.37623E+03
 5.41820E+02	 1.37638E+03
 5.41839E+02	 1.37632E+03
 5.41859E+02	 1.37666E+03
 5.41878E+02	 1.37670E+03
 5.41897E+02	 1.37658E+03
 5.41917E+02	 1.37620E+03
 5.41936E+02	 1.37640E+03
 5.41955E+02	 1.37746E+03
 5.41975E+02	 1.37750E+03
 5.41994E+02	 1.37613E+03
 5.42013E+02	 1.37680E+03
 5.42033E+02	 1.37538E+03
 5.42052E+02	 1.37614E+03
 5.42071E+02	 1.37768E+03
 5.42091E+02	 1.37719E+03
 5.42110E+02	 1.37676E+03
 5.42129E+02	 1.37617E+03
 5.42149E+02	 1.37564E+03
 5.42168E+02	 1.37697E+03
 5.42187E+02	 1.37642E+03
 5.42207E+02	 1.37507E+03
 5.42226E+02	 1.37642E+03
 5.42245E+02	 1.37629E+03
 5.42265E+02	 1.37711E+03
 5.42284E+02	 1.37733E+03
 5.42303E+02	 1.37559E+03
 5.42323E+02	 1.37562E+03
 5.42342E+02	 1.37559E+03
 5.42361E+02	 1.37717E+03
 5.42380E+02	 1.37663E+03
 5.42400E+02	 1.37534E+03
 5.42419E+02	 1.37614E+03
 5.42438E+02	 1.37716E+03
 5.42458E+02	 1.37713E+03
 5.42477E+02	 1.37652E+03
 5.42496E+02	 1.37549E+03
 5.42516E+02	 1.37676E+03
 5.42535E+02	 1.37724E+03
 5.42554E+02	 1.37596E+03
 5.42574E+02	 1.37567E+03
 5.42593E+02	 1.37640E+03
 5.42612E+02	 1.37692E+03
 5.42632E+02	 1.37637E+03
 5.42651E+02	 1.37625E+03
 5.42670E+02	 1.37679E+03
 5.42690E+02	 1.37750E+03
 5.42709E+02	 1.37771E+03
 5.42728E+02	 1.37521E+03
 5.42748E+02	 1.37518E+03
 5.42767E+02	 1.37605E+03
 5.42786E+02	 1.37523E+03
 5.42806E+02	 1.37678E+03
 5.42825E+02	 1.37638E+03
 5.42844E+02	 1.37702E+03
 5.42864E+02	 1.37558E+03
 5.42883E+02	 1.37582E+03
 5.42902E+02	 1.37598E+03
 5.42922E+02	 1.37500E+03
 5.42941E+02	 1.37627E+03
 5.42960E+02	 1.37628E+03
 5.42980E+02	 1.37523E+03
 5.42999E+02	 1.37601E+03
 5.43018E+02	 1.37492E+03
 5.43038E+02	 1.37548E+03
 5.43057E+02	 1.37586E+03
 5.43076E+02	 1.37583E+03
 5.43096E+02	 1.37739E+03
 5.43115E+02	 1.37707E+03
 5.43134E+02	 1.37672E+03
 5.43154E+02	 1.37717E+03
 5.43173E+02	 1.37672E+03
 5.43192E+02	 1.37658E+03
 5.43212E+02	 1.37590E+03
 5.43231E+02	 1.37649E+03
 5.43250E+02	 1.37662E+03
 5.43270E+02	 1.37617E+03
 5.43289E+02	 1.37538E+03
 5.43308E+02	 1.37583E+03
 5.43328E+02	 1.37796E+03
 5.43347E+02	 1.37871E+03
 5.43366E+02	 1.37510E+03
 5.43386E+02	 1.37644E+03
 5.43405E+02	 1.37611E+03
 5.43424E+02	 1.37605E+03
 5.43444E+02	 1.37683E+03
 5.43463E+02	 1.37686E+03
 5.43482E+02	 1.37553E+03
 5.43502E+02	 1.37538E+03
 5.43521E+02	 1.37636E+03
 5.43540E+02	 1.37763E+03
 5.43560E+02	 1.37693E+03
 5.43579E+02	 1.37621E+03
 5.43598E+02	 1.37595E+03
 5.43617E+02	 1.37671E+03
 5.43637E+02	 1.37584E+03
 5.43656E+02	 1.37564E+03
 5.43675E+02	 1.37600E+03
 5.43695E+02	 1.37680E+03
 5.43714E+02	 1.37699E+03
 5.43733E+02	 1.37658E+03
 5.43753E+02	 1.37656E+03
 5.43772E+02	 1.37584E+03
 5.43791E+02	 1.37498E+03
 5.43811E+02	 1.37647E+03
 5.43830E+02	 1.37599E+03
 5.43849E+02	 1.37521E+03
 5.43869E+02	 1.37644E+03
 5.43888E+02	 1.37752E+03
 5.43907E+02	 1.37656E+03
 5.43927E+02	 1.37661E+03
 5.43946E+02	 1.37717E+03
 5.43965E+02	 1.37715E+03
 5.43985E+02	 1.37636E+03
 5.44004E+02	 1.37542E+03
 5.44023E+02	 1.37504E+03
 5.44043E+02	 1.37502E+03
 5.44062E+02	 1.37657E+03
 5.44081E+02	 1.37629E+03
 5.44101E+02	 1.37612E+03
 5.44120E+02	 1.37662E+03
 5.44139E+02	 1.37769E+03
 5.44159E+02	 1.37692E+03
 5.44178E+02	 1.37544E+03
 5.44197E+02	 1.37564E+03
 5.44217E+02	 1.37655E+03
 5.44236E+02	 1.37537E+03
 5.44255E+02	 1.37585E+03
 5.44275E+02	 1.37481E+03
 5.44294E+02	 1.37602E+03
 5.44313E+02	 1.37676E+03
 5.44333E+02	 1.37692E+03
 5.44352E+02	 1.37681E+03
 5.44371E+02	 1.37600E+03
 5.44391E+02	 1.37653E+03
 5.44410E+02	 1.37481E+03
 5.44429E+02	 1.37626E+03
 5.44449E+02	 1.37619E+03
 5.44468E+02	 1.37609E+03
 5.44487E+02	 1.37595E+03
 5.44507E+02	 1.37612E+03
 5.44526E+02	 1.37493E+03
 5.44545E+02	 1.37674E+03
 5.44565E+02	 1.37736E+03
 5.44584E+02	 1.37751E+03
 5.44603E+02	 1.37789E+03
 5.44623E+02	 1.37641E+03
 5.44642E+02	 1.37608E+03
 5.44661E+02	 1.37648E+03
 5.44681E+02	 1.37717E+03
 5.44700E+02	 1.37752E+03
 5.44719E+02	 1.37752E+03
 5.44739E+02	 1.37796E+03
 5.44758E+02	 1.37756E+03
 5.44777E+02	 1.37605E+03
 5.44797E+02	 1.37716E+03
 5.44816E+02	 1.37788E+03
 5.44835E+02	 1.37711E+03
 5.44854E+02	 1.37695E+03
 5.44874E+02	 1.37747E+03
 5.44893E+02	 1.37723E+03
 5.44912E+02	 1.37732E+03
 5.44932E+02	 1.37736E+03
 5.44951E+02	 1.37669E+03
 5.44970E+02	 1.37727E+03
 5.44990E+02	 1.37653E+03
 5.45009E+02	 1.37737E+03
 5.45028E+02	 1.37678E+03
 5.45048E+02	 1.37601E+03
 5.45067E+02	 1.37671E+03
 5.45086E+02	 1.37815E+03
 5.45106E+02	 1.37782E+03
 5.45125E+02	 1.37540E+03
 5.45144E+02	 1.37762E+03
 5.45164E+02	 1.37669E+03
 5.45183E+02	 1.37599E+03
 5.45202E+02	 1.37720E+03
 5.45222E+02	 1.37804E+03
 5.45241E+02	 1.37758E+03
 5.45260E+02	 1.37807E+03
 5.45280E+02	 1.37669E+03
 5.45299E+02	 1.37661E+03
 5.45318E+02	 1.37670E+03
 5.45338E+02	 1.37772E+03
 5.45357E+02	 1.37791E+03
 5.45376E+02	 1.37673E+03
 5.45396E+02	 1.37778E+03
 5.45415E+02	 1.37923E+03
 5.45434E+02	 1.37813E+03
 5.45454E+02	 1.37822E+03
 5.45473E+02	 1.37809E+03
 5.45492E+02	 1.37756E+03
 5.45512E+02	 1.37799E+03
 5.45531E+02	 1.37793E+03
 5.45550E+02	 1.37790E+03
 5.45570E+02	 1.37719E+03
 5.45589E+02	 1.37778E+03
 5.45608E+02	 1.37790E+03
 5.45628E+02	 1.37818E+03
 5.45647E+02	 1.37779E+03
 5.45666E+02	 1.37723E+03
 5.45686E+02	 1.37830E+03
 5.45705E+02	 1.37850E+03
 5.45724E+02	 1.37835E+03
 5.45744E+02	 1.37712E+03
 5.45763E+02	 1.37762E+03
 5.45782E+02	 1.37758E+03
 5.45802E+02	 1.37788E+03
 5.45821E+02	 1.37949E+03
 5.45840E+02	 1.37872E+03
 5.45860E+02	 1.37949E+03
 5.45879E+02	 1.37925E+03
 5.45898E+02	 1.37927E+03
 5.45918E+02	 1.37914E+03
 5.45937E+02	 1.37812E+03
 5.45956E+02	 1.37757E+03
 5.45976E+02	 1.37893E+03
 5.45995E+02	 1.37904E+03
 5.46014E+02	 1.37809E+03
 5.46034E+02	 1.37885E+03
 5.46053E+02	 1.37834E+03
 5.46072E+02	 1.37803E+03
 5.46091E+02	 1.37759E+03
 5.46111E+02	 1.37787E+03
 5.46130E+02	 1.37838E+03
 5.46149E+02	 1.37867E+03
 5.46169E+02	 1.37904E+03
 5.46188E+02	 1.37877E+03
 5.46207E+02	 1.37804E+03
 5.46227E+02	 1.37918E+03
 5.46246E+02	 1.37884E+03
 5.46265E+02	 1.37844E+03
 5.46285E+02	 1.37819E+03
 5.46304E+02	 1.37818E+03
 5.46323E+02	 1.37876E+03
 5.46343E+02	 1.37652E+03
 5.46362E+02	 1.37781E+03
 5.46381E+02	 1.37753E+03
 5.46401E+02	 1.37828E+03
 5.46420E+02	 1.37814E+03
 5.46439E+02	 1.37771E+03
 5.46459E+02	 1.37755E+03
 5.46478E+02	 1.37652E+03
 5.46497E+02	 1.37725E+03
 5.46517E+02	 1.37729E+03
 5.46536E+02	 1.37685E+03
 5.46555E+02	 1.37743E+03
 5.46575E+02	 1.37689E+03
 5.46594E+02	 1.37575E+03
 5.46613E+02	 1.37652E+03
 5.46633E+02	 1.37724E+03
 5.46652E+02	 1.37761E+03
 5.46671E+02	 1.37795E+03
 5.46691E+02	 1.37803E+03
 5.46710E+02	 1.37737E+03
 5.46729E+02	 1.37869E+03
 5.46749E+02	 1.37779E+03
 5.46768E+02	 1.37727E+03
 5.46787E+02	 1.37764E+03
 5.46807E+02	 1.37788E+03
 5.46826E+02	 1.37794E+03
 5.46845E+02	 1.37750E+03
 5.46865E+02	 1.37735E+03
 5.46884E+02	 1.37771E+03
 5.46903E+02	 1.37809E+03
 5.46923E+02	 1.37693E+03
 5.46942E+02	 1.37808E+03
 5.46961E+02	 1.37715E+03
 5.46981E+02	 1.37832E+03
 5.47000E+02	 1.37862E+03
 5.47019E+02	 1.37725E+03
 5.47039E+02	 1.37702E+03
 5.47058E+02	 1.37711E+03
 5.47077E+02	 1.37779E+03
 5.47097E+02	 1.37776E+03
 5.47116E+02	 1.37717E+03
 5.47135E+02	 1.37648E+03
 5.47155E+02	 1.37696E+03
 5.47174E+02	 1.37794E+03
 5.47193E+02	 1.37805E+03
 5.47213E+02	 1.37685E+03
 5.47232E+02	 1.37612E+03
 5.47251E+02	 1.37747E+03
 5.47271E+02	 1.37811E+03
 5.47290E+02	 1.37793E+03
 5.47309E+02	 1.37820E+03
 5.47328E+02	 1.37784E+03
 5.47348E+02	 1.37757E+03
 5.47367E+02	 1.37765E+03
 5.47386E+02	 1.37782E+03
 5.47406E+02	 1.37666E+03
 5.47425E+02	 1.37639E+03
 5.47444E+02	 1.37783E+03
 5.47464E+02	 1.37816E+03
 5.47483E+02	 1.37688E+03
 5.47502E+02	 1.37631E+03
 5.47522E+02	 1.37793E+03
 5.47541E+02	 1.37739E+03
 5.47560E+02	 1.37819E+03
 5.47580E+02	 1.37723E+03
 5.47599E+02	 1.37668E+03
 5.47618E+02	 1.37715E+03
 5.47638E+02	 1.37625E+03
 5.47657E+02	 1.37630E+03
 5.47676E+02	 1.37703E+03
 5.47696E+02	 1.37746E+03
 5.47715E+02	 1.37660E+03
 5.47734E+02	 1.37629E+03
 5.47754E+02	 1.37765E+03
 5.47773E+02	 1.37728E+03
 5.47792E+02	 1.37676E+03
 5.47812E+02	 1.37679E+03
 5.47831E+02	 1.37623E+03
 5.47850E+02	 1.37630E+03
 5.47870E+02	 1.37711E+03
 5.47889E+02	 1.37723E+03
 5.47908E+02	 1.37625E+03
 5.47928E+02	 1.37639E+03
 5.47947E+02	 1.37641E+03
 5.47966E+02	 1.37582E+03
 5.47986E+02	 1.37612E+03
 5.48005E+02	 1.37648E+03
 5.48024E+02	 1.37657E+03
 5.48044E+02	 1.37652E+03
 5.48063E+02	 1.37788E+03
 5.48082E+02	 1.37501E+03
 5.48102E+02	 1.37434E+03
 5.48121E+02	 1.37531E+03
 5.48140E+02	 1.37617E+03
 5.48160E+02	 1.37623E+03
 5.48179E+02	 1.37555E+03
 5.48198E+02	 1.37508E+03
 5.48218E+02	 1.37379E+03
 5.48237E+02	 1.37517E+03
 5.48256E+02	 1.37623E+03
 5.48276E+02	 1.37541E+03
 5.48295E+02	 1.37473E+03
 5.48314E+02	 1.37466E+03
 5.48334E+02	 1.37513E+03
 5.48353E+02	 1.37448E+03
 5.48372E+02	 1.37454E+03
 5.48392E+02	 1.37348E+03
 5.48411E+02	 1.37401E+03
 5.48430E+02	 1.37341E+03
 5.48450E+02	 1.37316E+03
 5.48469E+02	 1.37403E+03
 5.48488E+02	 1.37463E+03
 5.48507E+02	 1.37397E+03
 5.48527E+02	 1.37337E+03
 5.48546E+02	 1.37371E+03
 5.48565E+02	 1.37192E+03
 5.48585E+02	 1.37265E+03
 5.48604E+02	 1.37444E+03
 5.48623E+02	 1.37427E+03
 5.48643E+02	 1.37549E+03
 5.48662E+02	 1.37534E+03
 5.48681E+02	 1.37489E+03
 5.48701E+02	 1.37497E+03
 5.48720E+02	 1.37529E+03
 5.48739E+02	 1.37411E+03
 5.48759E+02	 1.37383E+03
 5.48778E+02	 1.37378E+03
 5.48797E+02	 1.37470E+03
 5.48817E+02	 1.37461E+03
 5.48836E+02	 1.37358E+03
 5.48855E+02	 1.37301E+03
 5.48875E+02	 1.37342E+03
 5.48894E+02	 1.37281E+03
 5.48913E+02	 1.37332E+03
 5.48933E+02	 1.37340E+03
 5.48952E+02	 1.37414E+03
 5.48971E+02	 1.37389E+03
 5.48991E+02	 1.37362E+03
 5.49010E+02	 1.37354E+03
 5.49029E+02	 1.37347E+03
 5.49049E+02	 1.37279E+03
 5.49068E+02	 1.37184E+03
 5.49087E+02	 1.37217E+03
 5.49107E+02	 1.37391E+03
 5.49126E+02	 1.37381E+03
 5.49145E+02	 1.37242E+03
 5.49165E+02	 1.37209E+03
 5.49184E+02	 1.37324E+03
 5.49203E+02	 1.37308E+03
 5.49223E+02	 1.37234E+03
 5.49242E+02	 1.37209E+03
 5.49261E+02	 1.37323E+03
 5.49281E+02	 1.37399E+03
 5.49300E+02	 1.37235E+03
 5.49319E+02	 1.37332E+03
 5.49339E+02	 1.37377E+03
 5.49358E+02	 1.37327E+03
 5.49377E+02	 1.37165E+03
 5.49397E+02	 1.37194E+03
 5.49416E+02	 1.37243E+03
 5.49435E+02	 1.37153E+03
 5.49455E+02	 1.37074E+03
 5.49474E+02	 1.37185E+03
 5.49493E+02	 1.37125E+03
 5.49513E+02	 1.37170E+03
 5.49532E+02	 1.37177E+03
 5.49551E+02	 1.37235E+03
 5.49571E+02	 1.37201E+03
 5.49590E+02	 1.37163E+03
 5.49609E+02	 1.37187E+03
 5.49629E+02	 1.37245E+03
 5.49648E+02	 1.37261E+03
 5.49667E+02	 1.37122E+03
 5.49687E+02	 1.37101E+03
 5.49706E+02	 1.37069E+03
 5.49725E+02	 1.37251E+03
 5.49744E+02	 1.37260E+03
 5.49764E+02	 1.37203E+03
 5.49783E+02	 1.37083E+03
 5.49802E+02	 1.37167E+03
 5.49822E+02	 1.37172E+03
 5.49841E+02	 1.37127E+03
 5.49860E+02	 1.37114E+03
 5.49880E+02	 1.37110E+03
 5.49899E+02	 1.37053E+03
 5.49918E+02	 1.37106E+03
 5.49938E+02	 1.37166E+03
 5.49957E+02	 1.37108E+03
 5.49976E+02	 1.37211E+03
 5.49996E+02	 1.37131E+03
 5.50015E+02	 1.37099E+03
 5.50034E+02	 1.37092E+03
 5.50054E+02	 1.37054E+03
 5.50073E+02	 1.37050E+03
 5.50092E+02	 1.37054E+03
 5.50112E+02	 1.37035E+03
 5.50131E+02	 1.37037E+03
 5.50150E+02	 1.37038E+03
 5.50170E+02	 1.37083E+03
 5.50189E+02	 1.37090E+03
 5.50208E+02	 1.37077E+03
 5.50228E+02	 1.37073E+03
 5.50247E+02	 1.37070E+03
 5.50266E+02	 1.37060E+03
 5.50286E+02	 1.37169E+03
 5.50305E+02	 1.37215E+03
 5.50324E+02	 1.37243E+03
 5.50344E+02	 1.37250E+03
 5.50363E+02	 1.37193E+03
 5.50382E+02	 1.37165E+03
 5.50402E+02	 1.37120E+03
 5.50421E+02	 1.37092E+03
 5.50440E+02	 1.37090E+03
 5.50460E+02	 1.37033E+03
 5.50479E+02	 1.37170E+03
 5.50498E+02	 1.37054E+03
 5.50518E+02	 1.37164E+03
 5.50537E+02	 1.37161E+03
 5.50556E+02	 1.37102E+03
 5.50576E+02	 1.37013E+03
 5.50595E+02	 1.36998E+03
 5.50614E+02	 1.37135E+03
 5.50634E+02	 1.37058E+03
 5.50653E+02	 1.37167E+03
 5.50672E+02	 1.36893E+03
 5.50692E+02	 1.36854E+03
 5.50711E+02	 1.37099E+03
 5.50730E+02	 1.37131E+03
 5.50750E+02	 1.37054E+03
 5.50769E+02	 1.37132E+03
 5.50788E+02	 1.37039E+03
 5.50808E+02	 1.37098E+03
 5.50827E+02	 1.36956E+03
 5.50846E+02	 1.36969E+03
 5.50866E+02	 1.36964E+03
 5.50885E+02	 1.36917E+03
 5.50904E+02	 1.37057E+03
 5.50924E+02	 1.37182E+03
 5.50943E+02	 1.37128E+03
 5.50962E+02	 1.37156E+03
 5.50981E+02	 1.37040E+03
 5.51001E+02	 1.37068E+03
 5.51020E+02	 1.37081E+03
 5.51039E+02	 1.37108E+03
 5.51059E+02	 1.37106E+03
 5.51078E+02	 1.36908E+03
 5.51097E+02	 1.37022E+03
 5.51117E+02	 1.37027E+03
 5.51136E+02	 1.37219E+03
 5.51155E+02	 1.37107E+03
 5.51175E+02	 1.37129E+03
 5.51194E+02	 1.37137E+03
 5.51213E+02	 1.37099E+03
 5.51233E+02	 1.37049E+03
 5.51252E+02	 1.37017E+03
 5.51271E+02	 1.36954E+03
 5.51291E+02	 1.37002E+03
 5.51310E+02	 1.37046E+03
 5.51329E+02	 1.37059E+03
 5.51349E+02	 1.37041E+03
 5.51368E+02	 1.37039E+03
 5.51387E+02	 1.37057E+03
 5.51407E+02	 1.37036E+03
 5.51426E+02	 1.36996E+03
 5.51445E+02	 1.37072E+03
 5.51465E+02	 1.37054E+03
 5.51484E+02	 1.37059E+03
 5.51503E+02	 1.37013E+03
 5.51523E+02	 1.37109E+03
 5.51542E+02	 1.37121E+03
 5.51561E+02	 1.37082E+03
 5.51581E+02	 1.37073E+03
 5.51600E+02	 1.37046E+03
 5.51619E+02	 1.37044E+03
 5.51639E+02	 1.37177E+03
 5.51658E+02	 1.37120E+03
 5.51677E+02	 1.37082E+03
 5.51697E+02	 1.37091E+03
 5.51716E+02	 1.37112E+03
 5.51735E+02	 1.37091E+03
 5.51755E+02	 1.37075E+03
 5.51774E+02	 1.37073E+03
 5.51793E+02	 1.36967E+03
 5.51813E+02	 1.37089E+03
 5.51832E+02	 1.36907E+03
 5.51851E+02	 1.37014E+03
 5.51871E+02	 1.37102E+03
 5.51890E+02	 1.37066E+03
 5.51909E+02	 1.37079E+03
 5.51929E+02	 1.37190E+03
 5.51948E+02	 1.36873E+03
 5.51967E+02	 1.37069E+03
 5.51987E+02	 1.37054E+03
 5.52006E+02	 1.37073E+03
 5.52025E+02	 1.37039E+03
 5.52045E+02	 1.37086E+03
 5.52064E+02	 1.37165E+03
 5.52083E+02	 1.37060E+03
 5.52103E+02	 1.36937E+03
 5.52122E+02	 1.37005E+03
 5.52141E+02	 1.37035E+03
 5.52161E+02	 1.37033E+03
 5.52180E+02	 1.37255E+03
 5.52199E+02	 1.37164E+03
 5.52218E+02	 1.37003E+03
 5.52238E+02	 1.37013E+03
 5.52257E+02	 1.37092E+03
 5.52276E+02	 1.37083E+03
 5.52296E+02	 1.37147E+03
 5.52315E+02	 1.37027E+03
 5.52334E+02	 1.37096E+03
 5.52354E+02	 1.37102E+03
 5.52373E+02	 1.37071E+03
 5.52392E+02	 1.37106E+03
 5.52412E+02	 1.37124E+03
 5.52431E+02	 1.37036E+03
 5.52450E+02	 1.37013E+03
 5.52470E+02	 1.37176E+03
 5.52489E+02	 1.37016E+03
 5.52508E+02	 1.37011E+03
 5.52528E+02	 1.37132E+03
 5.52547E+02	 1.37069E+03
 5.52566E+02	 1.37017E+03
 5.52586E+02	 1.37188E+03
 5.52605E+02	 1.37256E+03
 5.52624E+02	 1.36979E+03
 5.52644E+02	 1.37103E+03
 5.52663E+02	 1.37110E+03
 5.52682E+02	 1.37073E+03
 5.52702E+02	 1.37051E+03
 5.52721E+02	 1.37092E+03
 5.52740E+02	 1.37159E+03
 5.52760E+02	 1.37171E+03
 5.52779E+02	 1.36968E+03
 5.52798E+02	 1.36873E+03
 5.52818E+02	 1.37128E+03
 5.52837E+02	 1.36973E+03
 5.52856E+02	 1.36985E+03
 5.52876E+02	 1.36957E+03
 5.52895E+02	 1.37022E+03
 5.52914E+02	 1.37034E+03
 5.52934E+02	 1.37032E+03
 5.52953E+02	 1.37136E+03
 5.52972E+02	 1.37163E+03
 5.52992E+02	 1.37220E+03
 5.53011E+02	 1.37019E+03
 5.53030E+02	 1.36997E+03
 5.53050E+02	 1.37055E+03
 5.53069E+02	 1.37123E+03
 5.53088E+02	 1.37093E+03
 5.53108E+02	 1.37112E+03
 5.53127E+02	 1.37186E+03
 5.53146E+02	 1.37166E+03
 5.53166E+02	 1.36960E+03
 5.53185E+02	 1.37064E+03
 5.53204E+02	 1.36987E+03
 5.53224E+02	 1.36980E+03
 5.53243E+02	 1.37022E+03
 5.53262E+02	 1.37087E+03
 5.53282E+02	 1.37143E+03
 5.53301E+02	 1.37094E+03
 5.53320E+02	 1.37106E+03
 5.53340E+02	 1.37072E+03
 5.53359E+02	 1.37077E+03
 5.53378E+02	 1.37066E+03
 5.53398E+02	 1.36938E+03
 5.53417E+02	 1.36984E+03
 5.53436E+02	 1.37157E+03
 5.53455E+02	 1.37177E+03
 5.53475E+02	 1.37127E+03
 5.53494E+02	 1.37277E+03
 5.53513E+02	 1.37120E+03
 5.53533E+02	 1.37092E+03
 5.53552E+02	 1.36953E+03
 5.53571E+02	 1.37109E+03
 5.53591E+02	 1.37229E+03
 5.53610E+02	 1.37152E+03
 5.53629E+02	 1.37066E+03
 5.53649E+02	 1.37109E+03
 5.53668E+02	 1.37113E+03
 5.53687E+02	 1.36974E+03
 5.53707E+02	 1.37133E+03
 5.53726E+02	 1.37208E+03
 5.53745E+02	 1.37113E+03
 5.53765E+02	 1.37130E+03
 5.53784E+02	 1.37164E+03
 5.53803E+02	 1.37144E+03
 5.53823E+02	 1.37062E+03
 5.53842E+02	 1.37116E+03
 5.53861E+02	 1.37146E+03
 5.53881E+02	 1.37194E+03
 5.53900E+02	 1.37107E+03
 5.53919E+02	 1.37092E+03
 5.53939E+02	 1.37035E+03
 5.53958E+02	 1.36996E+03
 5.53977E+02	 1.37086E+03
 5.53997E+02	 1.37077E+03
 5.54016E+02	 1.37132E+03
 5.54035E+02	 1.37229E+03
 5.54055E+02	 1.37142E+03
 5.54074E+02	 1.37169E+03
 5.54093E+02	 1.37039E+03
 5.54113E+02	 1.37099E+03
 5.54132E+02	 1.37159E+03
 5.54151E+02	 1.37208E+03
 5.54171E+02	 1.37177E+03
 5.54190E+02	 1.37183E+03
 5.54209E+02	 1.37125E+03
 5.54229E+02	 1.37065E+03
 5.54248E+02	 1.37057E+03
 5.54267E+02	 1.37150E+03
 5.54287E+02	 1.37111E+03
 5.54306E+02	 1.37157E+03
 5.54325E+02	 1.37255E+03
 5.54345E+02	 1.37194E+03
 5.54364E+02	 1.36983E+03
 5.54383E+02	 1.37012E+03
 5.54403E+02	 1.37101E+03
 5.54422E+02	 1.37164E+03
 5.54441E+02	 1.37104E+03
 5.54461E+02	 1.37075E+03
 5.54480E+02	 1.37058E+03
 5.54499E+02	 1.37118E+03
 5.54519E+02	 1.37266E+03
 5.54538E+02	 1.37252E+03
 5.54557E+02	 1.37064E+03
 5.54577E+02	 1.37182E+03
 5.54596E+02	 1.37142E+03
 5.54615E+02	 1.37087E+03
 5.54635E+02	 1.37104E+03
 5.54654E+02	 1.37095E+03
 5.54673E+02	 1.37053E+03
 5.54692E+02	 1.37054E+03
 5.54712E+02	 1.37103E+03
 5.54731E+02	 1.37028E+03
 5.54750E+02	 1.37035E+03
 5.54770E+02	 1.37138E+03
 5.54789E+02	 1.37159E+03
 5.54808E+02	 1.37087E+03
 5.54828E+02	 1.37071E+03
 5.54847E+02	 1.37100E+03
 5.54866E+02	 1.37100E+03
 5.54886E+02	 1.37050E+03
 5.54905E+02	 1.37101E+03
 5.54924E+02	 1.37125E+03
 5.54944E+02	 1.37216E+03
 5.54963E+02	 1.37196E+03
 5.54982E+02	 1.37136E+03
 5.55002E+02	 1.37177E+03
 5.55021E+02	 1.37168E+03
 5.55040E+02	 1.37107E+03
 5.55060E+02	 1.37209E+03
 5.55079E+02	 1.37288E+03
 5.55098E+02	 1.36996E+03
 5.55118E+02	 1.37050E+03
 5.55137E+02	 1.37179E+03
 5.55156E+02	 1.36994E+03
 5.55176E+02	 1.37060E+03
 5.55195E+02	 1.37171E+03
 5.55214E+02	 1.37141E+03
 5.55234E+02	 1.37024E+03
 5.55253E+02	 1.36962E+03
 5.55272E+02	 1.37120E+03
 5.55292E+02	 1.37074E+03
 5.55311E+02	 1.37060E+03
 5.55330E+02	 1.37062E+03
 5.55350E+02	 1.37091E+03
 5.55369E+02	 1.37117E+03
 5.55388E+02	 1.37095E+03
 5.55408E+02	 1.37054E+03
 5.55427E+02	 1.37060E+03
 5.55446E+02	 1.36961E+03
 5.55466E+02	 1.36876E+03
 5.55485E+02	 1.37006E+03
 5.55504E+02	 1.37009E+03
 5.55524E+02	 1.36958E+03
 5.55543E+02	 1.36925E+03
 5.55562E+02	 1.37001E+03
 5.55582E+02	 1.37135E+03
 5.55601E+02	 1.37132E+03
 5.55620E+02	 1.37013E+03
 5.55640E+02	 1.36911E+03
 5.55659E+02	 1.36988E+03
 5.55678E+02	 1.37033E+03
 5.55698E+02	 1.37014E+03
 5.55717E+02	 1.37055E+03
 5.55736E+02	 1.37023E+03
 5.55756E+02	 1.36924E+03
 5.55775E+02	 1.36938E+03
 5.55794E+02	 1.37021E+03
 5.55814E+02	 1.37127E+03
 5.55833E+02	 1.37088E+03
 5.55852E+02	 1.37117E+03
 5.55871E+02	 1.37011E+03
 5.55891E+02	 1.36932E+03
 5.55910E+02	 1.36936E+03
 5.55929E+02	 1.37018E+03
 5.55949E+02	 1.37065E+03
 5.55968E+02	 1.36972E+03
 5.55987E+02	 1.36997E+03
 5.56007E+02	 1.37163E+03
 5.56026E+02	 1.36952E+03
 5.56045E+02	 1.37013E+03
 5.56065E+02	 1.36951E+03
 5.56084E+02	 1.36998E+03
 5.56103E+02	 1.37067E+03
 5.56123E+02	 1.37065E+03
 5.56142E+02	 1.37098E+03
 5.56161E+02	 1.37140E+03
 5.56181E+02	 1.37028E+03
 5.56200E+02	 1.36929E+03
 5.56219E+02	 1.37024E+03
 5.56239E+02	 1.36965E+03
 5.56258E+02	 1.37014E+03
 5.56277E+02	 1.37091E+03
 5.56297E+02	 1.37076E+03
 5.56316E+02	 1.37015E+03
 5.56335E+02	 1.37021E+03
 5.56355E+02	 1.37005E+03
 5.56374E+02	 1.36806E+03
 5.56393E+02	 1.37173E+03
 5.56413E+02	 1.37159E+03
 5.56432E+02	 1.37042E+03
 5.56451E+02	 1.36912E+03
 5.56471E+02	 1.36996E+03
 5.56490E+02	 1.37051E+03
 5.56509E+02	 1.36939E+03
 5.56529E+02	 1.37015E+03
 5.56548E+02	 1.37030E+03
 5.56567E+02	 1.36878E+03
 5.56587E+02	 1.37135E+03
 5.56606E+02	 1.37002E+03
 5.56625E+02	 1.37019E+03
 5.56645E+02	 1.37034E+03
 5.56664E+02	 1.37027E+03
 5.56683E+02	 1.37009E+03
 5.56703E+02	 1.36897E+03
 5.56722E+02	 1.37057E+03
 5.56741E+02	 1.37043E+03
 5.56761E+02	 1.37096E+03
 5.56780E+02	 1.36932E+03
 5.56799E+02	 1.36983E+03
 5.56819E+02	 1.37097E+03
 5.56838E+02	 1.37077E+03
 5.56857E+02	 1.36910E+03
 5.56877E+02	 1.36843E+03
 5.56896E+02	 1.37074E+03
 5.56915E+02	 1.36938E+03
 5.56935E+02	 1.37077E+03
 5.56954E+02	 1.36964E+03
 5.56973E+02	 1.37158E+03
 5.56993E+02	 1.37026E+03
 5.57012E+02	 1.36970E+03
 5.57031E+02	 1.37023E+03
 5.57051E+02	 1.36986E+03
 5.57070E+02	 1.36947E+03
 5.57089E+02	 1.37091E+03
 5.57108E+02	 1.36962E+03
 5.57128E+02	 1.36886E+03
 5.57147E+02	 1.36980E+03
 5.57166E+02	 1.36861E+03
 5.57186E+02	 1.37074E+03
 5.57205E+02	 1.37149E+03
 5.57224E+02	 1.37008E+03
 5.57244E+02	 1.36983E+03
 5.57263E+02	 1.37089E+03
 5.57282E+02	 1.37034E+03
 5.57302E+02	 1.36745E+03
 5.57321E+02	 1.36842E+03
 5.57340E+02	 1.36947E+03
 5.57360E+02	 1.36940E+03
 5.57379E+02	 1.36992E+03
 5.57398E+02	 1.36924E+03
 5.57418E+02	 1.36879E+03
 5.57437E+02	 1.37009E+03
 5.57456E+02	 1.36946E+03
 5.57476E+02	 1.36756E+03
 5.57495E+02	 1.36865E+03
 5.57514E+02	 1.36838E+03
 5.57534E+02	 1.36891E+03
 5.57553E+02	 1.36847E+03
 5.57572E+02	 1.36902E+03
 5.57592E+02	 1.36995E+03
 5.57611E+02	 1.37010E+03
 5.57630E+02	 1.36958E+03
 5.57650E+02	 1.36862E+03
 5.57669E+02	 1.36891E+03
 5.57688E+02	 1.37042E+03
 5.57708E+02	 1.36978E+03
 5.57727E+02	 1.36966E+03
 5.57746E+02	 1.37003E+03
 5.57766E+02	 1.36898E+03
 5.57785E+02	 1.36821E+03
 5.57804E+02	 1.36837E+03
 5.57824E+02	 1.36792E+03
 5.57843E+02	 1.36845E+03
 5.57862E+02	 1.36865E+03
 5.57882E+02	 1.36875E+03
 5.57901E+02	 1.36834E+03
 5.57920E+02	 1.36844E+03
 5.57940E+02	 1.36913E+03
 5.57959E+02	 1.36882E+03
 5.57978E+02	 1.36905E+03
 5.57998E+02	 1.37005E+03
 5.58017E+02	 1.36904E+03
 5.58036E+02	 1.36816E+03
 5.58056E+02	 1.36783E+03
 5.58075E+02	 1.36755E+03
 5.58094E+02	 1.36830E+03
 5.58114E+02	 1.36775E+03
 5.58133E+02	 1.36694E+03
 5.58152E+02	 1.36759E+03
 5.58172E+02	 1.36799E+03
 5.58191E+02	 1.36732E+03
 5.58210E+02	 1.36804E+03
 5.58230E+02	 1.36950E+03
 5.58249E+02	 1.36845E+03
 5.58268E+02	 1.37000E+03
 5.58288E+02	 1.36815E+03
 5.58307E+02	 1.36890E+03
 5.58326E+02	 1.36837E+03
 5.58345E+02	 1.36809E+03
 5.58365E+02	 1.36814E+03
 5.58384E+02	 1.36745E+03
 5.58403E+02	 1.36783E+03
 5.58423E+02	 1.36781E+03
 5.58442E+02	 1.36776E+03
 5.58461E+02	 1.36824E+03
 5.58481E+02	 1.36856E+03
 5.58500E+02	 1.36951E+03
 5.58519E+02	 1.36879E+03
 5.58539E+02	 1.36826E+03
 5.58558E+02	 1.36921E+03
 5.58577E+02	 1.36966E+03
 5.58597E+02	 1.36821E+03
 5.58616E+02	 1.36797E+03
 5.58635E+02	 1.36840E+03
 5.58655E+02	 1.36675E+03
 5.58674E+02	 1.36907E+03
 5.58693E+02	 1.36771E+03
 5.58713E+02	 1.36774E+03
 5.58732E+02	 1.36863E+03
 5.58751E+02	 1.36891E+03
 5.58771E+02	 1.36810E+03
 5.58790E+02	 1.36611E+03
 5.58809E+02	 1.36821E+03
 5.58829E+02	 1.36850E+03
 5.58848E+02	 1.36633E+03
 5.58867E+02	 1.36702E+03
 5.58887E+02	 1.36732E+03
 5.58906E+02	 1.36735E+03
 5.58925E+02	 1.36683E+03
 5.58945E+02	 1.36717E+03
 5.58964E+02	 1.36772E+03
 5.58983E+02	 1.36473E+03
 5.59003E+02	 1.36666E+03
 5.59022E+02	 1.36876E+03
 5.59041E+02	 1.36589E+03
 5.59061E+02	 1.36761E+03
 5.59080E+02	 1.36631E+03
 5.59099E+02	 1.36711E+03
 5.59119E+02	 1.36697E+03
 5.59138E+02	 1.36648E+03
 5.59157E+02	 1.36743E+03
 5.59177E+02	 1.36742E+03
 5.59196E+02	 1.36695E+03
 5.59215E+02	 1.36700E+03
 5.59235E+02	 1.36733E+03
 5.59254E+02	 1.36581E+03
 5.59273E+02	 1.36649E+03
 5.59293E+02	 1.36756E+03
 5.59312E+02	 1.36751E+03
 5.59331E+02	 1.36658E+03
 5.59351E+02	 1.36635E+03
 5.59370E+02	 1.36610E+03
 5.59389E+02	 1.36544E+03
 5.59409E+02	 1.36635E+03
 5.59428E+02	 1.36734E+03
 5.59447E+02	 1.36744E+03
 5.59467E+02	 1.36673E+03
 5.59486E+02	 1.36718E+03
 5.59505E+02	 1.36702E+03
 5.59525E+02	 1.36574E+03
 5.59544E+02	 1.36505E+03
 5.59563E+02	 1.36585E+03
 5.59582E+02	 1.36644E+03
 5.59602E+02	 1.36682E+03
 5.59621E+02	 1.36773E+03
 5.59640E+02	 1.36804E+03
 5.59660E+02	 1.36608E+03
 5.59679E+02	 1.36573E+03
 5.59698E+02	 1.36552E+03
 5.59718E+02	 1.36484E+03
 5.59737E+02	 1.36528E+03
 5.59756E+02	 1.36652E+03
 5.59776E+02	 1.36587E+03
 5.59795E+02	 1.36547E+03
 5.59814E+02	 1.36638E+03
 5.59834E+02	 1.36553E+03
 5.59853E+02	 1.36573E+03
 5.59872E+02	 1.36654E+03
 5.59892E+02	 1.36630E+03
 5.59911E+02	 1.36629E+03
 5.59930E+02	 1.36658E+03
 5.59950E+02	 1.36654E+03
 5.59969E+02	 1.36574E+03
 5.59988E+02	 1.36601E+03
 5.60008E+02	 1.36588E+03
 5.60027E+02	 1.36664E+03
 5.60046E+02	 1.36704E+03
 5.60066E+02	 1.36688E+03
 5.60085E+02	 1.36649E+03
 5.60104E+02	 1.36619E+03
 5.60124E+02	 1.36543E+03
 5.60143E+02	 1.36578E+03
 5.60162E+02	 1.36719E+03
 5.60182E+02	 1.36588E+03
 5.60201E+02	 1.36674E+03
 5.60220E+02	 1.36622E+03
 5.60240E+02	 1.36506E+03
 5.60259E+02	 1.36558E+03
 5.60278E+02	 1.36522E+03
 5.60298E+02	 1.36435E+03
 5.60317E+02	 1.36437E+03
 5.60336E+02	 1.36492E+03
 5.60356E+02	 1.36617E+03
 5.60375E+02	 1.36649E+03
 5.60394E+02	 1.36602E+03
 5.60414E+02	 1.36454E+03
 5.60433E+02	 1.36541E+03
 5.60452E+02	 1.36441E+03
 5.60472E+02	 1.36444E+03
 5.60491E+02	 1.36540E+03
 5.60510E+02	 1.36510E+03
 5.60530E+02	 1.36432E+03
 5.60549E+02	 1.36478E+03
 5.60568E+02	 1.36438E+03
 5.60588E+02	 1.36676E+03
 5.60607E+02	 1.36604E+03
 5.60626E+02	 1.36595E+03
 5.60646E+02	 1.36568E+03
 5.60665E+02	 1.36553E+03
 5.60684E+02	 1.36584E+03
 5.60704E+02	 1.36573E+03
 5.60723E+02	 1.36512E+03
 5.60742E+02	 1.36475E+03
 5.60762E+02	 1.36516E+03
 5.60781E+02	 1.36535E+03
 5.60800E+02	 1.36642E+03
 5.60819E+02	 1.36523E+03
 5.60839E+02	 1.36508E+03
 5.60858E+02	 1.36422E+03
 5.60877E+02	 1.36399E+03
 5.60897E+02	 1.36459E+03
 5.60916E+02	 1.36466E+03
 5.60935E+02	 1.36452E+03
 5.60955E+02	 1.36457E+03
 5.60974E+02	 1.36468E+03
 5.60993E+02	 1.36388E+03
 5.61013E+02	 1.36451E+03
 5.61032E+02	 1.36370E+03
 5.61051E+02	 1.36433E+03
 5.61071E+02	 1.36569E+03
 5.61090E+02	 1.36548E+03
 5.61109E+02	 1.36385E+03
 5.61129E+02	 1.36426E+03
 5.61148E+02	 1.36571E+03
 5.61167E+02	 1.36435E+03
 5.61187E+02	 1.36524E+03
 5.61206E+02	 1.36414E+03
 5.61225E+02	 1.36409E+03
 5.61245E+02	 1.36372E+03
 5.61264E+02	 1.36434E+03
 5.61283E+02	 1.36421E+03
 5.61303E+02	 1.36354E+03
 5.61322E+02	 1.36377E+03
 5.61341E+02	 1.36417E+03
 5.61361E+02	 1.36407E+03
 5.61380E+02	 1.36355E+03
 5.61399E+02	 1.36242E+03
 5.61419E+02	 1.36372E+03
 5.61438E+02	 1.36325E+03
 5.61457E+02	 1.36378E+03
 5.61477E+02	 1.36298E+03
 5.61496E+02	 1.36291E+03
 5.61515E+02	 1.36351E+03
 5.61535E+02	 1.36359E+03
 5.61554E+02	 1.36252E+03
 5.61573E+02	 1.36228E+03
 5.61593E+02	 1.36314E+03
 5.61612E+02	 1.36390E+03
 5.61631E+02	 1.36516E+03
 5.61651E+02	 1.36495E+03
 5.61670E+02	 1.36391E+03
 5.61689E+02	 1.36402E+03
 5.61709E+02	 1.36430E+03
 5.61728E+02	 1.36380E+03
 5.61747E+02	 1.36224E+03
 5.61767E+02	 1.36273E+03
 5.61786E+02	 1.36227E+03
 5.61805E+02	 1.36349E+03
 5.61825E+02	 1.36309E+03
 5.61844E+02	 1.36298E+03
 5.61863E+02	 1.36287E+03
 5.61883E+02	 1.36230E+03
 5.61902E+02	 1.36241E+03
 5.61921E+02	 1.36319E+03
 5.61941E+02	 1.36326E+03
 5.61960E+02	 1.36376E+03
 5.61979E+02	 1.36318E+03
 5.61999E+02	 1.36401E+03
 5.62018E+02	 1.36399E+03
 5.62037E+02	 1.36411E+03
 5.62056E+02	 1.36246E+03
 5.62076E+02	 1.36220E+03
 5.62095E+02	 1.36359E+03
 5.62114E+02	 1.36301E+03
 5.62134E+02	 1.36276E+03
 5.62153E+02	 1.36301E+03
 5.62172E+02	 1.36318E+03
 5.62192E+02	 1.36387E+03
 5.62211E+02	 1.36370E+03
 5.62230E+02	 1.36322E+03
 5.62250E+02	 1.36411E+03
 5.62269E+02	 1.36413E+03
 5.62288E+02	 1.36555E+03
 5.62308E+02	 1.36437E+03
 5.62327E+02	 1.36272E+03
 5.62346E+02	 1.36284E+03
 5.62366E+02	 1.36382E+03
 5.62385E+02	 1.36329E+03
 5.62404E+02	 1.36209E+03
 5.62424E+02	 1.36437E+03
 5.62443E+02	 1.36230E+03
 5.62462E+02	 1.36356E+03
 5.62482E+02	 1.36325E+03
 5.62501E+02	 1.36132E+03
 5.62520E+02	 1.36195E+03
 5.62540E+02	 1.36349E+03
 5.62559E+02	 1.36364E+03
 5.62578E+02	 1.36351E+03
 5.62598E+02	 1.36311E+03
 5.62617E+02	 1.36365E+03
 5.62636E+02	 1.36260E+03
 5.62656E+02	 1.36221E+03
 5.62675E+02	 1.36382E+03
 5.62694E+02	 1.36267E+03
 5.62714E+02	 1.36243E+03
 5.62733E+02	 1.36281E+03
 5.62752E+02	 1.36326E+03
 5.62772E+02	 1.36310E+03
 5.62791E+02	 1.36301E+03
 5.62810E+02	 1.36271E+03
 5.62830E+02	 1.36346E+03
 5.62849E+02	 1.36464E+03
 5.62868E+02	 1.36296E+03
 5.62888E+02	 1.36285E+03
 5.62907E+02	 1.36284E+03
 5.62926E+02	 1.36276E+03
 5.62946E+02	 1.36237E+03
 5.62965E+02	 1.36284E+03
 5.62984E+02	 1.36300E+03
 5.63004E+02	 1.36241E+03
 5.63023E+02	 1.36193E+03
 5.63042E+02	 1.36254E+03
 5.63062E+02	 1.36374E+03
 5.63081E+02	 1.36420E+03
 5.63100E+02	 1.36303E+03
 5.63120E+02	 1.36213E+03
 5.63139E+02	 1.36247E+03
 5.63158E+02	 1.36255E+03
 5.63178E+02	 1.36276E+03
 5.63197E+02	 1.36295E+03
 5.63216E+02	 1.36297E+03
 5.63235E+02	 1.36277E+03
 5.63255E+02	 1.36233E+03
 5.63274E+02	 1.36425E+03
 5.63293E+02	 1.36221E+03
 5.63313E+02	 1.36301E+03
 5.63332E+02	 1.36280E+03
 5.63351E+02	 1.36333E+03
 5.63371E+02	 1.36332E+03
 5.63390E+02	 1.36317E+03
 5.63409E+02	 1.36332E+03
 5.63429E+02	 1.36364E+03
 5.63448E+02	 1.36229E+03
 5.63467E+02	 1.36126E+03
 5.63487E+02	 1.36249E+03
 5.63506E+02	 1.36164E+03
 5.63525E+02	 1.36198E+03
 5.63545E+02	 1.36269E+03
 5.63564E+02	 1.36233E+03
 5.63583E+02	 1.36237E+03
 5.63603E+02	 1.36143E+03
 5.63622E+02	 1.36170E+03
 5.63641E+02	 1.36300E+03
 5.63661E+02	 1.36278E+03
 5.63680E+02	 1.36171E+03
 5.63699E+02	 1.36327E+03
 5.63719E+02	 1.36221E+03
 5.63738E+02	 1.36252E+03
 5.63757E+02	 1.36261E+03
 5.63777E+02	 1.36124E+03
 5.63796E+02	 1.36135E+03
 5.63815E+02	 1.36275E+03
 5.63835E+02	 1.36279E+03
 5.63854E+02	 1.36181E+03
 5.63873E+02	 1.36133E+03
 5.63893E+02	 1.36170E+03
 5.63912E+02	 1.36215E+03
 5.63931E+02	 1.36216E+03
 5.63951E+02	 1.36221E+03
 5.63970E+02	 1.36152E+03
 5.63989E+02	 1.36225E+03
 5.64009E+02	 1.36248E+03
 5.64028E+02	 1.36230E+03
 5.64047E+02	 1.36279E+03
 5.64067E+02	 1.36310E+03
 5.64086E+02	 1.36230E+03
 5.64105E+02	 1.36136E+03
 5.64125E+02	 1.36162E+03
 5.64144E+02	 1.36167E+03
 5.64163E+02	 1.36200E+03
 5.64183E+02	 1.36274E+03
 5.64202E+02	 1.36187E+03
 5.64221E+02	 1.36247E+03
 5.64241E+02	 1.36348E+03
 5.64260E+02	 1.36301E+03
 5.64279E+02	 1.36154E+03
 5.64299E+02	 1.36108E+03
 5.64318E+02	 1.36156E+03
 5.64337E+02	 1.36249E+03
 5.64357E+02	 1.36180E+03
 5.64376E+02	 1.36111E+03
 5.64395E+02	 1.36199E+03
 5.64415E+02	 1.36174E+03
 5.64434E+02	 1.36053E+03
 5.64453E+02	 1.36096E+03
 5.64472E+02	 1.36145E+03
 5.64492E+02	 1.36102E+03
 5.64511E+02	 1.36087E+03
 5.64530E+02	 1.36137E+03
 5.64550E+02	 1.36102E+03
 5.64569E+02	 1.36212E+03
 5.64588E+02	 1.36286E+03
 5.64608E+02	 1.36197E+03
 5.64627E+02	 1.36131E+03
 5.64646E+02	 1.36132E+03
 5.64666E+02	 1.36131E+03
 5.64685E+02	 1.36158E+03
 5.64704E+02	 1.36093E+03
 5.64724E+02	 1.36241E+03
 5.64743E+02	 1.36167E+03
 5.64762E+02	 1.36125E+03
 5.64782E+02	 1.36185E+03
 5.64801E+02	 1.36131E+03
 5.64820E+02	 1.36088E+03
 5.64840E+02	 1.36118E+03
 5.64859E+02	 1.36118E+03
 5.64878E+02	 1.36244E+03
 5.64898E+02	 1.36282E+03
 5.64917E+02	 1.36193E+03
 5.64936E+02	 1.36066E+03
 5.64956E+02	 1.36094E+03
 5.64975E+02	 1.36133E+03
 5.64994E+02	 1.36168E+03
 5.65014E+02	 1.36277E+03
 5.65033E+02	 1.36262E+03
 5.65052E+02	 1.36199E+03
 5.65072E+02	 1.36160E+03
 5.65091E+02	 1.36211E+03
 5.65110E+02	 1.36076E+03
 5.65130E+02	 1.36002E+03
 5.65149E+02	 1.36110E+03
 5.65168E+02	 1.36148E+03
 5.65188E+02	 1.36051E+03
 5.65207E+02	 1.36120E+03
 5.65226E+02	 1.36133E+03
 5.65246E+02	 1.36170E+03
 5.65265E+02	 1.36155E+03
 5.65284E+02	 1.36164E+03
 5.65304E+02	 1.36034E+03
 5.65323E+02	 1.35985E+03
 5.65342E+02	 1.36069E+03
 5.65362E+02	 1.36146E+03
 5.65381E+02	 1.36234E+03
 5.65400E+02	 1.36160E+03
 5.65420E+02	 1.36140E+03
 5.65439E+02	 1.36134E+03
 5.65458E+02	 1.36171E+03
 5.65478E+02	 1.36131E+03
 5.65497E+02	 1.36129E+03
 5.65516E+02	 1.36123E+03
 5.65536E+02	 1.36082E+03
 5.65555E+02	 1.36139E+03
 5.65574E+02	 1.36164E+03
 5.65594E+02	 1.36097E+03
 5.65613E+02	 1.36088E+03
 5.65632E+02	 1.36096E+03
 5.65652E+02	 1.36037E+03
 5.65671E+02	 1.36139E+03
 5.65690E+02	 1.36134E+03
 5.65709E+02	 1.36107E+03
 5.65729E+02	 1.36147E+03
 5.65748E+02	 1.36144E+03
 5.65767E+02	 1.36095E+03
 5.65787E+02	 1.36100E+03
 5.65806E+02	 1.36143E+03
 5.65825E+02	 1.36145E+03
 5.65845E+02	 1.36208E+03
 5.65864E+02	 1.36147E+03
 5.65883E+02	 1.36115E+03
 5.65903E+02	 1.36228E+03
 5.65922E+02	 1.36176E+03
 5.65941E+02	 1.36028E+03
 5.65961E+02	 1.36236E+03
 5.65980E+02	 1.36161E+03
 5.65999E+02	 1.36119E+03
 5.66019E+02	 1.36146E+03
 5.66038E+02	 1.36154E+03
 5.66057E+02	 1.36147E+03
 5.66077E+02	 1.36164E+03
 5.66096E+02	 1.36091E+03
 5.66115E+02	 1.36068E+03
 5.66135E+02	 1.36103E+03
 5.66154E+02	 1.36120E+03
 5.66173E+02	 1.36063E+03
 5.66193E+02	 1.36116E+03
 5.66212E+02	 1.36022E+03
 5.66231E+02	 1.36048E+03
 5.66251E+02	 1.36111E+03
 5.66270E+02	 1.36083E+03
 5.66289E+02	 1.36110E+03
 5.66309E+02	 1.36153E+03
 5.66328E+02	 1.36182E+03
 5.66347E+02	 1.36230E+03
 5.66367E+02	 1.36220E+03
 5.66386E+02	 1.36118E+03
 5.66405E+02	 1.36117E+03
 5.66425E+02	 1.36187E+03
 5.66444E+02	 1.36154E+03
 5.66463E+02	 1.36095E+03
 5.66483E+02	 1.36128E+03
 5.66502E+02	 1.36158E+03
 5.66521E+02	 1.36121E+03
 5.66541E+02	 1.36120E+03
 5.66560E+02	 1.36179E+03
 5.66579E+02	 1.36147E+03
 5.66599E+02	 1.36186E+03
 5.66618E+02	 1.36052E+03
 5.66637E+02	 1.36150E+03
 5.66657E+02	 1.36144E+03
 5.66676E+02	 1.36138E+03
 5.66695E+02	 1.36021E+03
 5.66715E+02	 1.36070E+03
 5.66734E+02	 1.36120E+03
 5.66753E+02	 1.36161E+03
 5.66773E+02	 1.36111E+03
 5.66792E+02	 1.36115E+03
 5.66811E+02	 1.36192E+03
 5.66831E+02	 1.36131E+03
 5.66850E+02	 1.35970E+03
 5.66869E+02	 1.36059E+03
 5.66889E+02	 1.36188E+03
 5.66908E+02	 1.36204E+03
 5.66927E+02	 1.36183E+03
 5.66946E+02	 1.36134E+03
 5.66966E+02	 1.36086E+03
 5.66985E+02	 1.36089E+03
 5.67004E+02	 1.36080E+03
 5.67024E+02	 1.36003E+03
 5.67043E+02	 1.36034E+03
 5.67062E+02	 1.36136E+03
 5.67082E+02	 1.36149E+03
 5.67101E+02	 1.36099E+03
 5.67120E+02	 1.36170E+03
 5.67140E+02	 1.36053E+03
 5.67159E+02	 1.36098E+03
 5.67178E+02	 1.36177E+03
 5.67198E+02	 1.36127E+03
 5.67217E+02	 1.36057E+03
 5.67236E+02	 1.36055E+03
 5.67256E+02	 1.36181E+03
 5.67275E+02	 1.36107E+03
 5.67294E+02	 1.36071E+03
 5.67314E+02	 1.36097E+03
 5.67333E+02	 1.36101E+03
 5.67352E+02	 1.36087E+03
 5.67372E+02	 1.36092E+03
 5.67391E+02	 1.36131E+03
 5.67410E+02	 1.36108E+03
 5.67430E+02	 1.36055E+03
 5.67449E+02	 1.36109E+03
 5.67468E+02	 1.36102E+03
 5.67488E+02	 1.36103E+03
 5.67507E+02	 1.36104E+03
 5.67526E+02	 1.36080E+03
 5.67546E+02	 1.36058E+03
 5.67565E+02	 1.36055E+03
 5.67584E+02	 1.36104E+03
 5.67604E+02	 1.36123E+03
 5.67623E+02	 1.36098E+03
 5.67642E+02	 1.36037E+03
 5.67662E+02	 1.35992E+03
 5.67681E+02	 1.36068E+03
 5.67700E+02	 1.36011E+03
 5.67720E+02	 1.36019E+03
 5.67739E+02	 1.36088E+03
 5.67758E+02	 1.36103E+03
 5.67778E+02	 1.36081E+03
 5.67797E+02	 1.36094E+03
 5.67816E+02	 1.36186E+03
 5.67836E+02	 1.36120E+03
 5.67855E+02	 1.36022E+03
 5.67874E+02	 1.36044E+03
 5.67894E+02	 1.36012E+03
 5.67913E+02	 1.35975E+03
 5.67932E+02	 1.36035E+03
 5.67952E+02	 1.36124E+03
 5.67971E+02	 1.36107E+03
 5.67990E+02	 1.36049E+03
 5.68010E+02	 1.36022E+03
 5.68029E+02	 1.35956E+03
 5.68048E+02	 1.35999E+03
 5.68068E+02	 1.35983E+03
 5.68087E+02	 1.36052E+03
 5.68106E+02	 1.36056E+03
 5.68126E+02	 1.36027E+03
 5.68145E+02	 1.36052E+03
 5.68164E+02	 1.36099E+03
 5.68183E+02	 1.36103E+03
 5.68203E+02	 1.36110E+03
 5.68222E+02	 1.36091E+03
 5.68241E+02	 1.36115E+03
 5.68261E+02	 1.36113E+03
 5.68280E+02	 1.36044E+03
 5.68299E+02	 1.36098E+03
 5.68319E+02	 1.36120E+03
 5.68338E+02	 1.36098E+03
 5.68357E+02	 1.36165E+03
 5.68377E+02	 1.36122E+03
 5.68396E+02	 1.36009E+03
 5.68415E+02	 1.36087E+03
 5.68435E+02	 1.36083E+03
 5.68454E+02	 1.36094E+03
 5.68473E+02	 1.36087E+03
 5.68493E+02	 1.36045E+03
 5.68512E+02	 1.36092E+03
 5.68531E+02	 1.36177E+03
 5.68551E+02	 1.36192E+03
 5.68570E+02	 1.36123E+03
 5.68589E+02	 1.36151E+03
 5.68609E+02	 1.36125E+03
 5.68628E+02	 1.36054E+03
 5.68647E+02	 1.36030E+03
 5.68667E+02	 1.35974E+03
 5.68686E+02	 1.36006E+03
 5.68705E+02	 1.36110E+03
 5.68725E+02	 1.36166E+03
 5.68744E+02	 1.36192E+03
 5.68763E+02	 1.36155E+03
 5.68783E+02	 1.36119E+03
 5.68802E+02	 1.36129E+03
 5.68821E+02	 1.36188E+03
 5.68841E+02	 1.36189E+03
 5.68860E+02	 1.36027E+03
 5.68879E+02	 1.36030E+03
 5.68899E+02	 1.36083E+03
 5.68918E+02	 1.36023E+03
 5.68937E+02	 1.36000E+03
 5.68957E+02	 1.36028E+03
 5.68976E+02	 1.36030E+03
 5.68995E+02	 1.35937E+03
 5.69015E+02	 1.36067E+03
 5.69034E+02	 1.36095E+03
 5.69053E+02	 1.36062E+03
 5.69073E+02	 1.36097E+03
 5.69092E+02	 1.36019E+03
 5.69111E+02	 1.35905E+03
 5.69131E+02	 1.35973E+03
 5.69150E+02	 1.36180E+03
 5.69169E+02	 1.36093E+03
 5.69189E+02	 1.36092E+03
 5.69208E+02	 1.35977E+03
 5.69227E+02	 1.36068E+03
 5.69247E+02	 1.36014E+03
 5.69266E+02	 1.36126E+03
 5.69285E+02	 1.36088E+03
 5.69305E+02	 1.36013E+03
 5.69324E+02	 1.36066E+03
 5.69343E+02	 1.36159E+03
 5.69362E+02	 1.36104E+03
 5.69382E+02	 1.36055E+03
 5.69401E+02	 1.36105E+03
 5.69420E+02	 1.36147E+03
 5.69440E+02	 1.36037E+03
 5.69459E+02	 1.36067E+03
 5.69478E+02	 1.36106E+03
 5.69498E+02	 1.36052E+03
 5.69517E+02	 1.35999E+03
 5.69536E+02	 1.36073E+03
 5.69556E+02	 1.36156E+03
 5.69575E+02	 1.35938E+03
 5.69594E+02	 1.36055E+03
 5.69614E+02	 1.36177E+03
 5.69633E+02	 1.36101E+03
 5.69652E+02	 1.36139E+03
 5.69672E+02	 1.36066E+03
 5.69691E+02	 1.36124E+03
 5.69710E+02	 1.36043E+03
 5.69730E+02	 1.36065E+03
 5.69749E+02	 1.36131E+03
 5.69768E+02	 1.36154E+03
 5.69788E+02	 1.36089E+03
 5.69807E+02	 1.36107E+03
 5.69826E+02	 1.36086E+03
 5.69846E+02	 1.36020E+03
 5.69865E+02	 1.36002E+03
 5.69884E+02	 1.36041E+03
 5.69904E+02	 1.36119E+03
 5.69923E+02	 1.36085E+03
 5.69942E+02	 1.36024E+03
 5.69962E+02	 1.36093E+03
 5.69981E+02	 1.36014E+03
 5.70000E+02	 1.35931E+03
 5.70020E+02	 1.36003E+03
 5.70039E+02	 1.36018E+03
 5.70058E+02	 1.36006E+03
 5.70078E+02	 1.36088E+03
 5.70097E+02	 1.36098E+03
 5.70116E+02	 1.36054E+03
 5.70136E+02	 1.36114E+03
 5.70155E+02	 1.36150E+03
 5.70174E+02	 1.36081E+03
 5.70194E+02	 1.36126E+03
 5.70213E+02	 1.36020E+03
 5.70232E+02	 1.36004E+03
 5.70252E+02	 1.36046E+03
 5.70271E+02	 1.36106E+03
 5.70290E+02	 1.36023E+03
 5.70310E+02	 1.35933E+03
 5.70329E+02	 1.36005E+03
 5.70348E+02	 1.36119E+03
 5.70368E+02	 1.36090E+03
 5.70387E+02	 1.36077E+03
 5.70406E+02	 1.35915E+03
 5.70426E+02	 1.35961E+03
 5.70445E+02	 1.36015E+03
 5.70464E+02	 1.36060E+03
 5.70484E+02	 1.36146E+03
 5.70503E+02	 1.36130E+03
 5.70522E+02	 1.36134E+03
 5.70542E+02	 1.36170E+03
 5.70561E+02	 1.36135E+03
 5.70580E+02	 1.36059E+03
 5.70599E+02	 1.36002E+03
 5.70619E+02	 1.36063E+03
 5.70638E+02	 1.36056E+03
 5.70657E+02	 1.36050E+03
 5.70677E+02	 1.36079E+03
 5.70696E+02	 1.36069E+03
 5.70715E+02	 1.36022E+03
 5.70735E+02	 1.36065E+03
 5.70754E+02	 1.36112E+03
 5.70773E+02	 1.36079E+03
 5.70793E+02	 1.35984E+03
 5.70812E+02	 1.36025E+03
 5.70831E+02	 1.36082E+03
 5.70851E+02	 1.35893E+03
 5.70870E+02	 1.36074E+03
 5.70889E+02	 1.36115E+03
 5.70909E+02	 1.36142E+03
 5.70928E+02	 1.36165E+03
 5.70947E+02	 1.36046E+03
 5.70967E+02	 1.36062E+03
 5.70986E+02	 1.36244E+03
 5.71005E+02	 1.36137E+03
 5.71025E+02	 1.36095E+03
 5.71044E+02	 1.36093E+03
 5.71063E+02	 1.36097E+03
 5.71083E+02	 1.36032E+03
 5.71102E+02	 1.36034E+03
 5.71121E+02	 1.36105E+03
 5.71141E+02	 1.36104E+03
 5.71160E+02	 1.36073E+03
 5.71179E+02	 1.36114E+03
 5.71199E+02	 1.35983E+03
 5.71218E+02	 1.36123E+03
 5.71237E+02	 1.35963E+03
 5.71257E+02	 1.36142E+03
 5.71276E+02	 1.36080E+03
 5.71295E+02	 1.36045E+03
 5.71315E+02	 1.36078E+03
 5.71334E+02	 1.36120E+03
 5.71353E+02	 1.36070E+03
 5.71373E+02	 1.35997E+03
 5.71392E+02	 1.36080E+03
 5.71411E+02	 1.36111E+03
 5.71431E+02	 1.36148E+03
 5.71450E+02	 1.35950E+03
 5.71469E+02	 1.36047E+03
 5.71489E+02	 1.36103E+03
 5.71508E+02	 1.36057E+03
 5.71527E+02	 1.36042E+03
 5.71547E+02	 1.36125E+03
 5.71566E+02	 1.36185E+03
 5.71585E+02	 1.36135E+03
 5.71605E+02	 1.36055E+03
 5.71624E+02	 1.36043E+03
 5.71643E+02	 1.36144E+03
 5.71663E+02	 1.36063E+03
 5.71682E+02	 1.36117E+03
 5.71701E+02	 1.36083E+03
 5.71721E+02	 1.36100E+03
 5.71740E+02	 1.36130E+03
 5.71759E+02	 1.36160E+03
 5.71779E+02	 1.36207E+03
 5.71798E+02	 1.36191E+03
 5.71817E+02	 1.36141E+03
 5.71836E+02	 1.36213E+03
 5.71856E+02	 1.36298E+03
 5.71875E+02	 1.36188E+03
 5.71894E+02	 1.36171E+03
 5.71914E+02	 1.36184E+03
 5.71933E+02	 1.36124E+03
 5.71952E+02	 1.36057E+03
 5.71972E+02	 1.36068E+03
 5.71991E+02	 1.36082E+03
 5.72010E+02	 1.36149E+03
 5.72030E+02	 1.36206E+03
 5.72049E+02	 1.36263E+03
 5.72068E+02	 1.36188E+03
 5.72088E+02	 1.36204E+03
 5.72107E+02	 1.36317E+03
 5.72126E+02	 1.36099E+03
 5.72146E+02	 1.36105E+03
 5.72165E+02	 1.36074E+03
 5.72184E+02	 1.36073E+03
 5.72204E+02	 1.36168E+03
 5.72223E+02	 1.36078E+03
 5.72242E+02	 1.36205E+03
 5.72262E+02	 1.36260E+03
 5.72281E+02	 1.36134E+03
 5.72300E+02	 1.36120E+03
 5.72320E+02	 1.36124E+03
 5.72339E+02	 1.36184E+03
 5.72358E+02	 1.36166E+03
 5.72378E+02	 1.36147E+03
 5.72397E+02	 1.36220E+03
 5.72416E+02	 1.36239E+03
 5.72436E+02	 1.36185E+03
 5.72455E+02	 1.36338E+03
 5.72474E+02	 1.36283E+03
 5.72494E+02	 1.36223E+03
 5.72513E+02	 1.36200E+03
 5.72532E+02	 1.36196E+03
 5.72552E+02	 1.36251E+03
 5.72571E+02	 1.36375E+03
 5.72590E+02	 1.36322E+03
 5.72610E+02	 1.36242E+03
 5.72629E+02	 1.36270E+03
 5.72648E+02	 1.36286E+03
 5.72668E+02	 1.36279E+03
 5.72687E+02	 1.36223E+03
 5.72706E+02	 1.36159E+03
 5.72726E+02	 1.36404E+03
 5.72745E+02	 1.36250E+03
 5.72764E+02	 1.36308E+03
 5.72784E+02	 1.36277E+03
 5.72803E+02	 1.36301E+03
 5.72822E+02	 1.36430E+03
 5.72842E+02	 1.36489E+03
 5.72861E+02	 1.36401E+03
 5.72880E+02	 1.36313E+03
 5.72900E+02	 1.36304E+03
 5.72919E+02	 1.36501E+03
 5.72938E+02	 1.36163E+03
 5.72958E+02	 1.36243E+03
 5.72977E+02	 1.36237E+03
 5.72996E+02	 1.36309E+03
 5.73016E+02	 1.36316E+03
 5.73035E+02	 1.36307E+03
 5.73054E+02	 1.36402E+03
 5.73073E+02	 1.36445E+03
 5.73093E+02	 1.36241E+03
 5.73112E+02	 1.36177E+03
 5.73131E+02	 1.36477E+03
 5.73151E+02	 1.36175E+03
 5.73170E+02	 1.36240E+03
 5.73189E+02	 1.36360E+03
 5.73209E+02	 1.36364E+03
 5.73228E+02	 1.36293E+03
 5.73247E+02	 1.36305E+03
 5.73267E+02	 1.36340E+03
 5.73286E+02	 1.36321E+03
 5.73305E+02	 1.36328E+03
 5.73325E+02	 1.36313E+03
 5.73344E+02	 1.36405E+03
 5.73363E+02	 1.36341E+03
 5.73383E+02	 1.36269E+03
 5.73402E+02	 1.36218E+03
 5.73421E+02	 1.36372E+03
 5.73441E+02	 1.36421E+03
 5.73460E+02	 1.36469E+03
 5.73479E+02	 1.36451E+03
 5.73499E+02	 1.36405E+03
 5.73518E+02	 1.36487E+03
 5.73537E+02	 1.36465E+03
 5.73557E+02	 1.36486E+03
 5.73576E+02	 1.36523E+03
 5.73595E+02	 1.36435E+03
 5.73615E+02	 1.36455E+03
 5.73634E+02	 1.36504E+03
 5.73653E+02	 1.36398E+03
 5.73673E+02	 1.36396E+03
 5.73692E+02	 1.36472E+03
 5.73711E+02	 1.36476E+03
 5.73731E+02	 1.36444E+03
 5.73750E+02	 1.36468E+03
 5.73769E+02	 1.36520E+03
 5.73789E+02	 1.36556E+03
 5.73808E+02	 1.36559E+03
 5.73827E+02	 1.36649E+03
 5.73847E+02	 1.36542E+03
 5.73866E+02	 1.36446E+03
 5.73885E+02	 1.36484E+03
 5.73905E+02	 1.36403E+03
 5.73924E+02	 1.36402E+03
 5.73943E+02	 1.36505E+03
 5.73963E+02	 1.36421E+03
 5.73982E+02	 1.36539E+03
 5.74001E+02	 1.36600E+03
 5.74021E+02	 1.36606E+03
 5.74040E+02	 1.36357E+03
 5.74059E+02	 1.36435E+03
 5.74079E+02	 1.36366E+03
 5.74098E+02	 1.36343E+03
 5.74117E+02	 1.36430E+03
 5.74137E+02	 1.36466E+03
 5.74156E+02	 1.36475E+03
 5.74175E+02	 1.36502E+03
 5.74195E+02	 1.36463E+03
 5.74214E+02	 1.36518E+03
 5.74233E+02	 1.36375E+03
 5.74253E+02	 1.36450E+03
 5.74272E+02	 1.36505E+03
 5.74291E+02	 1.36502E+03
 5.74310E+02	 1.36552E+03
 5.74330E+02	 1.36555E+03
 5.74349E+02	 1.36522E+03
 5.74368E+02	 1.36422E+03
 5.74388E+02	 1.36404E+03
 5.74407E+02	 1.36538E+03
 5.74426E+02	 1.36433E+03
 5.74446E+02	 1.36465E+03
 5.74465E+02	 1.36499E+03
 5.74484E+02	 1.36440E+03
 5.74504E+02	 1.36475E+03
 5.74523E+02	 1.36558E+03
 5.74542E+02	 1.36642E+03
 5.74562E+02	 1.36518E+03
 5.74581E+02	 1.36460E+03
 5.74600E+02	 1.36497E+03
 5.74620E+02	 1.36521E+03
 5.74639E+02	 1.36634E+03
 5.74658E+02	 1.36539E+03
 5.74678E+02	 1.36597E+03
 5.74697E+02	 1.36558E+03
 5.74716E+02	 1.36523E+03
 5.74736E+02	 1.36397E+03
 5.74755E+02	 1.36643E+03
 5.74774E+02	 1.36732E+03
 5.74794E+02	 1.36794E+03
 5.74813E+02	 1.36733E+03
 5.74832E+02	 1.36659E+03
 5.74852E+02	 1.36694E+03
 5.74871E+02	 1.36547E+03
 5.74890E+02	 1.36608E+03
 5.74910E+02	 1.36672E+03
 5.74929E+02	 1.36647E+03
 5.74948E+02	 1.36618E+03
 5.74968E+02	 1.36636E+03
 5.74987E+02	 1.36626E+03
 5.75006E+02	 1.36585E+03
 5.75026E+02	 1.36599E+03
 5.75045E+02	 1.36646E+03
 5.75064E+02	 1.36643E+03
 5.75084E+02	 1.36587E+03
 5.75103E+02	 1.36468E+03
 5.75122E+02	 1.36702E+03
 5.75142E+02	 1.36582E+03
 5.75161E+02	 1.36468E+03
 5.75180E+02	 1.36495E+03
 5.75200E+02	 1.36599E+03
 5.75219E+02	 1.36585E+03
 5.75238E+02	 1.36532E+03
 5.75258E+02	 1.36553E+03
 5.75277E+02	 1.36594E+03
 5.75296E+02	 1.36629E+03
 5.75316E+02	 1.36641E+03
 5.75335E+02	 1.36667E+03
 5.75354E+02	 1.36657E+03
 5.75374E+02	 1.36413E+03
 5.75393E+02	 1.36519E+03
 5.75412E+02	 1.36491E+03
 5.75432E+02	 1.36456E+03
 5.75451E+02	 1.36662E+03
 5.75470E+02	 1.36753E+03
 5.75490E+02	 1.36676E+03
 5.75509E+02	 1.36686E+03
 5.75528E+02	 1.36704E+03
 5.75547E+02	 1.36616E+03
 5.75567E+02	 1.36791E+03
 5.75586E+02	 1.36575E+03
 5.75605E+02	 1.36563E+03
 5.75625E+02	 1.36481E+03
 5.75644E+02	 1.36505E+03
 5.75663E+02	 1.37202E+03
 5.75683E+02	 1.37214E+03
 5.75702E+02	 1.36830E+03
 5.75721E+02	 1.36723E+03
 5.75741E+02	 1.36739E+03
 5.75760E+02	 1.36679E+03
 5.75779E+02	 1.36678E+03
 5.75799E+02	 1.36691E+03
 5.75818E+02	 1.36364E+03
 5.75837E+02	 1.36505E+03
 5.75857E+02	 1.36538E+03
 5.75876E+02	 1.36634E+03
 5.75895E+02	 1.36677E+03
 5.75915E+02	 1.36641E+03
 5.75934E+02	 1.36665E+03
 5.75953E+02	 1.36659E+03
 5.75973E+02	 1.36670E+03
 5.75992E+02	 1.36659E+03
 5.76011E+02	 1.36581E+03
 5.76031E+02	 1.36642E+03
 5.76050E+02	 1.36620E+03
 5.76069E+02	 1.36530E+03
 5.76089E+02	 1.36450E+03
 5.76108E+02	 1.36653E+03
 5.76127E+02	 1.36562E+03
 5.76147E+02	 1.36646E+03
 5.76166E+02	 1.36750E+03
 5.76185E+02	 1.36654E+03
 5.76205E+02	 1.36413E+03
 5.76224E+02	 1.36428E+03
 5.76243E+02	 1.36564E+03
 5.76263E+02	 1.36484E+03
 5.76282E+02	 1.36608E+03
 5.76301E+02	 1.36649E+03
 5.76321E+02	 1.36523E+03
 5.76340E+02	 1.36610E+03
 5.76359E+02	 1.36575E+03
 5.76379E+02	 1.36564E+03
 5.76398E+02	 1.36525E+03
 5.76417E+02	 1.36471E+03
 5.76437E+02	 1.36488E+03
 5.76456E+02	 1.36497E+03
 5.76475E+02	 1.36513E+03
 5.76495E+02	 1.36694E+03
 5.76514E+02	 1.36654E+03
 5.76533E+02	 1.36593E+03
 5.76553E+02	 1.36671E+03
 5.76572E+02	 1.36593E+03
 5.76591E+02	 1.36572E+03
 5.76611E+02	 1.36546E+03
 5.76630E+02	 1.36513E+03
 5.76649E+02	 1.36558E+03
 5.76669E+02	 1.36615E+03
 5.76688E+02	 1.36610E+03
 5.76707E+02	 1.36510E+03
 5.76726E+02	 1.36452E+03
 5.76746E+02	 1.36437E+03
 5.76765E+02	 1.36418E+03
 5.76784E+02	 1.36521E+03
 5.76804E+02	 1.36428E+03
 5.76823E+02	 1.36429E+03
 5.76842E+02	 1.36353E+03
 5.76862E+02	 1.36489E+03
 5.76881E+02	 1.36502E+03
 5.76900E+02	 1.36475E+03
 5.76920E+02	 1.36470E+03
 5.76939E+02	 1.36424E+03
 5.76958E+02	 1.36429E+03
 5.76978E+02	 1.36575E+03
 5.76997E+02	 1.36614E+03
 5.77016E+02	 1.36683E+03
 5.77036E+02	 1.36463E+03
 5.77055E+02	 1.36530E+03
 5.77074E+02	 1.36548E+03
 5.77094E+02	 1.36538E+03
 5.77113E+02	 1.36451E+03
 5.77132E+02	 1.36479E+03
 5.77152E+02	 1.36592E+03
 5.77171E+02	 1.36570E+03
 5.77190E+02	 1.36454E+03
 5.77210E+02	 1.36409E+03
 5.77229E+02	 1.36303E+03
 5.77248E+02	 1.36354E+03
 5.77268E+02	 1.36525E+03
 5.77287E+02	 1.36495E+03
 5.77306E+02	 1.36496E+03
 5.77326E+02	 1.36448E+03
 5.77345E+02	 1.36413E+03
 5.77364E+02	 1.36394E+03
 5.77384E+02	 1.36416E+03
 5.77403E+02	 1.36427E+03
 5.77422E+02	 1.36409E+03
 5.77442E+02	 1.36427E+03
 5.77461E+02	 1.36408E+03
 5.77480E+02	 1.36537E+03
 5.77500E+02	 1.36410E+03
 5.77519E+02	 1.36308E+03
 5.77538E+02	 1.36208E+03
 5.77558E+02	 1.36316E+03
 5.77577E+02	 1.36282E+03
 5.77596E+02	 1.36315E+03
 5.77616E+02	 1.36286E+03
 5.77635E+02	 1.36286E+03
 5.77654E+02	 1.36446E+03
 5.77674E+02	 1.36394E+03
 5.77693E+02	 1.36313E+03
 5.77712E+02	 1.36265E+03
 5.77732E+02	 1.36401E+03
 5.77751E+02	 1.36284E+03
 5.77770E+02	 1.36251E+03
 5.77790E+02	 1.36373E+03
 5.77809E+02	 1.36340E+03
 5.77828E+02	 1.36268E+03
 5.77848E+02	 1.36297E+03
 5.77867E+02	 1.36310E+03
 5.77886E+02	 1.36285E+03
 5.77906E+02	 1.36303E+03
 5.77925E+02	 1.36310E+03
 5.77944E+02	 1.36263E+03
 5.77963E+02	 1.36381E+03
 5.77983E+02	 1.36237E+03
 5.78002E+02	 1.36260E+03
 5.78021E+02	 1.36373E+03
 5.78041E+02	 1.36261E+03
 5.78060E+02	 1.36235E+03
 5.78079E+02	 1.36255E+03
 5.78099E+02	 1.36235E+03
 5.78118E+02	 1.36207E+03
 5.78137E+02	 1.36165E+03
 5.78157E+02	 1.36190E+03
 5.78176E+02	 1.36277E+03
 5.78195E+02	 1.36234E+03
 5.78215E+02	 1.36179E+03
 5.78234E+02	 1.36186E+03
 5.78253E+02	 1.36037E+03
 5.78273E+02	 1.36232E+03
 5.78292E+02	 1.36183E+03
 5.78311E+02	 1.36098E+03
 5.78331E+02	 1.36165E+03
 5.78350E+02	 1.36207E+03
 5.78369E+02	 1.36210E+03
 5.78389E+02	 1.36240E+03
 5.78408E+02	 1.36275E+03
 5.78427E+02	 1.36183E+03
 5.78447E+02	 1.36199E+03
 5.78466E+02	 1.36220E+03
 5.78485E+02	 1.36193E+03
 5.78505E+02	 1.36158E+03
 5.78524E+02	 1.36161E+03
 5.78543E+02	 1.36239E+03
 5.78563E+02	 1.36163E+03
 5.78582E+02	 1.36116E+03
 5.78601E+02	 1.36161E+03
 5.78621E+02	 1.36135E+03
 5.78640E+02	 1.36117E+03
 5.78659E+02	 1.36187E+03
 5.78679E+02	 1.36097E+03
 5.78698E+02	 1.36076E+03
 5.78717E+02	 1.36129E+03
 5.78737E+02	 1.36059E+03
 5.78756E+02	 1.36214E+03
 5.78775E+02	 1.36220E+03
 5.78795E+02	 1.36026E+03
 5.78814E+02	 1.36074E+03
 5.78833E+02	 1.36114E+03
 5.78853E+02	 1.36065E+03
 5.78872E+02	 1.36033E+03
 5.78891E+02	 1.36016E+03
 5.78911E+02	 1.36112E+03
 5.78930E+02	 1.36119E+03
 5.78949E+02	 1.36026E+03
 5.78969E+02	 1.36151E+03
 5.78988E+02	 1.36206E+03
 5.79007E+02	 1.36121E+03
 5.79027E+02	 1.36015E+03
 5.79046E+02	 1.36126E+03
 5.79065E+02	 1.36027E+03
 5.79085E+02	 1.36076E+03
 5.79104E+02	 1.36051E+03
 5.79123E+02	 1.36008E+03
 5.79143E+02	 1.36090E+03
 5.79162E+02	 1.36090E+03
 5.79181E+02	 1.36025E+03
 5.79200E+02	 1.36143E+03
 5.79220E+02	 1.36121E+03
 5.79239E+02	 1.35981E+03
 5.79258E+02	 1.35996E+03
 5.79278E+02	 1.36083E+03
 5.79297E+02	 1.36073E+03
 5.79316E+02	 1.36091E+03
 5.79336E+02	 1.36016E+03
 5.79355E+02	 1.35959E+03
 5.79374E+02	 1.35955E+03
 5.79394E+02	 1.36020E+03
 5.79413E+02	 1.36003E+03
 5.79432E+02	 1.35964E+03
 5.79452E+02	 1.36007E+03
 5.79471E+02	 1.36067E+03
 5.79490E+02	 1.36111E+03
 5.79510E+02	 1.36110E+03
 5.79529E+02	 1.36013E+03
 5.79548E+02	 1.36094E+03
 5.79568E+02	 1.36050E+03
 5.79587E+02	 1.35967E+03
 5.79606E+02	 1.36032E+03
 5.79626E+02	 1.35981E+03
 5.79645E+02	 1.35925E+03
 5.79664E+02	 1.35933E+03
 5.79684E+02	 1.35903E+03
 5.79703E+02	 1.35899E+03
 5.79722E+02	 1.36008E+03
 5.79742E+02	 1.35985E+03
 5.79761E+02	 1.36073E+03
 5.79780E+02	 1.36010E+03
 5.79800E+02	 1.36064E+03
 5.79819E+02	 1.35984E+03
 5.79838E+02	 1.35945E+03
 5.79858E+02	 1.35967E+03
 5.79877E+02	 1.36014E+03
 5.79896E+02	 1.36001E+03
 5.79916E+02	 1.35953E+03
 5.79935E+02	 1.35982E+03
 5.79954E+02	 1.36023E+03
 5.79974E+02	 1.35924E+03
 5.79993E+02	 1.35870E+03
 5.80012E+02	 1.36078E+03
 5.80032E+02	 1.36119E+03
 5.80051E+02	 1.36124E+03
 5.80070E+02	 1.36056E+03
 5.80090E+02	 1.36020E+03
 5.80109E+02	 1.36025E+03
 5.80128E+02	 1.36001E+03
 5.80148E+02	 1.36015E+03
 5.80167E+02	 1.35965E+03
 5.80186E+02	 1.35864E+03
 5.80206E+02	 1.35876E+03
 5.80225E+02	 1.35847E+03
 5.80244E+02	 1.35966E+03
 5.80264E+02	 1.35921E+03
 5.80283E+02	 1.35935E+03
 5.80302E+02	 1.35928E+03
 5.80322E+02	 1.35919E+03
 5.80341E+02	 1.35972E+03
 5.80360E+02	 1.35939E+03
 5.80380E+02	 1.35967E+03
 5.80399E+02	 1.35892E+03
 5.80418E+02	 1.35933E+03
 5.80437E+02	 1.35961E+03
 5.80457E+02	 1.35902E+03
 5.80476E+02	 1.36003E+03
 5.80495E+02	 1.35917E+03
 5.80515E+02	 1.35917E+03
 5.80534E+02	 1.35879E+03
 5.80553E+02	 1.35886E+03
 5.80573E+02	 1.35871E+03
 5.80592E+02	 1.35873E+03
 5.80611E+02	 1.35969E+03
 5.80631E+02	 1.36076E+03
 5.80650E+02	 1.36000E+03
 5.80669E+02	 1.35924E+03
 5.80689E+02	 1.35818E+03
 5.80708E+02	 1.35762E+03
 5.80727E+02	 1.35814E+03
 5.80747E+02	 1.35917E+03
 5.80766E+02	 1.35868E+03
 5.80785E+02	 1.35974E+03
 5.80805E+02	 1.35946E+03
 5.80824E+02	 1.35870E+03
 5.80843E+02	 1.35959E+03
 5.80863E+02	 1.35962E+03
 5.80882E+02	 1.35885E+03
 5.80901E+02	 1.35921E+03
 5.80921E+02	 1.35980E+03
 5.80940E+02	 1.35921E+03
 5.80959E+02	 1.35865E+03
 5.80979E+02	 1.35840E+03
 5.80998E+02	 1.35822E+03
 5.81017E+02	 1.35855E+03
 5.81037E+02	 1.35883E+03
 5.81056E+02	 1.35897E+03
 5.81075E+02	 1.35918E+03
 5.81095E+02	 1.35843E+03
 5.81114E+02	 1.35813E+03
 5.81133E+02	 1.35961E+03
 5.81153E+02	 1.35986E+03
 5.81172E+02	 1.35937E+03
 5.81191E+02	 1.35863E+03
 5.81211E+02	 1.35936E+03
 5.81230E+02	 1.36023E+03
 5.81249E+02	 1.35862E+03
 5.81269E+02	 1.35907E+03
 5.81288E+02	 1.35888E+03
 5.81307E+02	 1.35849E+03
 5.81327E+02	 1.35816E+03
 5.81346E+02	 1.35779E+03
 5.81365E+02	 1.35801E+03
 5.81385E+02	 1.35835E+03
 5.81404E+02	 1.35922E+03
 5.81423E+02	 1.35954E+03
 5.81443E+02	 1.35891E+03
 5.81462E+02	 1.35812E+03
 5.81481E+02	 1.35832E+03
 5.81501E+02	 1.35729E+03
 5.81520E+02	 1.35765E+03
 5.81539E+02	 1.35791E+03
 5.81559E+02	 1.35858E+03
 5.81578E+02	 1.35891E+03
 5.81597E+02	 1.35834E+03
 5.81617E+02	 1.35842E+03
 5.81636E+02	 1.35854E+03
 5.81655E+02	 1.35953E+03
 5.81674E+02	 1.35729E+03
 5.81694E+02	 1.35829E+03
 5.81713E+02	 1.35858E+03
 5.81732E+02	 1.35841E+03
 5.81752E+02	 1.35822E+03
 5.81771E+02	 1.35764E+03
 5.81790E+02	 1.35851E+03
 5.81810E+02	 1.35946E+03
 5.81829E+02	 1.35864E+03
 5.81848E+02	 1.35867E+03
 5.81868E+02	 1.35871E+03
 5.81887E+02	 1.35742E+03
 5.81906E+02	 1.35790E+03
 5.81926E+02	 1.35848E+03
 5.81945E+02	 1.35757E+03
 5.81964E+02	 1.35875E+03
 5.81984E+02	 1.35814E+03
 5.82003E+02	 1.35831E+03
 5.82022E+02	 1.35845E+03
 5.82042E+02	 1.35819E+03
 5.82061E+02	 1.35811E+03
 5.82080E+02	 1.35813E+03
 5.82100E+02	 1.35827E+03
 5.82119E+02	 1.35793E+03
 5.82138E+02	 1.35823E+03
 5.82158E+02	 1.35872E+03
 5.82177E+02	 1.35832E+03
 5.82196E+02	 1.35856E+03
 5.82216E+02	 1.35878E+03
 5.82235E+02	 1.35741E+03
 5.82254E+02	 1.35773E+03
 5.82274E+02	 1.35742E+03
 5.82293E+02	 1.35773E+03
 5.82312E+02	 1.35826E+03
 5.82332E+02	 1.35780E+03
 5.82351E+02	 1.35760E+03
 5.82370E+02	 1.35815E+03
 5.82390E+02	 1.35817E+03
 5.82409E+02	 1.35840E+03
 5.82428E+02	 1.35751E+03
 5.82448E+02	 1.35778E+03
 5.82467E+02	 1.35817E+03
 5.82486E+02	 1.35864E+03
 5.82506E+02	 1.35784E+03
 5.82525E+02	 1.35782E+03
 5.82544E+02	 1.35816E+03
 5.82564E+02	 1.35795E+03
 5.82583E+02	 1.35821E+03
 5.82602E+02	 1.35824E+03
 5.82622E+02	 1.35676E+03
 5.82641E+02	 1.35710E+03
 5.82660E+02	 1.35843E+03
 5.82680E+02	 1.35832E+03
 5.82699E+02	 1.35804E+03
 5.82718E+02	 1.35800E+03
 5.82738E+02	 1.35838E+03
 5.82757E+02	 1.35700E+03
 5.82776E+02	 1.35876E+03
 5.82796E+02	 1.35743E+03
 5.82815E+02	 1.35809E+03
 5.82834E+02	 1.35798E+03
 5.82854E+02	 1.35731E+03
 5.82873E+02	 1.35709E+03
 5.82892E+02	 1.35706E+03
 5.82911E+02	 1.35725E+03
 5.82931E+02	 1.35783E+03
 5.82950E+02	 1.35848E+03
 5.82969E+02	 1.35813E+03
 5.82989E+02	 1.35852E+03
 5.83008E+02	 1.35751E+03
 5.83027E+02	 1.35704E+03
 5.83047E+02	 1.35730E+03
 5.83066E+02	 1.35776E+03
 5.83085E+02	 1.35753E+03
 5.83105E+02	 1.35783E+03
 5.83124E+02	 1.35783E+03
 5.83143E+02	 1.35739E+03
 5.83163E+02	 1.35800E+03
 5.83182E+02	 1.35785E+03
 5.83201E+02	 1.35789E+03
 5.83221E+02	 1.35823E+03
 5.83240E+02	 1.35825E+03
 5.83259E+02	 1.35822E+03
 5.83279E+02	 1.35695E+03
 5.83298E+02	 1.35634E+03
 5.83317E+02	 1.35722E+03
 5.83337E+02	 1.35733E+03
 5.83356E+02	 1.35857E+03
 5.83375E+02	 1.35757E+03
 5.83395E+02	 1.35830E+03
 5.83414E+02	 1.35819E+03
 5.83433E+02	 1.35667E+03
 5.83453E+02	 1.35643E+03
 5.83472E+02	 1.35795E+03
 5.83491E+02	 1.35733E+03
 5.83511E+02	 1.35690E+03
 5.83530E+02	 1.35721E+03
 5.83549E+02	 1.35746E+03
 5.83569E+02	 1.35742E+03
 5.83588E+02	 1.35774E+03
 5.83607E+02	 1.35824E+03
 5.83627E+02	 1.35769E+03
 5.83646E+02	 1.35678E+03
 5.83665E+02	 1.35679E+03
 5.83685E+02	 1.35714E+03
 5.83704E+02	 1.35728E+03
 5.83723E+02	 1.35868E+03
 5.83743E+02	 1.35892E+03
 5.83762E+02	 1.35828E+03
 5.83781E+02	 1.35778E+03
 5.83801E+02	 1.35769E+03
 5.83820E+02	 1.35705E+03
 5.83839E+02	 1.35650E+03
 5.83859E+02	 1.35742E+03
 5.83878E+02	 1.35801E+03
 5.83897E+02	 1.35726E+03
 5.83917E+02	 1.35787E+03
 5.83936E+02	 1.35748E+03
 5.83955E+02	 1.35721E+03
 5.83975E+02	 1.35678E+03
 5.83994E+02	 1.35697E+03
 5.84013E+02	 1.35718E+03
 5.84033E+02	 1.35735E+03
 5.84052E+02	 1.35704E+03
 5.84071E+02	 1.35736E+03
 5.84090E+02	 1.35781E+03
 5.84110E+02	 1.35821E+03
 5.84129E+02	 1.35730E+03
 5.84148E+02	 1.35711E+03
 5.84168E+02	 1.35756E+03
 5.84187E+02	 1.35759E+03
 5.84206E+02	 1.35733E+03
 5.84226E+02	 1.35679E+03
 5.84245E+02	 1.35732E+03
 5.84264E+02	 1.35741E+03
 5.84284E+02	 1.35728E+03
 5.84303E+02	 1.35748E+03
 5.84322E+02	 1.35673E+03
 5.84342E+02	 1.35791E+03
 5.84361E+02	 1.35727E+03
 5.84380E+02	 1.35707E+03
 5.84400E+02	 1.35718E+03
 5.84419E+02	 1.35729E+03
 5.84438E+02	 1.35860E+03
 5.84458E+02	 1.35833E+03
 5.84477E+02	 1.35722E+03
 5.84496E+02	 1.35744E+03
 5.84516E+02	 1.35684E+03
 5.84535E+02	 1.35573E+03
 5.84554E+02	 1.35747E+03
 5.84574E+02	 1.35757E+03
 5.84593E+02	 1.35787E+03
 5.84612E+02	 1.35737E+03
 5.84632E+02	 1.35678E+03
 5.84651E+02	 1.35726E+03
 5.84670E+02	 1.35774E+03
 5.84690E+02	 1.35787E+03
 5.84709E+02	 1.35798E+03
 5.84728E+02	 1.35793E+03
 5.84748E+02	 1.35651E+03
 5.84767E+02	 1.35737E+03
 5.84786E+02	 1.35788E+03
 5.84806E+02	 1.35779E+03
 5.84825E+02	 1.35689E+03
 5.84844E+02	 1.35753E+03
 5.84864E+02	 1.35689E+03
 5.84883E+02	 1.35643E+03
 5.84902E+02	 1.35669E+03
 5.84922E+02	 1.35717E+03
 5.84941E+02	 1.35683E+03
 5.84960E+02	 1.35633E+03
 5.84980E+02	 1.35726E+03
 5.84999E+02	 1.35868E+03
 5.85018E+02	 1.35753E+03
 5.85038E+02	 1.35681E+03
 5.85057E+02	 1.35778E+03
 5.85076E+02	 1.35908E+03
 5.85096E+02	 1.35829E+03
 5.85115E+02	 1.35701E+03
 5.85134E+02	 1.35724E+03
 5.85154E+02	 1.35738E+03
 5.85173E+02	 1.35610E+03
 5.85192E+02	 1.35655E+03
 5.85212E+02	 1.35684E+03
 5.85231E+02	 1.35742E+03
 5.85250E+02	 1.35728E+03
 5.85270E+02	 1.35641E+03
 5.85289E+02	 1.35727E+03
 5.85308E+02	 1.35771E+03
 5.85327E+02	 1.35716E+03
 5.85347E+02	 1.35688E+03
 5.85366E+02	 1.35708E+03
 5.85385E+02	 1.35689E+03
 5.85405E+02	 1.35715E+03
 5.85424E+02	 1.35779E+03
 5.85443E+02	 1.35636E+03
 5.85463E+02	 1.35711E+03
 5.85482E+02	 1.35876E+03
 5.85501E+02	 1.35823E+03
 5.85521E+02	 1.35708E+03
 5.85540E+02	 1.35727E+03
 5.85559E+02	 1.35747E+03
 5.85579E+02	 1.35824E+03
 5.85598E+02	 1.35785E+03
 5.85617E+02	 1.35747E+03
 5.85637E+02	 1.35728E+03
 5.85656E+02	 1.35630E+03
 5.85675E+02	 1.35740E+03
 5.85695E+02	 1.35761E+03
 5.85714E+02	 1.35774E+03
 5.85733E+02	 1.35645E+03
 5.85753E+02	 1.35728E+03
 5.85772E+02	 1.35783E+03
 5.85791E+02	 1.35862E+03
 5.85811E+02	 1.35865E+03
 5.85830E+02	 1.35719E+03
 5.85849E+02	 1.35616E+03
 5.85869E+02	 1.35549E+03
 5.85888E+02	 1.35583E+03
 5.85907E+02	 1.35694E+03
 5.85927E+02	 1.35748E+03
 5.85946E+02	 1.35877E+03
 5.85965E+02	 1.35824E+03
 5.85985E+02	 1.35774E+03
 5.86004E+02	 1.35601E+03
 5.86023E+02	 1.35654E+03
 5.86043E+02	 1.35754E+03
 5.86062E+02	 1.35619E+03
 5.86081E+02	 1.35604E+03
 5.86101E+02	 1.35642E+03
 5.86120E+02	 1.35720E+03
 5.86139E+02	 1.35731E+03
 5.86159E+02	 1.35701E+03
 5.86178E+02	 1.35646E+03
 5.86197E+02	 1.35676E+03
 5.86217E+02	 1.35578E+03
 5.86236E+02	 1.35651E+03
 5.86255E+02	 1.35750E+03
 5.86275E+02	 1.35729E+03
 5.86294E+02	 1.35782E+03
 5.86313E+02	 1.35721E+03
 5.86333E+02	 1.35620E+03
 5.86352E+02	 1.35692E+03
 5.86371E+02	 1.35696E+03
 5.86391E+02	 1.35610E+03
 5.86410E+02	 1.35614E+03
 5.86429E+02	 1.35666E+03
 5.86449E+02	 1.35655E+03
 5.86468E+02	 1.35717E+03
 5.86487E+02	 1.35590E+03
 5.86507E+02	 1.35599E+03
 5.86526E+02	 1.35625E+03
 5.86545E+02	 1.35613E+03
 5.86564E+02	 1.35670E+03
 5.86584E+02	 1.35755E+03
 5.86603E+02	 1.35755E+03
 5.86622E+02	 1.35748E+03
 5.86642E+02	 1.35860E+03
 5.86661E+02	 1.35813E+03
 5.86680E+02	 1.35567E+03
 5.86700E+02	 1.35728E+03
 5.86719E+02	 1.35741E+03
 5.86738E+02	 1.35739E+03
 5.86758E+02	 1.35652E+03
 5.86777E+02	 1.35649E+03
 5.86796E+02	 1.35680E+03
 5.86816E+02	 1.35793E+03
 5.86835E+02	 1.35761E+03
 5.86854E+02	 1.35652E+03
 5.86874E+02	 1.35783E+03
 5.86893E+02	 1.35633E+03
 5.86912E+02	 1.35681E+03
 5.86932E+02	 1.35742E+03
 5.86951E+02	 1.35663E+03
 5.86970E+02	 1.35717E+03
 5.86990E+02	 1.35720E+03
 5.87009E+02	 1.35705E+03
 5.87028E+02	 1.35743E+03
 5.87048E+02	 1.35731E+03
 5.87067E+02	 1.35762E+03
 5.87086E+02	 1.35806E+03
 5.87106E+02	 1.35670E+03
 5.87125E+02	 1.35718E+03
 5.87144E+02	 1.35716E+03
 5.87164E+02	 1.35705E+03
 5.87183E+02	 1.35801E+03
 5.87202E+02	 1.35520E+03
 5.87222E+02	 1.35660E+03
 5.87241E+02	 1.35706E+03
 5.87260E+02	 1.35767E+03
 5.87280E+02	 1.35732E+03
 5.87299E+02	 1.35699E+03
 5.87318E+02	 1.35708E+03
 5.87338E+02	 1.35701E+03
 5.87357E+02	 1.35664E+03
 5.87376E+02	 1.35783E+03
 5.87396E+02	 1.35746E+03
 5.87415E+02	 1.35658E+03
 5.87434E+02	 1.35766E+03
 5.87454E+02	 1.35627E+03
 5.87473E+02	 1.35710E+03
 5.87492E+02	 1.35754E+03
 5.87512E+02	 1.35710E+03
 5.87531E+02	 1.35673E+03
 5.87550E+02	 1.35678E+03
 5.87570E+02	 1.35658E+03
 5.87589E+02	 1.35656E+03
 5.87608E+02	 1.35703E+03
 5.87628E+02	 1.35684E+03
 5.87647E+02	 1.35693E+03
 5.87666E+02	 1.35754E+03
 5.87686E+02	 1.35712E+03
 5.87705E+02	 1.35790E+03
 5.87724E+02	 1.35622E+03
 5.87744E+02	 1.35730E+03
 5.87763E+02	 1.35661E+03
 5.87782E+02	 1.35640E+03
 5.87801E+02	 1.35630E+03
 5.87821E+02	 1.35669E+03
 5.87840E+02	 1.35713E+03
 5.87859E+02	 1.35676E+03
 5.87879E+02	 1.35684E+03
 5.87898E+02	 1.35672E+03
 5.87917E+02	 1.35751E+03
 5.87937E+02	 1.35727E+03
 5.87956E+02	 1.35593E+03
 5.87975E+02	 1.35652E+03
 5.87995E+02	 1.35639E+03
 5.88014E+02	 1.35677E+03
 5.88033E+02	 1.35647E+03
 5.88053E+02	 1.35634E+03
 5.88072E+02	 1.35670E+03
 5.88091E+02	 1.35705E+03
 5.88111E+02	 1.35718E+03
 5.88130E+02	 1.35673E+03
 5.88149E+02	 1.35583E+03
 5.88169E+02	 1.35541E+03
 5.88188E+02	 1.35544E+03
 5.88207E+02	 1.35696E+03
 5.88227E+02	 1.35592E+03
 5.88246E+02	 1.35776E+03
 5.88265E+02	 1.35640E+03
 5.88285E+02	 1.35633E+03
 5.88304E+02	 1.35702E+03
 5.88323E+02	 1.35728E+03
 5.88343E+02	 1.35730E+03
 5.88362E+02	 1.35767E+03
 5.88381E+02	 1.35769E+03
 5.88401E+02	 1.35586E+03
 5.88420E+02	 1.35694E+03
 5.88439E+02	 1.35586E+03
 5.88459E+02	 1.35712E+03
 5.88478E+02	 1.35892E+03
 5.88497E+02	 1.35817E+03
 5.88517E+02	 1.35673E+03
 5.88536E+02	 1.35646E+03
 5.88555E+02	 1.35679E+03
 5.88575E+02	 1.35667E+03
 5.88594E+02	 1.35652E+03
 5.88613E+02	 1.35650E+03
 5.88633E+02	 1.35655E+03
 5.88652E+02	 1.35695E+03
 5.88671E+02	 1.35695E+03
 5.88691E+02	 1.35578E+03
 5.88710E+02	 1.35737E+03
 5.88729E+02	 1.35652E+03
 5.88749E+02	 1.35720E+03
 5.88768E+02	 1.35686E+03
 5.88787E+02	 1.35712E+03
 5.88807E+02	 1.35788E+03
 5.88826E+02	 1.35680E+03
 5.88845E+02	 1.35617E+03
 5.88865E+02	 1.35614E+03
 5.88884E+02	 1.35589E+03
 5.88903E+02	 1.35664E+03
 5.88923E+02	 1.35736E+03
 5.88942E+02	 1.35734E+03
 5.88961E+02	 1.35659E+03
 5.88981E+02	 1.35636E+03
 5.89000E+02	 1.35740E+03
 5.89019E+02	 1.35562E+03
 5.89038E+02	 1.35671E+03
 5.89058E+02	 1.35727E+03
 5.89077E+02	 1.35645E+03
 5.89096E+02	 1.35721E+03
 5.89116E+02	 1.35785E+03
 5.89135E+02	 1.35719E+03
 5.89154E+02	 1.35719E+03
 5.89174E+02	 1.35711E+03
 5.89193E+02	 1.35544E+03
 5.89212E+02	 1.35579E+03
 5.89232E+02	 1.35660E+03
 5.89251E+02	 1.35715E+03
 5.89270E+02	 1.35575E+03
 5.89290E+02	 1.35647E+03
 5.89309E+02	 1.35646E+03
 5.89328E+02	 1.35498E+03
 5.89348E+02	 1.35645E+03
 5.89367E+02	 1.35619E+03
 5.89386E+02	 1.35604E+03
 5.89406E+02	 1.35713E+03
 5.89425E+02	 1.35628E+03
 5.89444E+02	 1.35585E+03
 5.89464E+02	 1.35662E+03
 5.89483E+02	 1.35650E+03
 5.89502E+02	 1.35698E+03
 5.89522E+02	 1.35693E+03
 5.89541E+02	 1.35726E+03
 5.89560E+02	 1.35697E+03
 5.89580E+02	 1.35712E+03
 5.89599E+02	 1.35626E+03
 5.89618E+02	 1.35599E+03
 5.89638E+02	 1.35699E+03
 5.89657E+02	 1.35667E+03
 5.89676E+02	 1.35584E+03
 5.89696E+02	 1.35674E+03
 5.89715E+02	 1.35684E+03
 5.89734E+02	 1.35628E+03
 5.89754E+02	 1.35693E+03
 5.89773E+02	 1.35755E+03
 5.89792E+02	 1.35801E+03
 5.89812E+02	 1.35573E+03
 5.89831E+02	 1.35620E+03
 5.89850E+02	 1.35704E+03
 5.89870E+02	 1.35673E+03
 5.89889E+02	 1.35650E+03
 5.89908E+02	 1.35736E+03
 5.89928E+02	 1.35706E+03
 5.89947E+02	 1.35572E+03
 5.89966E+02	 1.35584E+03
 5.89986E+02	 1.35660E+03
 5.90005E+02	 1.35672E+03
 5.90024E+02	 1.35630E+03
 5.90044E+02	 1.35632E+03
 5.90063E+02	 1.35626E+03
 5.90082E+02	 1.35655E+03
 5.90102E+02	 1.35662E+03
 5.90121E+02	 1.35667E+03
 5.90140E+02	 1.35661E+03
 5.90160E+02	 1.35677E+03
 5.90179E+02	 1.35763E+03
 5.90198E+02	 1.35726E+03
 5.90218E+02	 1.35642E+03
 5.90237E+02	 1.35689E+03
 5.90256E+02	 1.35701E+03
 5.90275E+02	 1.35667E+03
 5.90295E+02	 1.35654E+03
 5.90314E+02	 1.35650E+03
 5.90333E+02	 1.35514E+03
 5.90353E+02	 1.35737E+03
 5.90372E+02	 1.35786E+03
 5.90391E+02	 1.35666E+03
 5.90411E+02	 1.35589E+03
 5.90430E+02	 1.35540E+03
 5.90449E+02	 1.35582E+03
 5.90469E+02	 1.35611E+03
 5.90488E+02	 1.35631E+03
 5.90507E+02	 1.35700E+03
 5.90527E+02	 1.35694E+03
 5.90546E+02	 1.35603E+03
 5.90565E+02	 1.35596E+03
 5.90585E+02	 1.35554E+03
 5.90604E+02	 1.35765E+03
 5.90623E+02	 1.35498E+03
 5.90643E+02	 1.35624E+03
 5.90662E+02	 1.35662E+03
 5.90681E+02	 1.35654E+03
 5.90701E+02	 1.35664E+03
 5.90720E+02	 1.35748E+03
 5.90739E+02	 1.35734E+03
 5.90759E+02	 1.35699E+03
 5.90778E+02	 1.35698E+03
 5.90797E+02	 1.35656E+03
 5.90817E+02	 1.35662E+03
 5.90836E+02	 1.35686E+03
 5.90855E+02	 1.35784E+03
 5.90875E+02	 1.35743E+03
 5.90894E+02	 1.35765E+03
 5.90913E+02	 1.35717E+03
 5.90933E+02	 1.35605E+03
 5.90952E+02	 1.35644E+03
 5.90971E+02	 1.35719E+03
 5.90991E+02	 1.35603E+03
 5.91010E+02	 1.35522E+03
 5.91029E+02	 1.35614E+03
 5.91049E+02	 1.35712E+03
 5.91068E+02	 1.35670E+03
 5.91087E+02	 1.35570E+03
 5.91107E+02	 1.35613E+03
 5.91126E+02	 1.35672E+03
 5.91145E+02	 1.35819E+03
 5.91165E+02	 1.35667E+03
 5.91184E+02	 1.35554E+03
 5.91203E+02	 1.35589E+03
 5.91223E+02	 1.35588E+03
 5.91242E+02	 1.35587E+03
 5.91261E+02	 1.35712E+03
 5.91281E+02	 1.35727E+03
 5.91300E+02	 1.35570E+03
 5.91319E+02	 1.35502E+03
 5.91339E+02	 1.35597E+03
 5.91358E+02	 1.35680E+03
 5.91377E+02	 1.35698E+03
 5.91397E+02	 1.35721E+03
 5.91416E+02	 1.35651E+03
 5.91435E+02	 1.35675E+03
 5.91454E+02	 1.35681E+03
 5.91474E+02	 1.35664E+03
 5.91493E+02	 1.35560E+03
 5.91512E+02	 1.35745E+03
 5.91532E+02	 1.35745E+03
 5.91551E+02	 1.35682E+03
 5.91570E+02	 1.35618E+03
 5.91590E+02	 1.35680E+03
 5.91609E+02	 1.35680E+03
 5.91628E+02	 1.35633E+03
 5.91648E+02	 1.35607E+03
 5.91667E+02	 1.35553E+03
 5.91686E+02	 1.35585E+03
 5.91706E+02	 1.35656E+03
 5.91725E+02	 1.35751E+03
 5.91744E+02	 1.35592E+03
 5.91764E+02	 1.35777E+03
 5.91783E+02	 1.35785E+03
 5.91802E+02	 1.35658E+03
 5.91822E+02	 1.35653E+03
 5.91841E+02	 1.35609E+03
 5.91860E+02	 1.35677E+03
 5.91880E+02	 1.35689E+03
 5.91899E+02	 1.35666E+03
 5.91918E+02	 1.35743E+03
 5.91938E+02	 1.35721E+03
 5.91957E+02	 1.35634E+03
 5.91976E+02	 1.35644E+03
 5.91996E+02	 1.35574E+03
 5.92015E+02	 1.35642E+03
 5.92034E+02	 1.35591E+03
 5.92054E+02	 1.35674E+03
 5.92073E+02	 1.35748E+03
 5.92092E+02	 1.35909E+03
 5.92112E+02	 1.35716E+03
 5.92131E+02	 1.35650E+03
 5.92150E+02	 1.35707E+03
 5.92170E+02	 1.35597E+03
 5.92189E+02	 1.35586E+03
 5.92208E+02	 1.35675E+03
 5.92228E+02	 1.35634E+03
 5.92247E+02	 1.35608E+03
 5.92266E+02	 1.35580E+03
 5.92286E+02	 1.35775E+03
 5.92305E+02	 1.35502E+03
 5.92324E+02	 1.35761E+03
 5.92344E+02	 1.35651E+03
 5.92363E+02	 1.35565E+03
 5.92382E+02	 1.35606E+03
 5.92402E+02	 1.35642E+03
 5.92421E+02	 1.35652E+03
 5.92440E+02	 1.35660E+03
 5.92460E+02	 1.35638E+03
 5.92479E+02	 1.35582E+03
 5.92498E+02	 1.35544E+03
 5.92518E+02	 1.35601E+03
 5.92537E+02	 1.35646E+03
 5.92556E+02	 1.35619E+03
 5.92576E+02	 1.35633E+03
 5.92595E+02	 1.35627E+03
 5.92614E+02	 1.35609E+03
 5.92634E+02	 1.35613E+03
 5.92653E+02	 1.35742E+03
 5.92672E+02	 1.35692E+03
 5.92691E+02	 1.35757E+03
 5.92711E+02	 1.35726E+03
 5.92730E+02	 1.35746E+03
 5.92749E+02	 1.35663E+03
 5.92769E+02	 1.35646E+03
 5.92788E+02	 1.35602E+03
 5.92807E+02	 1.35593E+03
 5.92827E+02	 1.35707E+03
 5.92846E+02	 1.35674E+03
 5.92865E+02	 1.35648E+03
 5.92885E+02	 1.35608E+03
 5.92904E+02	 1.35500E+03
 5.92923E+02	 1.35505E+03
 5.92943E+02	 1.35506E+03
 5.92962E+02	 1.35510E+03
 5.92981E+02	 1.35758E+03
 5.93001E+02	 1.35702E+03
 5.93020E+02	 1.35610E+03
 5.93039E+02	 1.35592E+03
 5.93059E+02	 1.35561E+03
 5.93078E+02	 1.35620E+03
 5.93097E+02	 1.35580E+03
 5.93117E+02	 1.35533E+03
 5.93136E+02	 1.35687E+03
 5.93155E+02	 1.35690E+03
 5.93175E+02	 1.35752E+03
 5.93194E+02	 1.35851E+03
 5.93213E+02	 1.35590E+03
 5.93233E+02	 1.35576E+03
 5.93252E+02	 1.35565E+03
 5.93271E+02	 1.35635E+03
 5.93291E+02	 1.35644E+03
 5.93310E+02	 1.35668E+03
 5.93329E+02	 1.35667E+03
 5.93349E+02	 1.35680E+03
 5.93368E+02	 1.35613E+03
 5.93387E+02	 1.35547E+03
 5.93407E+02	 1.35604E+03
 5.93426E+02	 1.35584E+03
 5.93445E+02	 1.35635E+03
 5.93465E+02	 1.35728E+03
 5.93484E+02	 1.35565E+03
 5.93503E+02	 1.35602E+03
 5.93523E+02	 1.35599E+03
 5.93542E+02	 1.35609E+03
 5.93561E+02	 1.35601E+03
 5.93581E+02	 1.35522E+03
 5.93600E+02	 1.35647E+03
 5.93619E+02	 1.35591E+03
 5.93639E+02	 1.35625E+03
 5.93658E+02	 1.35626E+03
 5.93677E+02	 1.35665E+03
 5.93697E+02	 1.35601E+03
 5.93716E+02	 1.35492E+03
 5.93735E+02	 1.35566E+03
 5.93755E+02	 1.35664E+03
 5.93774E+02	 1.35609E+03
 5.93793E+02	 1.35689E+03
 5.93813E+02	 1.35700E+03
 5.93832E+02	 1.35651E+03
 5.93851E+02	 1.35523E+03
 5.93871E+02	 1.35603E+03
 5.93890E+02	 1.35653E+03
 5.93909E+02	 1.35676E+03
 5.93928E+02	 1.35665E+03
 5.93948E+02	 1.35560E+03
 5.93967E+02	 1.35643E+03
 5.93986E+02	 1.35734E+03
 5.94006E+02	 1.35704E+03
 5.94025E+02	 1.35623E+03
 5.94044E+02	 1.35547E+03
 5.94064E+02	 1.35587E+03
 5.94083E+02	 1.35649E+03
 5.94102E+02	 1.35761E+03
 5.94122E+02	 1.35681E+03
 5.94141E+02	 1.35675E+03
 5.94160E+02	 1.35713E+03
 5.94180E+02	 1.35683E+03
 5.94199E+02	 1.35594E+03
 5.94218E+02	 1.35578E+03
 5.94238E+02	 1.35683E+03
 5.94257E+02	 1.35622E+03
 5.94276E+02	 1.35636E+03
 5.94296E+02	 1.35575E+03
 5.94315E+02	 1.35640E+03
 5.94334E+02	 1.35657E+03
 5.94354E+02	 1.35605E+03
 5.94373E+02	 1.35630E+03
 5.94392E+02	 1.35647E+03
 5.94412E+02	 1.35684E+03
 5.94431E+02	 1.35643E+03
 5.94450E+02	 1.35598E+03
 5.94470E+02	 1.35631E+03
 5.94489E+02	 1.35614E+03
 5.94508E+02	 1.35709E+03
 5.94528E+02	 1.35544E+03
 5.94547E+02	 1.35578E+03
 5.94566E+02	 1.35648E+03
 5.94586E+02	 1.35610E+03
 5.94605E+02	 1.35576E+03
 5.94624E+02	 1.35528E+03
 5.94644E+02	 1.35588E+03
 5.94663E+02	 1.35671E+03
 5.94682E+02	 1.35626E+03
 5.94702E+02	 1.35632E+03
 5.94721E+02	 1.35638E+03
 5.94740E+02	 1.35574E+03
 5.94760E+02	 1.35647E+03
 5.94779E+02	 1.35644E+03
 5.94798E+02	 1.35514E+03
 5.94818E+02	 1.35664E+03
 5.94837E+02	 1.35667E+03
 5.94856E+02	 1.35615E+03
 5.94876E+02	 1.35632E+03
 5.94895E+02	 1.35650E+03
 5.94914E+02	 1.35646E+03
 5.94934E+02	 1.35606E+03
 5.94953E+02	 1.35654E+03
 5.94972E+02	 1.35643E+03
 5.94992E+02	 1.35606E+03
 5.95011E+02	 1.35638E+03
 5.95030E+02	 1.35668E+03
 5.95050E+02	 1.35572E+03
 5.95069E+02	 1.35557E+03
 5.95088E+02	 1.35590E+03
 5.95108E+02	 1.35594E+03
 5.95127E+02	 1.35656E+03
 5.95146E+02	 1.35596E+03
 5.95165E+02	 1.35566E+03
 5.95185E+02	 1.35573E+03
 5.95204E+02	 1.35627E+03
 5.95223E+02	 1.35604E+03
 5.95243E+02	 1.35634E+03
 5.95262E+02	 1.35594E+03
 5.95281E+02	 1.35608E+03
 5.95301E+02	 1.35585E+03
 5.95320E+02	 1.35499E+03
 5.95339E+02	 1.35564E+03
 5.95359E+02	 1.35610E+03
 5.95378E+02	 1.35502E+03
 5.95397E+02	 1.35554E+03
 5.95417E+02	 1.35580E+03
 5.95436E+02	 1.35598E+03
 5.95455E+02	 1.35614E+03
 5.95475E+02	 1.35527E+03
 5.95494E+02	 1.35665E+03
 5.95513E+02	 1.35615E+03
 5.95533E+02	 1.35579E+03
 5.95552E+02	 1.35588E+03
 5.95571E+02	 1.35651E+03
 5.95591E+02	 1.35580E+03
 5.95610E+02	 1.35580E+03
 5.95629E+02	 1.35608E+03
 5.95649E+02	 1.35659E+03
 5.95668E+02	 1.35683E+03
 5.95687E+02	 1.35679E+03
 5.95707E+02	 1.35668E+03
 5.95726E+02	 1.35567E+03
 5.95745E+02	 1.35695E+03
 5.95765E+02	 1.35573E+03
 5.95784E+02	 1.35630E+03
 5.95803E+02	 1.35503E+03
 5.95823E+02	 1.35552E+03
 5.95842E+02	 1.35670E+03
 5.95861E+02	 1.35708E+03
 5.95881E+02	 1.35676E+03
 5.95900E+02	 1.35596E+03
 5.95919E+02	 1.35609E+03
 5.95939E+02	 1.35601E+03
 5.95958E+02	 1.35536E+03
 5.95977E+02	 1.35566E+03
 5.95997E+02	 1.35632E+03
 5.96016E+02	 1.35583E+03
 5.96035E+02	 1.35529E+03
 5.96055E+02	 1.35587E+03
 5.96074E+02	 1.35546E+03
 5.96093E+02	 1.35544E+03
 5.96113E+02	 1.35653E+03
 5.96132E+02	 1.35634E+03
 5.96151E+02	 1.35693E+03
 5.96171E+02	 1.35712E+03
 5.96190E+02	 1.35682E+03
 5.96209E+02	 1.35461E+03
 5.96229E+02	 1.35565E+03
 5.96248E+02	 1.35550E+03
 5.96267E+02	 1.35578E+03
 5.96287E+02	 1.35629E+03
 5.96306E+02	 1.35614E+03
 5.96325E+02	 1.35607E+03
 5.96345E+02	 1.35597E+03
 5.96364E+02	 1.35614E+03
 5.96383E+02	 1.35626E+03
 5.96402E+02	 1.35549E+03
 5.96422E+02	 1.35613E+03
 5.96441E+02	 1.35646E+03
 5.96460E+02	 1.35699E+03
 5.96480E+02	 1.35663E+03
 5.96499E+02	 1.35558E+03
 5.96518E+02	 1.35571E+03
 5.96538E+02	 1.35667E+03
 5.96557E+02	 1.35667E+03
 5.96576E+02	 1.35553E+03
 5.96596E+02	 1.35580E+03
 5.96615E+02	 1.35626E+03
 5.96634E+02	 1.35635E+03
 5.96654E+02	 1.35554E+03
 5.96673E+02	 1.35641E+03
 5.96692E+02	 1.35620E+03
 5.96712E+02	 1.35659E+03
 5.96731E+02	 1.35639E+03
 5.96750E+02	 1.35654E+03
 5.96770E+02	 1.35620E+03
 5.96789E+02	 1.35592E+03
 5.96808E+02	 1.35581E+03
 5.96828E+02	 1.35521E+03
 5.96847E+02	 1.35576E+03
 5.96866E+02	 1.35730E+03
 5.96886E+02	 1.35627E+03
 5.96905E+02	 1.35601E+03
 5.96924E+02	 1.35553E+03
 5.96944E+02	 1.35685E+03
 5.96963E+02	 1.35739E+03
 5.96982E+02	 1.35616E+03
 5.97002E+02	 1.35590E+03
 5.97021E+02	 1.35626E+03
 5.97040E+02	 1.35647E+03
 5.97060E+02	 1.35609E+03
 5.97079E+02	 1.35606E+03
 5.97098E+02	 1.35682E+03
 5.97118E+02	 1.35631E+03
 5.97137E+02	 1.35531E+03
 5.97156E+02	 1.35447E+03
 5.97176E+02	 1.35577E+03
 5.97195E+02	 1.35597E+03
 5.97214E+02	 1.35604E+03
 5.97234E+02	 1.35643E+03
 5.97253E+02	 1.35694E+03
 5.97272E+02	 1.35585E+03
 5.97292E+02	 1.35511E+03
 5.97311E+02	 1.35602E+03
 5.97330E+02	 1.35590E+03
 5.97350E+02	 1.35598E+03
 5.97369E+02	 1.35638E+03
 5.97388E+02	 1.35640E+03
 5.97408E+02	 1.35614E+03
 5.97427E+02	 1.35415E+03
 5.97446E+02	 1.35470E+03
 5.97466E+02	 1.35557E+03
 5.97485E+02	 1.35523E+03
 5.97504E+02	 1.35506E+03
 5.97524E+02	 1.35497E+03
 5.97543E+02	 1.35569E+03
 5.97562E+02	 1.35550E+03
 5.97581E+02	 1.35565E+03
 5.97601E+02	 1.35569E+03
 5.97620E+02	 1.35589E+03
 5.97639E+02	 1.35500E+03
 5.97659E+02	 1.35482E+03
 5.97678E+02	 1.35626E+03
 5.97697E+02	 1.35597E+03
 5.97717E+02	 1.35633E+03
 5.97736E+02	 1.35665E+03
 5.97755E+02	 1.35613E+03
 5.97775E+02	 1.35578E+03
 5.97794E+02	 1.35574E+03
 5.97813E+02	 1.35597E+03
 5.97833E+02	 1.35658E+03
 5.97852E+02	 1.35602E+03
 5.97871E+02	 1.35572E+03
 5.97891E+02	 1.35658E+03
 5.97910E+02	 1.35602E+03
 5.97929E+02	 1.35714E+03
 5.97949E+02	 1.35641E+03
 5.97968E+02	 1.35648E+03
 5.97987E+02	 1.35493E+03
 5.98007E+02	 1.35583E+03
 5.98026E+02	 1.35620E+03
 5.98045E+02	 1.35660E+03
 5.98065E+02	 1.35625E+03
 5.98084E+02	 1.35551E+03
 5.98103E+02	 1.35488E+03
 5.98123E+02	 1.35503E+03
 5.98142E+02	 1.35556E+03
 5.98161E+02	 1.35583E+03
 5.98181E+02	 1.35612E+03
 5.98200E+02	 1.35608E+03
 5.98219E+02	 1.35674E+03
 5.98239E+02	 1.35546E+03
 5.98258E+02	 1.35578E+03
 5.98277E+02	 1.35578E+03
 5.98297E+02	 1.35465E+03
 5.98316E+02	 1.35557E+03
 5.98335E+02	 1.35548E+03
 5.98355E+02	 1.35551E+03
 5.98374E+02	 1.35648E+03
 5.98393E+02	 1.35649E+03
 5.98413E+02	 1.35723E+03
 5.98432E+02	 1.35597E+03
 5.98451E+02	 1.35582E+03
 5.98471E+02	 1.35549E+03
 5.98490E+02	 1.35559E+03
 5.98509E+02	 1.35572E+03
 5.98529E+02	 1.35599E+03
 5.98548E+02	 1.35567E+03
 5.98567E+02	 1.35592E+03
 5.98587E+02	 1.35576E+03
 5.98606E+02	 1.35616E+03
 5.98625E+02	 1.35620E+03
 5.98645E+02	 1.35529E+03
 5.98664E+02	 1.35489E+03
 5.98683E+02	 1.35648E+03
 5.98703E+02	 1.35553E+03
 5.98722E+02	 1.35647E+03
 5.98741E+02	 1.35584E+03
 5.98761E+02	 1.35539E+03
 5.98780E+02	 1.35537E+03
 5.98799E+02	 1.35529E+03
 5.98818E+02	 1.35537E+03
 5.98838E+02	 1.35535E+03
 5.98857E+02	 1.35487E+03
 5.98876E+02	 1.35510E+03
 5.98896E+02	 1.35542E+03
 5.98915E+02	 1.35550E+03
 5.98934E+02	 1.35622E+03
 5.98954E+02	 1.35622E+03
 5.98973E+02	 1.35637E+03
 5.98992E+02	 1.35631E+03
 5.99012E+02	 1.35523E+03
 5.99031E+02	 1.35594E+03
 5.99050E+02	 1.35605E+03
 5.99070E+02	 1.35587E+03
 5.99089E+02	 1.35620E+03
 5.99108E+02	 1.35555E+03
 5.99128E+02	 1.35589E+03
 5.99147E+02	 1.35612E+03
 5.99166E+02	 1.35585E+03
 5.99186E+02	 1.35667E+03
 5.99205E+02	 1.35558E+03
 5.99224E+02	 1.35498E+03
 5.99244E+02	 1.35476E+03
 5.99263E+02	 1.35437E+03
 5.99282E+02	 1.35660E+03
 5.99302E+02	 1.35571E+03
 5.99321E+02	 1.35606E+03
 5.99340E+02	 1.35688E+03
 5.99360E+02	 1.35565E+03
 5.99379E+02	 1.35508E+03
 5.99398E+02	 1.35634E+03
 5.99418E+02	 1.35673E+03
 5.99437E+02	 1.35513E+03
 5.99456E+02	 1.35591E+03
 5.99476E+02	 1.35578E+03
 5.99495E+02	 1.35630E+03
 5.99514E+02	 1.35629E+03
 5.99534E+02	 1.35609E+03
 5.99553E+02	 1.35485E+03
 5.99572E+02	 1.35613E+03
 5.99592E+02	 1.35615E+03
 5.99611E+02	 1.35580E+03
 5.99630E+02	 1.35469E+03
 5.99650E+02	 1.35535E+03
 5.99669E+02	 1.35511E+03
 5.99688E+02	 1.35461E+03
 5.99708E+02	 1.35487E+03
 5.99727E+02	 1.35541E+03
 5.99746E+02	 1.35604E+03
 5.99766E+02	 1.35639E+03
 5.99785E+02	 1.35529E+03
 5.99804E+02	 1.35639E+03
 5.99824E+02	 1.35507E+03
 5.99843E+02	 1.35662E+03
 5.99862E+02	 1.35624E+03
 5.99882E+02	 1.35639E+03
 5.99901E+02	 1.35701E+03
 5.99920E+02	 1.35631E+03
 5.99940E+02	 1.35535E+03
 5.99959E+02	 1.35471E+03
 5.99978E+02	 1.35523E+03
 5.99998E+02	 1.35583E+03
 6.00017E+02	 1.35577E+03
 6.00036E+02	 1.35486E+03
 6.00055E+02	 1.35554E+03
 6.00075E+02	 1.35603E+03
 6.00094E+02	 1.35575E+03
 6.00113E+02	 1.35395E+03
 6.00133E+02	 1.35588E+03
 6.00152E+02	 1.35607E+03
 6.00171E+02	 1.35582E+03
 6.00191E+02	 1.35608E+03
 6.00210E+02	 1.35569E+03
 6.00229E+02	 1.35516E+03
 6.00249E+02	 1.35594E+03
 6.00268E+02	 1.35597E+03
 6.00287E+02	 1.35601E+03
 6.00307E+02	 1.35593E+03
 6.00326E+02	 1.35568E+03
 6.00345E+02	 1.35583E+03
 6.00365E+02	 1.35611E+03
 6.00384E+02	 1.35654E+03
 6.00403E+02	 1.35634E+03
 6.00423E+02	 1.35530E+03
 6.00442E+02	 1.35595E+03
 6.00461E+02	 1.35562E+03
 6.00481E+02	 1.35583E+03
 6.00500E+02	 1.35561E+03
 6.00519E+02	 1.35543E+03
 6.00539E+02	 1.35532E+03
 6.00558E+02	 1.35565E+03
 6.00577E+02	 1.35633E+03
 6.00597E+02	 1.35566E+03
 6.00616E+02	 1.35548E+03
 6.00635E+02	 1.35513E+03
 6.00655E+02	 1.35597E+03
 6.00674E+02	 1.35565E+03
 6.00693E+02	 1.35601E+03
 6.00713E+02	 1.35549E+03
 6.00732E+02	 1.35482E+03
 6.00751E+02	 1.35524E+03
 6.00771E+02	 1.35568E+03
 6.00790E+02	 1.35597E+03
 6.00809E+02	 1.35542E+03
 6.00829E+02	 1.35530E+03
 6.00848E+02	 1.35600E+03
 6.00867E+02	 1.35661E+03
 6.00887E+02	 1.35633E+03
 6.00906E+02	 1.35625E+03
 6.00925E+02	 1.35624E+03
 6.00945E+02	 1.35547E+03
 6.00964E+02	 1.35675E+03
 6.00983E+02	 1.35462E+03
 6.01003E+02	 1.35514E+03
 6.01022E+02	 1.35506E+03
 6.01041E+02	 1.35497E+03
 6.01061E+02	 1.35531E+03
 6.01080E+02	 1.35587E+03
 6.01099E+02	 1.35587E+03
 6.01119E+02	 1.35625E+03
 6.01138E+02	 1.35572E+03
 6.01157E+02	 1.35517E+03
 6.01177E+02	 1.35596E+03
 6.01196E+02	 1.35573E+03
 6.01215E+02	 1.35591E+03
 6.01235E+02	 1.35537E+03
 6.01254E+02	 1.35645E+03
 6.01273E+02	 1.35552E+03
 6.01292E+02	 1.35598E+03
 6.01312E+02	 1.35744E+03
 6.01331E+02	 1.35733E+03
 6.01350E+02	 1.35575E+03
 6.01370E+02	 1.35599E+03
 6.01389E+02	 1.35587E+03
 6.01408E+02	 1.35600E+03
 6.01428E+02	 1.35594E+03
 6.01447E+02	 1.35566E+03
 6.01466E+02	 1.35559E+03
 6.01486E+02	 1.35572E+03
 6.01505E+02	 1.35734E+03
 6.01524E+02	 1.35564E+03
 6.01544E+02	 1.35477E+03
 6.01563E+02	 1.35569E+03
 6.01582E+02	 1.35580E+03
 6.01602E+02	 1.35558E+03
 6.01621E+02	 1.35586E+03
 6.01640E+02	 1.35641E+03
 6.01660E+02	 1.35662E+03
 6.01679E+02	 1.35646E+03
 6.01698E+02	 1.35638E+03
 6.01718E+02	 1.35598E+03
 6.01737E+02	 1.35553E+03
 6.01756E+02	 1.35553E+03
 6.01776E+02	 1.35527E+03
 6.01795E+02	 1.35515E+03
 6.01814E+02	 1.35524E+03
 6.01834E+02	 1.35539E+03
 6.01853E+02	 1.35528E+03
 6.01872E+02	 1.35639E+03
 6.01892E+02	 1.35504E+03
 6.01911E+02	 1.35540E+03
 6.01930E+02	 1.35591E+03
 6.01950E+02	 1.35537E+03
 6.01969E+02	 1.35537E+03
 6.01988E+02	 1.35489E+03
 6.02008E+02	 1.35489E+03
 6.02027E+02	 1.35535E+03
 6.02046E+02	 1.35579E+03
 6.02066E+02	 1.35544E+03
 6.02085E+02	 1.35561E+03
 6.02104E+02	 1.35459E+03
 6.02124E+02	 1.35464E+03
 6.02143E+02	 1.35516E+03
 6.02162E+02	 1.35515E+03
 6.02182E+02	 1.35643E+03
 6.02201E+02	 1.35409E+03
 6.02220E+02	 1.35606E+03
 6.02240E+02	 1.35690E+03
 6.02259E+02	 1.35632E+03
 6.02278E+02	 1.35628E+03
 6.02298E+02	 1.35631E+03
 6.02317E+02	 1.35615E+03
 6.02336E+02	 1.35513E+03
 6.02356E+02	 1.35442E+03
 6.02375E+02	 1.35483E+03
 6.02394E+02	 1.35527E+03
 6.02414E+02	 1.35521E+03
 6.02433E+02	 1.35455E+03
 6.02452E+02	 1.35587E+03
 6.02472E+02	 1.35688E+03
 6.02491E+02	 1.35554E+03
 6.02510E+02	 1.35510E+03
 6.02529E+02	 1.35518E+03
 6.02549E+02	 1.35536E+03
 6.02568E+02	 1.35486E+03
 6.02587E+02	 1.35462E+03
 6.02607E+02	 1.35449E+03
 6.02626E+02	 1.35534E+03
 6.02645E+02	 1.35560E+03
 6.02665E+02	 1.35480E+03
 6.02684E+02	 1.35502E+03
 6.02703E+02	 1.35628E+03
 6.02723E+02	 1.35602E+03
 6.02742E+02	 1.35554E+03
 6.02761E+02	 1.35427E+03
 6.02781E+02	 1.35514E+03
 6.02800E+02	 1.35678E+03
 6.02819E+02	 1.35554E+03
 6.02839E+02	 1.35461E+03
 6.02858E+02	 1.35539E+03
 6.02877E+02	 1.35563E+03
 6.02897E+02	 1.35563E+03
 6.02916E+02	 1.35515E+03
 6.02935E+02	 1.35499E+03
 6.02955E+02	 1.35530E+03
 6.02974E+02	 1.35572E+03
 6.02993E+02	 1.35510E+03
 6.03013E+02	 1.35469E+03
 6.03032E+02	 1.35490E+03
 6.03051E+02	 1.35540E+03
 6.03071E+02	 1.35575E+03
 6.03090E+02	 1.35664E+03
 6.03109E+02	 1.35472E+03
 6.03129E+02	 1.35472E+03
 6.03148E+02	 1.35573E+03
 6.03167E+02	 1.35581E+03
 6.03187E+02	 1.35589E+03
 6.03206E+02	 1.35576E+03
 6.03225E+02	 1.35562E+03
 6.03245E+02	 1.35491E+03
 6.03264E+02	 1.35549E+03
 6.03283E+02	 1.35616E+03
 6.03303E+02	 1.35543E+03
 6.03322E+02	 1.35521E+03
 6.03341E+02	 1.35610E+03
 6.03361E+02	 1.35614E+03
 6.03380E+02	 1.35564E+03
 6.03399E+02	 1.35481E+03
 6.03419E+02	 1.35524E+03
 6.03438E+02	 1.35375E+03
 6.03457E+02	 1.35469E+03
 6.03477E+02	 1.35500E+03
 6.03496E+02	 1.35548E+03
 6.03515E+02	 1.35543E+03
 6.03535E+02	 1.35438E+03
 6.03554E+02	 1.35512E+03
 6.03573E+02	 1.35544E+03
 6.03593E+02	 1.35535E+03
 6.03612E+02	 1.35554E+03
 6.03631E+02	 1.35553E+03
 6.03651E+02	 1.35576E+03
 6.03670E+02	 1.35595E+03
 6.03689E+02	 1.35476E+03
 6.03709E+02	 1.35408E+03
 6.03728E+02	 1.35444E+03
 6.03747E+02	 1.35574E+03
 6.03766E+02	 1.35772E+03
 6.03786E+02	 1.35724E+03
 6.03805E+02	 1.35637E+03
 6.03824E+02	 1.35576E+03
 6.03844E+02	 1.35521E+03
 6.03863E+02	 1.35526E+03
 6.03882E+02	 1.35644E+03
 6.03902E+02	 1.35685E+03
 6.03921E+02	 1.35656E+03
 6.03940E+02	 1.35669E+03
 6.03960E+02	 1.35616E+03
 6.03979E+02	 1.35581E+03
 6.03998E+02	 1.35576E+03
 6.04018E+02	 1.35533E+03
 6.04037E+02	 1.35516E+03
 6.04056E+02	 1.35644E+03
 6.04076E+02	 1.35636E+03
 6.04095E+02	 1.35394E+03
 6.04114E+02	 1.35616E+03
 6.04134E+02	 1.35516E+03
 6.04153E+02	 1.35562E+03
 6.04172E+02	 1.35554E+03
 6.04192E+02	 1.35551E+03
 6.04211E+02	 1.35586E+03
 6.04230E+02	 1.35524E+03
 6.04250E+02	 1.35518E+03
 6.04269E+02	 1.35565E+03
 6.04288E+02	 1.35529E+03
 6.04308E+02	 1.35535E+03
 6.04327E+02	 1.35603E+03
 6.04346E+02	 1.35513E+03
 6.04366E+02	 1.35409E+03
 6.04385E+02	 1.35508E+03
 6.04404E+02	 1.35661E+03
 6.04424E+02	 1.35448E+03
 6.04443E+02	 1.35604E+03
 6.04462E+02	 1.35533E+03
 6.04482E+02	 1.35477E+03
 6.04501E+02	 1.35570E+03
 6.04520E+02	 1.35555E+03
 6.04540E+02	 1.35566E+03
 6.04559E+02	 1.35629E+03
 6.04578E+02	 1.35585E+03
 6.04598E+02	 1.35529E+03
 6.04617E+02	 1.35577E+03
 6.04636E+02	 1.35632E+03
 6.04656E+02	 1.35556E+03
 6.04675E+02	 1.35433E+03
 6.04694E+02	 1.35579E+03
 6.04714E+02	 1.35663E+03
 6.04733E+02	 1.35637E+03
 6.04752E+02	 1.35507E+03
 6.04772E+02	 1.35530E+03
 6.04791E+02	 1.35578E+03
 6.04810E+02	 1.35521E+03
 6.04830E+02	 1.35619E+03
 6.04849E+02	 1.35528E+03
 6.04868E+02	 1.35449E+03
 6.04888E+02	 1.35566E+03
 6.04907E+02	 1.35608E+03
 6.04926E+02	 1.35552E+03
 6.04945E+02	 1.35520E+03
 6.04965E+02	 1.35542E+03
 6.04984E+02	 1.35514E+03
 6.05003E+02	 1.35414E+03
 6.05023E+02	 1.35566E+03
 6.05042E+02	 1.35560E+03
 6.05061E+02	 1.35627E+03
 6.05081E+02	 1.35620E+03
 6.05100E+02	 1.35527E+03
 6.05119E+02	 1.35444E+03
 6.05139E+02	 1.35483E+03
 6.05158E+02	 1.35493E+03
 6.05177E+02	 1.35493E+03
 6.05197E+02	 1.35565E+03
 6.05216E+02	 1.35530E+03
 6.05235E+02	 1.35608E+03
 6.05255E+02	 1.35575E+03
 6.05274E+02	 1.35593E+03
 6.05293E+02	 1.35570E+03
 6.05313E+02	 1.35447E+03
 6.05332E+02	 1.35452E+03
 6.05351E+02	 1.35517E+03
 6.05371E+02	 1.35595E+03
 6.05390E+02	 1.35601E+03
 6.05409E+02	 1.35479E+03
 6.05429E+02	 1.35498E+03
 6.05448E+02	 1.35594E+03
 6.05467E+02	 1.35522E+03
 6.05487E+02	 1.35621E+03
 6.05506E+02	 1.35673E+03
 6.05525E+02	 1.35593E+03
 6.05545E+02	 1.35639E+03
 6.05564E+02	 1.35531E+03
 6.05583E+02	 1.35516E+03
 6.05603E+02	 1.35502E+03
 6.05622E+02	 1.35443E+03
 6.05641E+02	 1.35498E+03
 6.05661E+02	 1.35591E+03
 6.05680E+02	 1.35606E+03
 6.05699E+02	 1.35585E+03
 6.05719E+02	 1.35553E+03
 6.05738E+02	 1.35636E+03
 6.05757E+02	 1.35640E+03
 6.05777E+02	 1.35625E+03
 6.05796E+02	 1.35496E+03
 6.05815E+02	 1.35523E+03
 6.05835E+02	 1.35484E+03
 6.05854E+02	 1.35566E+03
 6.05873E+02	 1.35687E+03
 6.05893E+02	 1.35669E+03
 6.05912E+02	 1.35634E+03
 6.05931E+02	 1.35563E+03
 6.05951E+02	 1.35458E+03
 6.05970E+02	 1.35455E+03
 6.05989E+02	 1.35489E+03
 6.06009E+02	 1.35558E+03
 6.06028E+02	 1.35641E+03
 6.06047E+02	 1.35626E+03
 6.06067E+02	 1.35551E+03
 6.06086E+02	 1.35555E+03
 6.06105E+02	 1.35770E+03
 6.06125E+02	 1.35754E+03
 6.06144E+02	 1.35605E+03
 6.06163E+02	 1.35524E+03
 6.06182E+02	 1.35573E+03
 6.06202E+02	 1.35608E+03
 6.06221E+02	 1.35586E+03
 6.06240E+02	 1.35607E+03
 6.06260E+02	 1.35505E+03
 6.06279E+02	 1.35358E+03
 6.06298E+02	 1.35467E+03
 6.06318E+02	 1.35544E+03
 6.06337E+02	 1.35576E+03
 6.06356E+02	 1.35593E+03
 6.06376E+02	 1.35543E+03
 6.06395E+02	 1.35479E+03
 6.06414E+02	 1.35523E+03
 6.06434E+02	 1.35591E+03
 6.06453E+02	 1.35588E+03
 6.06472E+02	 1.35632E+03
 6.06492E+02	 1.35642E+03
 6.06511E+02	 1.35652E+03
 6.06530E+02	 1.35458E+03
 6.06550E+02	 1.35612E+03
 6.06569E+02	 1.35395E+03
 6.06588E+02	 1.35598E+03
 6.06608E+02	 1.35596E+03
 6.06627E+02	 1.35556E+03
 6.06646E+02	 1.35540E+03
 6.06666E+02	 1.35526E+03
 6.06685E+02	 1.35545E+03
 6.06704E+02	 1.35565E+03
 6.06724E+02	 1.35592E+03
 6.06743E+02	 1.35611E+03
 6.06762E+02	 1.35587E+03
 6.06782E+02	 1.35592E+03
 6.06801E+02	 1.35596E+03
 6.06820E+02	 1.35533E+03
 6.06840E+02	 1.35578E+03
 6.06859E+02	 1.35463E+03
 6.06878E+02	 1.35522E+03
 6.06898E+02	 1.35536E+03
 6.06917E+02	 1.35605E+03
 6.06936E+02	 1.35539E+03
 6.06956E+02	 1.35589E+03
 6.06975E+02	 1.35498E+03
 6.06994E+02	 1.35566E+03
 6.07014E+02	 1.35458E+03
 6.07033E+02	 1.35530E+03
 6.07052E+02	 1.35572E+03
 6.07072E+02	 1.35557E+03
 6.07091E+02	 1.35505E+03
 6.07110E+02	 1.35466E+03
 6.07130E+02	 1.35535E+03
 6.07149E+02	 1.35608E+03
 6.07168E+02	 1.35624E+03
 6.07188E+02	 1.35640E+03
 6.07207E+02	 1.35578E+03
 6.07226E+02	 1.35588E+03
 6.07246E+02	 1.35544E+03
 6.07265E+02	 1.35408E+03
 6.07284E+02	 1.35490E+03
 6.07304E+02	 1.35548E+03
 6.07323E+02	 1.35580E+03
 6.07342E+02	 1.35506E+03
 6.07362E+02	 1.35553E+03
 6.07381E+02	 1.35473E+03
 6.07400E+02	 1.35565E+03
 6.07419E+02	 1.35521E+03
 6.07439E+02	 1.35439E+03
 6.07458E+02	 1.35473E+03
 6.07477E+02	 1.35516E+03
 6.07497E+02	 1.35477E+03
 6.07516E+02	 1.35464E+03
 6.07535E+02	 1.35531E+03
 6.07555E+02	 1.35549E+03
 6.07574E+02	 1.35535E+03
 6.07593E+02	 1.35618E+03
 6.07613E+02	 1.35608E+03
 6.07632E+02	 1.35621E+03
 6.07651E+02	 1.35628E+03
 6.07671E+02	 1.35581E+03
 6.07690E+02	 1.35532E+03
 6.07709E+02	 1.35564E+03
 6.07729E+02	 1.35497E+03
 6.07748E+02	 1.35490E+03
 6.07767E+02	 1.35559E+03
 6.07787E+02	 1.35474E+03
 6.07806E+02	 1.35431E+03
 6.07825E+02	 1.35446E+03
 6.07845E+02	 1.35475E+03
 6.07864E+02	 1.35490E+03
 6.07883E+02	 1.35549E+03
 6.07903E+02	 1.35493E+03
 6.07922E+02	 1.35484E+03
 6.07941E+02	 1.35555E+03
 6.07961E+02	 1.35591E+03
 6.07980E+02	 1.35543E+03
 6.07999E+02	 1.35536E+03
 6.08019E+02	 1.35481E+03
 6.08038E+02	 1.35444E+03
 6.08057E+02	 1.35491E+03
 6.08077E+02	 1.35630E+03
 6.08096E+02	 1.35602E+03
 6.08115E+02	 1.35511E+03
 6.08135E+02	 1.35597E+03
 6.08154E+02	 1.35542E+03
 6.08173E+02	 1.35545E+03
 6.08193E+02	 1.35571E+03
 6.08212E+02	 1.35526E+03
 6.08231E+02	 1.35488E+03
 6.08251E+02	 1.35497E+03
 6.08270E+02	 1.35617E+03
 6.08289E+02	 1.35530E+03
 6.08309E+02	 1.35462E+03
 6.08328E+02	 1.35526E+03
 6.08347E+02	 1.35512E+03
 6.08367E+02	 1.35515E+03
 6.08386E+02	 1.35536E+03
 6.08405E+02	 1.35541E+03
 6.08425E+02	 1.35450E+03
 6.08444E+02	 1.35545E+03
 6.08463E+02	 1.35519E+03
 6.08483E+02	 1.35506E+03
 6.08502E+02	 1.35522E+03
 6.08521E+02	 1.35597E+03
 6.08541E+02	 1.35533E+03
 6.08560E+02	 1.35487E+03
 6.08579E+02	 1.35533E+03
 6.08599E+02	 1.35516E+03
 6.08618E+02	 1.35494E+03
 6.08637E+02	 1.35557E+03
 6.08656E+02	 1.35574E+03
 6.08676E+02	 1.35477E+03
 6.08695E+02	 1.35430E+03
 6.08714E+02	 1.35511E+03
 6.08734E+02	 1.35633E+03
 6.08753E+02	 1.35547E+03
 6.08772E+02	 1.35463E+03
 6.08792E+02	 1.35502E+03
 6.08811E+02	 1.35487E+03
 6.08830E+02	 1.35564E+03
 6.08850E+02	 1.35551E+03
 6.08869E+02	 1.35552E+03
 6.08888E+02	 1.35604E+03
 6.08908E+02	 1.35621E+03
 6.08927E+02	 1.35498E+03
 6.08946E+02	 1.35681E+03
 6.08966E+02	 1.35487E+03
 6.08985E+02	 1.35472E+03
 6.09004E+02	 1.35572E+03
 6.09024E+02	 1.35502E+03
 6.09043E+02	 1.35484E+03
 6.09062E+02	 1.35525E+03
 6.09082E+02	 1.35462E+03
 6.09101E+02	 1.35455E+03
 6.09120E+02	 1.35444E+03
 6.09140E+02	 1.35526E+03
 6.09159E+02	 1.35559E+03
 6.09178E+02	 1.35431E+03
 6.09198E+02	 1.35495E+03
 6.09217E+02	 1.35599E+03
 6.09236E+02	 1.35521E+03
 6.09256E+02	 1.35512E+03
 6.09275E+02	 1.35614E+03
 6.09294E+02	 1.35600E+03
 6.09314E+02	 1.35438E+03
 6.09333E+02	 1.35423E+03
 6.09352E+02	 1.35508E+03
 6.09372E+02	 1.35449E+03
 6.09391E+02	 1.35589E+03
 6.09410E+02	 1.35571E+03
 6.09430E+02	 1.35634E+03
 6.09449E+02	 1.35565E+03
 6.09468E+02	 1.35583E+03
 6.09488E+02	 1.35517E+03
 6.09507E+02	 1.35514E+03
 6.09526E+02	 1.35460E+03
 6.09546E+02	 1.35512E+03
 6.09565E+02	 1.35598E+03
 6.09584E+02	 1.35543E+03
 6.09604E+02	 1.35517E+03
 6.09623E+02	 1.35516E+03
 6.09642E+02	 1.35525E+03
 6.09662E+02	 1.35496E+03
 6.09681E+02	 1.35468E+03
 6.09700E+02	 1.35524E+03
 6.09720E+02	 1.35520E+03
 6.09739E+02	 1.35453E+03
 6.09758E+02	 1.35529E+03
 6.09778E+02	 1.35494E+03
 6.09797E+02	 1.35605E+03
 6.09816E+02	 1.35538E+03
 6.09836E+02	 1.35562E+03
 6.09855E+02	 1.35531E+03
 6.09874E+02	 1.35466E+03
 6.09893E+02	 1.35527E+03
 6.09913E+02	 1.35646E+03
 6.09932E+02	 1.35592E+03
 6.09951E+02	 1.35541E+03
 6.09971E+02	 1.35576E+03
 6.09990E+02	 1.35569E+03
 6.10009E+02	 1.35578E+03
 6.10029E+02	 1.35533E+03
 6.10048E+02	 1.35399E+03
 6.10067E+02	 1.35505E+03
 6.10087E+02	 1.35541E+03
 6.10106E+02	 1.35562E+03
 6.10125E+02	 1.35508E+03
 6.10145E+02	 1.35487E+03
 6.10164E+02	 1.35517E+03
 6.10183E+02	 1.35531E+03
 6.10203E+02	 1.35605E+03
 6.10222E+02	 1.35457E+03
 6.10241E+02	 1.35407E+03
 6.10261E+02	 1.35592E+03
 6.10280E+02	 1.35461E+03
 6.10299E+02	 1.35487E+03
 6.10319E+02	 1.35532E+03
 6.10338E+02	 1.35433E+03
 6.10357E+02	 1.35456E+03
 6.10377E+02	 1.35481E+03
 6.10396E+02	 1.35477E+03
 6.10415E+02	 1.35471E+03
 6.10435E+02	 1.35487E+03
 6.10454E+02	 1.35610E+03
 6.10473E+02	 1.35566E+03
 6.10493E+02	 1.35463E+03
 6.10512E+02	 1.35457E+03
 6.10531E+02	 1.35444E+03
 6.10551E+02	 1.35465E+03
 6.10570E+02	 1.35555E+03
 6.10589E+02	 1.35487E+03
 6.10609E+02	 1.35426E+03
 6.10628E+02	 1.35618E+03
 6.10647E+02	 1.35424E+03
 6.10667E+02	 1.35510E+03
 6.10686E+02	 1.35539E+03
 6.10705E+02	 1.35371E+03
 6.10725E+02	 1.35599E+03
 6.10744E+02	 1.35470E+03
 6.10763E+02	 1.35411E+03
 6.10783E+02	 1.35474E+03
 6.10802E+02	 1.35454E+03
 6.10821E+02	 1.35585E+03
 6.10841E+02	 1.35479E+03
 6.10860E+02	 1.35489E+03
 6.10879E+02	 1.35497E+03
 6.10899E+02	 1.35520E+03
 6.10918E+02	 1.35495E+03
 6.10937E+02	 1.35446E+03
 6.10957E+02	 1.35442E+03
 6.10976E+02	 1.35473E+03
 6.10995E+02	 1.35506E+03
 6.11015E+02	 1.35527E+03
 6.11034E+02	 1.35416E+03
 6.11053E+02	 1.35477E+03
 6.11073E+02	 1.35426E+03
 6.11092E+02	 1.35476E+03
 6.11111E+02	 1.35495E+03
 6.11130E+02	 1.35486E+03
 6.11150E+02	 1.35491E+03
 6.11169E+02	 1.35534E+03
 6.11188E+02	 1.35501E+03
 6.11208E+02	 1.35575E+03
 6.11227E+02	 1.35622E+03
 6.11246E+02	 1.35448E+03
 6.11266E+02	 1.35451E+03
 6.11285E+02	 1.35398E+03
 6.11304E+02	 1.35455E+03
 6.11324E+02	 1.35472E+03
 6.11343E+02	 1.35507E+03
 6.11362E+02	 1.35455E+03
 6.11382E+02	 1.35448E+03
 6.11401E+02	 1.35409E+03
 6.11420E+02	 1.35450E+03
 6.11440E+02	 1.35516E+03
 6.11459E+02	 1.35519E+03
 6.11478E+02	 1.35534E+03
 6.11498E+02	 1.35572E+03
 6.11517E+02	 1.35494E+03
 6.11536E+02	 1.35427E+03
 6.11556E+02	 1.35532E+03
 6.11575E+02	 1.35537E+03
 6.11594E+02	 1.35469E+03
 6.11614E+02	 1.35453E+03
 6.11633E+02	 1.35463E+03
 6.11652E+02	 1.35628E+03
 6.11672E+02	 1.35621E+03
 6.11691E+02	 1.35521E+03
 6.11710E+02	 1.35485E+03
 6.11730E+02	 1.35465E+03
 6.11749E+02	 1.35475E+03
 6.11768E+02	 1.35455E+03
 6.11788E+02	 1.35541E+03
 6.11807E+02	 1.35587E+03
 6.11826E+02	 1.35528E+03
 6.11846E+02	 1.35464E+03
 6.11865E+02	 1.35517E+03
 6.11884E+02	 1.35535E+03
 6.11904E+02	 1.35519E+03
 6.11923E+02	 1.35541E+03
 6.11942E+02	 1.35505E+03
 6.11962E+02	 1.35520E+03
 6.11981E+02	 1.35449E+03
 6.12000E+02	 1.35429E+03
 6.12020E+02	 1.35453E+03
 6.12039E+02	 1.35361E+03
 6.12058E+02	 1.35440E+03
 6.12078E+02	 1.35517E+03
 6.12097E+02	 1.35530E+03
 6.12116E+02	 1.35559E+03
 6.12136E+02	 1.35541E+03
 6.12155E+02	 1.35432E+03
 6.12174E+02	 1.35548E+03
 6.12194E+02	 1.35506E+03
 6.12213E+02	 1.35514E+03
 6.12232E+02	 1.35556E+03
 6.12252E+02	 1.35378E+03
 6.12271E+02	 1.35600E+03
 6.12290E+02	 1.35508E+03
 6.12309E+02	 1.35445E+03
 6.12329E+02	 1.35432E+03
 6.12348E+02	 1.35445E+03
 6.12367E+02	 1.35430E+03
 6.12387E+02	 1.35481E+03
 6.12406E+02	 1.35491E+03
 6.12425E+02	 1.35495E+03
 6.12445E+02	 1.35535E+03
 6.12464E+02	 1.35560E+03
 6.12483E+02	 1.35557E+03
 6.12503E+02	 1.35517E+03
 6.12522E+02	 1.35449E+03
 6.12541E+02	 1.35552E+03
 6.12561E+02	 1.35520E+03
 6.12580E+02	 1.35568E+03
 6.12599E+02	 1.35486E+03
 6.12619E+02	 1.35570E+03
 6.12638E+02	 1.35509E+03
 6.12657E+02	 1.35498E+03
 6.12677E+02	 1.35421E+03
 6.12696E+02	 1.35500E+03
 6.12715E+02	 1.35527E+03
 6.12735E+02	 1.35491E+03
 6.12754E+02	 1.35371E+03
 6.12773E+02	 1.35436E+03
 6.12793E+02	 1.35489E+03
 6.12812E+02	 1.35444E+03
 6.12831E+02	 1.35608E+03
 6.12851E+02	 1.35493E+03
 6.12870E+02	 1.35408E+03
 6.12889E+02	 1.35508E+03
 6.12909E+02	 1.35513E+03
 6.12928E+02	 1.35503E+03
 6.12947E+02	 1.35414E+03
 6.12967E+02	 1.35369E+03
 6.12986E+02	 1.35412E+03
 6.13005E+02	 1.35502E+03
 6.13025E+02	 1.35561E+03
 6.13044E+02	 1.35577E+03
 6.13063E+02	 1.35547E+03
 6.13083E+02	 1.35494E+03
 6.13102E+02	 1.35530E+03
 6.13121E+02	 1.35484E+03
 6.13141E+02	 1.35516E+03
 6.13160E+02	 1.35415E+03
 6.13179E+02	 1.35542E+03
 6.13199E+02	 1.35518E+03
 6.13218E+02	 1.35582E+03
 6.13237E+02	 1.35554E+03
 6.13257E+02	 1.35498E+03
 6.13276E+02	 1.35480E+03
 6.13295E+02	 1.35495E+03
 6.13315E+02	 1.35481E+03
 6.13334E+02	 1.35505E+03
 6.13353E+02	 1.35626E+03
 6.13373E+02	 1.35558E+03
 6.13392E+02	 1.35546E+03
 6.13411E+02	 1.35598E+03
 6.13431E+02	 1.35534E+03
 6.13450E+02	 1.35551E+03
 6.13469E+02	 1.35629E+03
 6.13489E+02	 1.35648E+03
 6.13508E+02	 1.35577E+03
 6.13527E+02	 1.35491E+03
 6.13546E+02	 1.35460E+03
 6.13566E+02	 1.35456E+03
 6.13585E+02	 1.35470E+03
 6.13604E+02	 1.35498E+03
 6.13624E+02	 1.35527E+03
 6.13643E+02	 1.35489E+03
 6.13662E+02	 1.35501E+03
 6.13682E+02	 1.35511E+03
 6.13701E+02	 1.35519E+03
 6.13720E+02	 1.35529E+03
 6.13740E+02	 1.35555E+03
 6.13759E+02	 1.35555E+03
 6.13778E+02	 1.35401E+03
 6.13798E+02	 1.35493E+03
 6.13817E+02	 1.35483E+03
 6.13836E+02	 1.35596E+03
 6.13856E+02	 1.35488E+03
 6.13875E+02	 1.35627E+03
 6.13894E+02	 1.35511E+03
 6.13914E+02	 1.35433E+03
 6.13933E+02	 1.35417E+03
 6.13952E+02	 1.35495E+03
 6.13972E+02	 1.35483E+03
 6.13991E+02	 1.35468E+03
 6.14010E+02	 1.35546E+03
 6.14030E+02	 1.35557E+03
 6.14049E+02	 1.35534E+03
 6.14068E+02	 1.35554E+03
 6.14088E+02	 1.35489E+03
 6.14107E+02	 1.35462E+03
 6.14126E+02	 1.35526E+03
 6.14146E+02	 1.35516E+03
 6.14165E+02	 1.35501E+03
 6.14184E+02	 1.35442E+03
 6.14204E+02	 1.35492E+03
 6.14223E+02	 1.35651E+03
 6.14242E+02	 1.35501E+03
 6.14262E+02	 1.35565E+03
 6.14281E+02	 1.35521E+03
 6.14300E+02	 1.35540E+03
 6.14320E+02	 1.35482E+03
 6.14339E+02	 1.35431E+03
 6.14358E+02	 1.35503E+03
 6.14378E+02	 1.35471E+03
 6.14397E+02	 1.35528E+03
 6.14416E+02	 1.35496E+03
 6.14436E+02	 1.35640E+03
 6.14455E+02	 1.35471E+03
 6.14474E+02	 1.35477E+03
 6.14494E+02	 1.35527E+03
 6.14513E+02	 1.35476E+03
 6.14532E+02	 1.35464E+03
 6.14552E+02	 1.35484E+03
 6.14571E+02	 1.35355E+03
 6.14590E+02	 1.35452E+03
 6.14610E+02	 1.35626E+03
 6.14629E+02	 1.35570E+03
 6.14648E+02	 1.35425E+03
 6.14668E+02	 1.35454E+03
 6.14687E+02	 1.35510E+03
 6.14706E+02	 1.35492E+03
 6.14726E+02	 1.35520E+03
 6.14745E+02	 1.35593E+03
 6.14764E+02	 1.35604E+03
 6.14783E+02	 1.35535E+03
 6.14803E+02	 1.35495E+03
 6.14822E+02	 1.35537E+03
 6.14841E+02	 1.35507E+03
 6.14861E+02	 1.35457E+03
 6.14880E+02	 1.35475E+03
 6.14899E+02	 1.35545E+03
 6.14919E+02	 1.35606E+03
 6.14938E+02	 1.35541E+03
 6.14957E+02	 1.35462E+03
 6.14977E+02	 1.35479E+03
 6.14996E+02	 1.35483E+03
 6.15015E+02	 1.35424E+03
 6.15035E+02	 1.35509E+03
 6.15054E+02	 1.35437E+03
 6.15073E+02	 1.35464E+03
 6.15093E+02	 1.35551E+03
 6.15112E+02	 1.35618E+03
 6.15131E+02	 1.35541E+03
 6.15151E+02	 1.35598E+03
 6.15170E+02	 1.35489E+03
 6.15189E+02	 1.35448E+03
 6.15209E+02	 1.35481E+03
 6.15228E+02	 1.35481E+03
 6.15247E+02	 1.35488E+03
 6.15267E+02	 1.35580E+03
 6.15286E+02	 1.35409E+03
 6.15305E+02	 1.35528E+03
 6.15325E+02	 1.35609E+03
 6.15344E+02	 1.35516E+03
 6.15363E+02	 1.35400E+03
 6.15383E+02	 1.35434E+03
 6.15402E+02	 1.35432E+03
 6.15421E+02	 1.35463E+03
 6.15441E+02	 1.35512E+03
 6.15460E+02	 1.35528E+03
 6.15479E+02	 1.35545E+03
 6.15499E+02	 1.35548E+03
 6.15518E+02	 1.35496E+03
 6.15537E+02	 1.35433E+03
 6.15557E+02	 1.35469E+03
 6.15576E+02	 1.35535E+03
 6.15595E+02	 1.35534E+03
 6.15615E+02	 1.35535E+03
 6.15634E+02	 1.35521E+03
 6.15653E+02	 1.35472E+03
 6.15673E+02	 1.35536E+03
 6.15692E+02	 1.35515E+03
 6.15711E+02	 1.35525E+03
 6.15731E+02	 1.35605E+03
 6.15750E+02	 1.35493E+03
 6.15769E+02	 1.35486E+03
 6.15789E+02	 1.35465E+03
 6.15808E+02	 1.35446E+03
 6.15827E+02	 1.35462E+03
 6.15847E+02	 1.35465E+03
 6.15866E+02	 1.35482E+03
 6.15885E+02	 1.35546E+03
 6.15905E+02	 1.35505E+03
 6.15924E+02	 1.35426E+03
 6.15943E+02	 1.35503E+03
 6.15963E+02	 1.35494E+03
 6.15982E+02	 1.35533E+03
 6.16001E+02	 1.35538E+03
 6.16020E+02	 1.35543E+03
 6.16040E+02	 1.35423E+03
 6.16059E+02	 1.35435E+03
 6.16078E+02	 1.35451E+03
 6.16098E+02	 1.35548E+03
 6.16117E+02	 1.35489E+03
 6.16136E+02	 1.35512E+03
 6.16156E+02	 1.35446E+03
 6.16175E+02	 1.35416E+03
 6.16194E+02	 1.35482E+03
 6.16214E+02	 1.35473E+03
 6.16233E+02	 1.35494E+03
 6.16252E+02	 1.35499E+03
 6.16272E+02	 1.35506E+03
 6.16291E+02	 1.35524E+03
 6.16310E+02	 1.35446E+03
 6.16330E+02	 1.35458E+03
 6.16349E+02	 1.35579E+03
 6.16368E+02	 1.35565E+03
 6.16388E+02	 1.35521E+03
 6.16407E+02	 1.35469E+03
 6.16426E+02	 1.35531E+03
 6.16446E+02	 1.35476E+03
 6.16465E+02	 1.35433E+03
 6.16484E+02	 1.35485E+03
 6.16504E+02	 1.35475E+03
 6.16523E+02	 1.35439E+03
 6.16542E+02	 1.35548E+03
 6.16562E+02	 1.35530E+03
 6.16581E+02	 1.35523E+03
 6.16600E+02	 1.35570E+03
 6.16620E+02	 1.35491E+03
 6.16639E+02	 1.35527E+03
 6.16658E+02	 1.35582E+03
 6.16678E+02	 1.35549E+03
 6.16697E+02	 1.35467E+03
 6.16716E+02	 1.35519E+03
 6.16736E+02	 1.35490E+03
 6.16755E+02	 1.35494E+03
 6.16774E+02	 1.35407E+03
 6.16794E+02	 1.35508E+03
 6.16813E+02	 1.35395E+03
 6.16832E+02	 1.35397E+03
 6.16852E+02	 1.35507E+03
 6.16871E+02	 1.35461E+03
 6.16890E+02	 1.35516E+03
 6.16910E+02	 1.35551E+03
 6.16929E+02	 1.35488E+03
 6.16948E+02	 1.35567E+03
 6.16968E+02	 1.35492E+03
 6.16987E+02	 1.35463E+03
 6.17006E+02	 1.35488E+03
 6.17026E+02	 1.35531E+03
 6.17045E+02	 1.35551E+03
 6.17064E+02	 1.35410E+03
 6.17084E+02	 1.35519E+03
 6.17103E+02	 1.35455E+03
 6.17122E+02	 1.35462E+03
 6.17142E+02	 1.35521E+03
 6.17161E+02	 1.35592E+03
 6.17180E+02	 1.35446E+03
 6.17200E+02	 1.35461E+03
 6.17219E+02	 1.35525E+03
 6.17238E+02	 1.35502E+03
 6.17257E+02	 1.35537E+03
 6.17277E+02	 1.35389E+03
 6.17296E+02	 1.35529E+03
 6.17315E+02	 1.35486E+03
 6.17335E+02	 1.35452E+03
 6.17354E+02	 1.35454E+03
 6.17373E+02	 1.35497E+03
 6.17393E+02	 1.35513E+03
 6.17412E+02	 1.35511E+03
 6.17431E+02	 1.35554E+03
 6.17451E+02	 1.35517E+03
 6.17470E+02	 1.35453E+03
 6.17489E+02	 1.35486E+03
 6.17509E+02	 1.35329E+03
 6.17528E+02	 1.35513E+03
 6.17547E+02	 1.35522E+03
 6.17567E+02	 1.35400E+03
 6.17586E+02	 1.35514E+03
 6.17605E+02	 1.35544E+03
 6.17625E+02	 1.35573E+03
 6.17644E+02	 1.35493E+03
 6.17663E+02	 1.35459E+03
 6.17683E+02	 1.35460E+03
 6.17702E+02	 1.35446E+03
 6.17721E+02	 1.35529E+03
 6.17741E+02	 1.35504E+03
 6.17760E+02	 1.35478E+03
 6.17779E+02	 1.35544E+03
 6.17799E+02	 1.35531E+03
 6.17818E+02	 1.35543E+03
 6.17837E+02	 1.35524E+03
 6.17857E+02	 1.35486E+03
 6.17876E+02	 1.35480E+03
 6.17895E+02	 1.35437E+03
 6.17915E+02	 1.35487E+03
 6.17934E+02	 1.35427E+03
 6.17953E+02	 1.35444E+03
 6.17973E+02	 1.35535E+03
 6.17992E+02	 1.35483E+03
 6.18011E+02	 1.35568E+03
 6.18031E+02	 1.35427E+03
 6.18050E+02	 1.35566E+03
 6.18069E+02	 1.35505E+03
 6.18089E+02	 1.35451E+03
 6.18108E+02	 1.35546E+03
 6.18127E+02	 1.35439E+03
 6.18147E+02	 1.35497E+03
 6.18166E+02	 1.35419E+03
 6.18185E+02	 1.35476E+03
 6.18205E+02	 1.35551E+03
 6.18224E+02	 1.35631E+03
 6.18243E+02	 1.35621E+03
 6.18263E+02	 1.35537E+03
 6.18282E+02	 1.35516E+03
 6.18301E+02	 1.35512E+03
 6.18321E+02	 1.35498E+03
 6.18340E+02	 1.35503E+03
 6.18359E+02	 1.35554E+03
 6.18379E+02	 1.35497E+03
 6.18398E+02	 1.35458E+03
 6.18417E+02	 1.35448E+03
 6.18437E+02	 1.35498E+03
 6.18456E+02	 1.35528E+03
 6.18475E+02	 1.35696E+03
 6.18494E+02	 1.35570E+03
 6.18514E+02	 1.35474E+03
 6.18533E+02	 1.35467E+03
 6.18552E+02	 1.35403E+03
 6.18572E+02	 1.35407E+03
 6.18591E+02	 1.35456E+03
 6.18610E+02	 1.35491E+03
 6.18630E+02	 1.35467E+03
 6.18649E+02	 1.35541E+03
 6.18668E+02	 1.35504E+03
 6.18688E+02	 1.35464E+03
 6.18707E+02	 1.35453E+03
 6.18726E+02	 1.35469E+03
 6.18746E+02	 1.35529E+03
 6.18765E+02	 1.35607E+03
 6.18784E+02	 1.35607E+03
 6.18804E+02	 1.35571E+03
 6.18823E+02	 1.35377E+03
 6.18842E+02	 1.35398E+03
 6.18862E+02	 1.35399E+03
 6.18881E+02	 1.35548E+03
 6.18900E+02	 1.35424E+03
 6.18920E+02	 1.35588E+03
 6.18939E+02	 1.35530E+03
 6.18958E+02	 1.35490E+03
 6.18978E+02	 1.35577E+03
 6.18997E+02	 1.35482E+03
 6.19016E+02	 1.35571E+03
 6.19036E+02	 1.35568E+03
 6.19055E+02	 1.35525E+03
 6.19074E+02	 1.35446E+03
 6.19094E+02	 1.35503E+03
 6.19113E+02	 1.35552E+03
 6.19132E+02	 1.35529E+03
 6.19152E+02	 1.35475E+03
 6.19171E+02	 1.35482E+03
 6.19190E+02	 1.35556E+03
 6.19210E+02	 1.35527E+03
 6.19229E+02	 1.35467E+03
 6.19248E+02	 1.35479E+03
 6.19268E+02	 1.35389E+03
 6.19287E+02	 1.35491E+03
 6.19306E+02	 1.35450E+03
 6.19326E+02	 1.35395E+03
 6.19345E+02	 1.35424E+03
 6.19364E+02	 1.35330E+03
 6.19384E+02	 1.35423E+03
 6.19403E+02	 1.35506E+03
 6.19422E+02	 1.35391E+03
 6.19442E+02	 1.35437E+03
 6.19461E+02	 1.35393E+03
 6.19480E+02	 1.35581E+03
 6.19500E+02	 1.35551E+03
 6.19519E+02	 1.35498E+03
 6.19538E+02	 1.35429E+03
 6.19558E+02	 1.35414E+03
 6.19577E+02	 1.35507E+03
 6.19596E+02	 1.35532E+03
 6.19616E+02	 1.35509E+03
 6.19635E+02	 1.35574E+03
 6.19654E+02	 1.35508E+03
 6.19673E+02	 1.35347E+03
 6.19693E+02	 1.35354E+03
 6.19712E+02	 1.35446E+03
 6.19731E+02	 1.35437E+03
 6.19751E+02	 1.35452E+03
 6.19770E+02	 1.35562E+03
 6.19789E+02	 1.35564E+03
 6.19809E+02	 1.35487E+03
 6.19828E+02	 1.35449E+03
 6.19847E+02	 1.35513E+03
 6.19867E+02	 1.35441E+03
 6.19886E+02	 1.35487E+03
 6.19905E+02	 1.35631E+03
 6.19925E+02	 1.35497E+03
 6.19944E+02	 1.35527E+03
 6.19963E+02	 1.35457E+03
 6.19983E+02	 1.35544E+03
 6.20002E+02	 1.35596E+03
 6.20021E+02	 1.35461E+03
 6.20041E+02	 1.35458E+03
 6.20060E+02	 1.35446E+03
 6.20079E+02	 1.35468E+03
 6.20099E+02	 1.35569E+03
 6.20118E+02	 1.35563E+03
 6.20137E+02	 1.35502E+03
 6.20157E+02	 1.35497E+03
 6.20176E+02	 1.35489E+03
 6.20195E+02	 1.35492E+03
 6.20215E+02	 1.35482E+03
 6.20234E+02	 1.35462E+03
 6.20253E+02	 1.35626E+03
 6.20273E+02	 1.35521E+03
 6.20292E+02	 1.35553E+03
 6.20311E+02	 1.35503E+03
 6.20331E+02	 1.35487E+03
 6.20350E+02	 1.35396E+03
 6.20369E+02	 1.35441E+03
 6.20389E+02	 1.35540E+03
 6.20408E+02	 1.35436E+03
 6.20427E+02	 1.35522E+03
 6.20447E+02	 1.35587E+03
 6.20466E+02	 1.35464E+03
 6.20485E+02	 1.35470E+03
 6.20505E+02	 1.35555E+03
 6.20524E+02	 1.35552E+03
 6.20543E+02	 1.35528E+03
 6.20563E+02	 1.35463E+03
 6.20582E+02	 1.35432E+03
 6.20601E+02	 1.35389E+03
 6.20621E+02	 1.35371E+03
 6.20640E+02	 1.35446E+03
 6.20659E+02	 1.35474E+03
 6.20679E+02	 1.35384E+03
 6.20698E+02	 1.35365E+03
 6.20717E+02	 1.35467E+03
 6.20737E+02	 1.35470E+03
 6.20756E+02	 1.35474E+03
 6.20775E+02	 1.35498E+03
 6.20795E+02	 1.35536E+03
 6.20814E+02	 1.35454E+03
 6.20833E+02	 1.35670E+03
 6.20853E+02	 1.35474E+03
 6.20872E+02	 1.35235E+03
 6.20891E+02	 1.35594E+03
 6.20910E+02	 1.35525E+03
 6.20930E+02	 1.35505E+03
 6.20949E+02	 1.35385E+03
 6.20968E+02	 1.35508E+03
 6.20988E+02	 1.35390E+03
 6.21007E+02	 1.35357E+03
 6.21026E+02	 1.35614E+03
 6.21046E+02	 1.35590E+03
 6.21065E+02	 1.35430E+03
 6.21084E+02	 1.35416E+03
 6.21104E+02	 1.35414E+03
 6.21123E+02	 1.35405E+03
 6.21142E+02	 1.35439E+03
 6.21162E+02	 1.35496E+03
 6.21181E+02	 1.35573E+03
 6.21200E+02	 1.35532E+03
 6.21220E+02	 1.35421E+03
 6.21239E+02	 1.35502E+03
 6.21258E+02	 1.35593E+03
 6.21278E+02	 1.35598E+03
 6.21297E+02	 1.35430E+03
 6.21316E+02	 1.35342E+03
 6.21336E+02	 1.35461E+03
 6.21355E+02	 1.35573E+03
 6.21374E+02	 1.35440E+03
 6.21394E+02	 1.35600E+03
 6.21413E+02	 1.35487E+03
 6.21432E+02	 1.35550E+03
 6.21452E+02	 1.35439E+03
 6.21471E+02	 1.35502E+03
 6.21490E+02	 1.35575E+03
 6.21510E+02	 1.35460E+03
 6.21529E+02	 1.35610E+03
 6.21548E+02	 1.35632E+03
 6.21568E+02	 1.35544E+03
 6.21587E+02	 1.35659E+03
 6.21606E+02	 1.35577E+03
 6.21626E+02	 1.35617E+03
 6.21645E+02	 1.35555E+03
 6.21664E+02	 1.35472E+03
 6.21684E+02	 1.35511E+03
 6.21703E+02	 1.35460E+03
 6.21722E+02	 1.35484E+03
 6.21742E+02	 1.35527E+03
 6.21761E+02	 1.35462E+03
 6.21780E+02	 1.35538E+03
 6.21800E+02	 1.35565E+03
 6.21819E+02	 1.35515E+03
 6.21838E+02	 1.35444E+03
 6.21858E+02	 1.35411E+03
 6.21877E+02	 1.35519E+03
 6.21896E+02	 1.35554E+03
 6.21916E+02	 1.35440E+03
 6.21935E+02	 1.35501E+03
 6.21954E+02	 1.35548E+03
 6.21974E+02	 1.35708E+03
 6.21993E+02	 1.35630E+03
 6.22012E+02	 1.35483E+03
 6.22032E+02	 1.35416E+03
 6.22051E+02	 1.35536E+03
 6.22070E+02	 1.35555E+03
 6.22090E+02	 1.35430E+03
 6.22109E+02	 1.35401E+03
 6.22128E+02	 1.35457E+03
 6.22147E+02	 1.35452E+03
 6.22167E+02	 1.35435E+03
 6.22186E+02	 1.35443E+03
 6.22205E+02	 1.35477E+03
 6.22225E+02	 1.35512E+03
 6.22244E+02	 1.35513E+03
 6.22263E+02	 1.35506E+03
 6.22283E+02	 1.35517E+03
 6.22302E+02	 1.35516E+03
 6.22321E+02	 1.35464E+03
 6.22341E+02	 1.35479E+03
 6.22360E+02	 1.35612E+03
 6.22379E+02	 1.35609E+03
 6.22399E+02	 1.35473E+03
 6.22418E+02	 1.35530E+03
 6.22437E+02	 1.35417E+03
 6.22457E+02	 1.35403E+03
 6.22476E+02	 1.35612E+03
 6.22495E+02	 1.35487E+03
 6.22515E+02	 1.35524E+03
 6.22534E+02	 1.35399E+03
 6.22553E+02	 1.35730E+03
 6.22573E+02	 1.35529E+03
 6.22592E+02	 1.35358E+03
 6.22611E+02	 1.35501E+03
 6.22631E+02	 1.35487E+03
 6.22650E+02	 1.35459E+03
 6.22669E+02	 1.35538E+03
 6.22689E+02	 1.35490E+03
 6.22708E+02	 1.35430E+03
 6.22727E+02	 1.35393E+03
 6.22747E+02	 1.35408E+03
 6.22766E+02	 1.35440E+03
 6.22785E+02	 1.35513E+03
 6.22805E+02	 1.35520E+03
 6.22824E+02	 1.35472E+03
 6.22843E+02	 1.35461E+03
 6.22863E+02	 1.35518E+03
 6.22882E+02	 1.35527E+03
 6.22901E+02	 1.35481E+03
 6.22921E+02	 1.35477E+03
 6.22940E+02	 1.35463E+03
 6.22959E+02	 1.35452E+03
 6.22979E+02	 1.35534E+03
 6.22998E+02	 1.35465E+03
 6.23017E+02	 1.35548E+03
 6.23037E+02	 1.35494E+03
 6.23056E+02	 1.35354E+03
 6.23075E+02	 1.35546E+03
 6.23095E+02	 1.35502E+03
 6.23114E+02	 1.35677E+03
 6.23133E+02	 1.35470E+03
 6.23153E+02	 1.35560E+03
 6.23172E+02	 1.35468E+03
 6.23191E+02	 1.35511E+03
 6.23211E+02	 1.35475E+03
 6.23230E+02	 1.35441E+03
 6.23249E+02	 1.35441E+03
 6.23269E+02	 1.35522E+03
 6.23288E+02	 1.35550E+03
 6.23307E+02	 1.35430E+03
 6.23327E+02	 1.35549E+03
 6.23346E+02	 1.35602E+03
 6.23365E+02	 1.35466E+03
 6.23384E+02	 1.35528E+03
 6.23404E+02	 1.35587E+03
 6.23423E+02	 1.35517E+03
 6.23442E+02	 1.35434E+03
 6.23462E+02	 1.35507E+03
 6.23481E+02	 1.35501E+03
 6.23500E+02	 1.35427E+03
 6.23520E+02	 1.35435E+03
 6.23539E+02	 1.35524E+03
 6.23558E+02	 1.35605E+03
 6.23578E+02	 1.35533E+03
 6.23597E+02	 1.35525E+03
 6.23616E+02	 1.35561E+03
 6.23636E+02	 1.35482E+03
 6.23655E+02	 1.35442E+03
 6.23674E+02	 1.35428E+03
 6.23694E+02	 1.35424E+03
 6.23713E+02	 1.35556E+03
 6.23732E+02	 1.35516E+03
 6.23752E+02	 1.35588E+03
 6.23771E+02	 1.35536E+03
 6.23790E+02	 1.35457E+03
 6.23810E+02	 1.35539E+03
 6.23829E+02	 1.35435E+03
 6.23848E+02	 1.35431E+03
 6.23868E+02	 1.35494E+03
 6.23887E+02	 1.35545E+03
 6.23906E+02	 1.35464E+03
 6.23926E+02	 1.35534E+03
 6.23945E+02	 1.35524E+03
 6.23964E+02	 1.35637E+03
 6.23984E+02	 1.35491E+03
 6.24003E+02	 1.35468E+03
 6.24022E+02	 1.35492E+03
 6.24042E+02	 1.35503E+03
 6.24061E+02	 1.35411E+03
 6.24080E+02	 1.35487E+03
 6.24100E+02	 1.35513E+03
 6.24119E+02	 1.35501E+03
 6.24138E+02	 1.35530E+03
 6.24158E+02	 1.35539E+03
 6.24177E+02	 1.35493E+03
 6.24196E+02	 1.35488E+03
 6.24216E+02	 1.35523E+03
 6.24235E+02	 1.35538E+03
 6.24254E+02	 1.35511E+03
 6.24274E+02	 1.35469E+03
 6.24293E+02	 1.35514E+03
 6.24312E+02	 1.35454E+03
 6.24332E+02	 1.35464E+03
 6.24351E+02	 1.35527E+03
 6.24370E+02	 1.35491E+03
 6.24390E+02	 1.35532E+03
 6.24409E+02	 1.35524E+03
 6.24428E+02	 1.35386E+03
 6.24448E+02	 1.35516E+03
 6.24467E+02	 1.35578E+03
 6.24486E+02	 1.35454E+03
 6.24506E+02	 1.35509E+03
 6.24525E+02	 1.35414E+03
 6.24544E+02	 1.35503E+03
 6.24564E+02	 1.35477E+03
 6.24583E+02	 1.35656E+03
 6.24602E+02	 1.35449E+03
 6.24621E+02	 1.35595E+03
 6.24641E+02	 1.35529E+03
 6.24660E+02	 1.35501E+03
 6.24679E+02	 1.35420E+03
 6.24699E+02	 1.35612E+03
 6.24718E+02	 1.35537E+03
 6.24737E+02	 1.35415E+03
 6.24757E+02	 1.35490E+03
 6.24776E+02	 1.35558E+03
 6.24795E+02	 1.35518E+03
 6.24815E+02	 1.35519E+03
 6.24834E+02	 1.35452E+03
 6.24853E+02	 1.35494E+03
 6.24873E+02	 1.35518E+03
 6.24892E+02	 1.35487E+03
 6.24911E+02	 1.35471E+03
 6.24931E+02	 1.35472E+03
 6.24950E+02	 1.35492E+03
 6.24969E+02	 1.35436E+03
 6.24989E+02	 1.35455E+03
 6.25008E+02	 1.35477E+03
 6.25027E+02	 1.35487E+03
 6.25047E+02	 1.35486E+03
 6.25066E+02	 1.35575E+03
 6.25085E+02	 1.35506E+03
 6.25105E+02	 1.35483E+03
 6.25124E+02	 1.35522E+03
 6.25143E+02	 1.35520E+03
 6.25163E+02	 1.35463E+03
 6.25182E+02	 1.35428E+03
 6.25201E+02	 1.35437E+03
 6.25221E+02	 1.35481E+03
 6.25240E+02	 1.35554E+03
 6.25259E+02	 1.35527E+03
 6.25279E+02	 1.35533E+03
 6.25298E+02	 1.35396E+03
 6.25317E+02	 1.35510E+03
 6.25337E+02	 1.35461E+03
 6.25356E+02	 1.35451E+03
 6.25375E+02	 1.35510E+03
 6.25395E+02	 1.35546E+03
 6.25414E+02	 1.35404E+03
 6.25433E+02	 1.35481E+03
 6.25453E+02	 1.35453E+03
 6.25472E+02	 1.35502E+03
 6.25491E+02	 1.35418E+03
 6.25511E+02	 1.35504E+03
 6.25530E+02	 1.35528E+03
 6.25549E+02	 1.35532E+03
 6.25569E+02	 1.35509E+03
 6.25588E+02	 1.35501E+03
 6.25607E+02	 1.35469E+03
 6.25627E+02	 1.35468E+03
 6.25646E+02	 1.35476E+03
 6.25665E+02	 1.35447E+03
 6.25685E+02	 1.35436E+03
 6.25704E+02	 1.35448E+03
 6.25723E+02	 1.35447E+03
 6.25743E+02	 1.35496E+03
 6.25762E+02	 1.35475E+03
 6.25781E+02	 1.35459E+03
 6.25800E+02	 1.35475E+03
 6.25820E+02	 1.35497E+03
 6.25839E+02	 1.35517E+03
 6.25858E+02	 1.35501E+03
 6.25878E+02	 1.35417E+03
 6.25897E+02	 1.35432E+03
 6.25916E+02	 1.35472E+03
 6.25936E+02	 1.35517E+03
 6.25955E+02	 1.35427E+03
 6.25974E+02	 1.35450E+03
 6.25994E+02	 1.35565E+03
 6.26013E+02	 1.35564E+03
 6.26032E+02	 1.35456E+03
 6.26052E+02	 1.35585E+03
 6.26071E+02	 1.35576E+03
 6.26090E+02	 1.35531E+03
 6.26110E+02	 1.35420E+03
 6.26129E+02	 1.35378E+03
 6.26148E+02	 1.35524E+03
 6.26168E+02	 1.35522E+03
 6.26187E+02	 1.35480E+03
 6.26206E+02	 1.35451E+03
 6.26226E+02	 1.35627E+03
 6.26245E+02	 1.35472E+03
 6.26264E+02	 1.35464E+03
 6.26284E+02	 1.35484E+03
 6.26303E+02	 1.35539E+03
 6.26322E+02	 1.35489E+03
 6.26342E+02	 1.35421E+03
 6.26361E+02	 1.35414E+03
 6.26380E+02	 1.35492E+03
 6.26400E+02	 1.35533E+03
 6.26419E+02	 1.35419E+03
 6.26438E+02	 1.35423E+03
 6.26458E+02	 1.35537E+03
 6.26477E+02	 1.35527E+03
 6.26496E+02	 1.35464E+03
 6.26516E+02	 1.35423E+03
 6.26535E+02	 1.35417E+03
 6.26554E+02	 1.35459E+03
 6.26574E+02	 1.35547E+03
 6.26593E+02	 1.35500E+03
 6.26612E+02	 1.35425E+03
 6.26632E+02	 1.35534E+03
 6.26651E+02	 1.35556E+03
 6.26670E+02	 1.35505E+03
 6.26690E+02	 1.35433E+03
 6.26709E+02	 1.35487E+03
 6.26728E+02	 1.35591E+03
 6.26748E+02	 1.35498E+03
 6.26767E+02	 1.35411E+03
 6.26786E+02	 1.35466E+03
 6.26806E+02	 1.35544E+03
 6.26825E+02	 1.35514E+03
 6.26844E+02	 1.35499E+03
 6.26864E+02	 1.35497E+03
 6.26883E+02	 1.35498E+03
 6.26902E+02	 1.35524E+03
 6.26922E+02	 1.35422E+03
 6.26941E+02	 1.35434E+03
 6.26960E+02	 1.35408E+03
 6.26980E+02	 1.35510E+03
 6.26999E+02	 1.35425E+03
 6.27018E+02	 1.35490E+03
 6.27037E+02	 1.35515E+03
 6.27057E+02	 1.35426E+03
 6.27076E+02	 1.35447E+03
 6.27095E+02	 1.35379E+03
 6.27115E+02	 1.35447E+03
 6.27134E+02	 1.35418E+03
 6.27153E+02	 1.35468E+03
 6.27173E+02	 1.35446E+03
 6.27192E+02	 1.35478E+03
 6.27211E+02	 1.35484E+03
 6.27231E+02	 1.35507E+03
 6.27250E+02	 1.35481E+03
 6.27269E+02	 1.35516E+03
 6.27289E+02	 1.35541E+03
 6.27308E+02	 1.35502E+03
 6.27327E+02	 1.35510E+03
 6.27347E+02	 1.35517E+03
 6.27366E+02	 1.35456E+03
 6.27385E+02	 1.35412E+03
 6.27405E+02	 1.35525E+03
 6.27424E+02	 1.35515E+03
 6.27443E+02	 1.35528E+03
 6.27463E+02	 1.35572E+03
 6.27482E+02	 1.35489E+03
 6.27501E+02	 1.35552E+03
 6.27521E+02	 1.35501E+03
 6.27540E+02	 1.35532E+03
 6.27559E+02	 1.35413E+03
 6.27579E+02	 1.35529E+03
 6.27598E+02	 1.35556E+03
 6.27617E+02	 1.35507E+03
 6.27637E+02	 1.35442E+03
 6.27656E+02	 1.35417E+03
 6.27675E+02	 1.35404E+03
 6.27695E+02	 1.35381E+03
 6.27714E+02	 1.35453E+03
 6.27733E+02	 1.35453E+03
 6.27753E+02	 1.35468E+03
 6.27772E+02	 1.35483E+03
 6.27791E+02	 1.35448E+03
 6.27811E+02	 1.35545E+03
 6.27830E+02	 1.35557E+03
 6.27849E+02	 1.35571E+03
 6.27869E+02	 1.35463E+03
 6.27888E+02	 1.35428E+03
 6.27907E+02	 1.35452E+03
 6.27927E+02	 1.35453E+03
 6.27946E+02	 1.35527E+03
 6.27965E+02	 1.35490E+03
 6.27985E+02	 1.35535E+03
 6.28004E+02	 1.35520E+03
 6.28023E+02	 1.35448E+03
 6.28043E+02	 1.35440E+03
 6.28062E+02	 1.35471E+03
 6.28081E+02	 1.35496E+03
 6.28101E+02	 1.35557E+03
 6.28120E+02	 1.35484E+03
 6.28139E+02	 1.35579E+03
 6.28159E+02	 1.35442E+03
 6.28178E+02	 1.35480E+03
 6.28197E+02	 1.35444E+03
 6.28217E+02	 1.35472E+03
 6.28236E+02	 1.35512E+03
 6.28255E+02	 1.35531E+03
 6.28274E+02	 1.35477E+03
 6.28294E+02	 1.35479E+03
 6.28313E+02	 1.35491E+03
 6.28332E+02	 1.35473E+03
 6.28352E+02	 1.35469E+03
 6.28371E+02	 1.35489E+03
 6.28390E+02	 1.35458E+03
 6.28410E+02	 1.35458E+03
 6.28429E+02	 1.35563E+03
 6.28448E+02	 1.35497E+03
 6.28468E+02	 1.35485E+03
 6.28487E+02	 1.35469E+03
 6.28506E+02	 1.35515E+03
 6.28526E+02	 1.35417E+03
 6.28545E+02	 1.35460E+03
 6.28564E+02	 1.35474E+03
 6.28584E+02	 1.35385E+03
 6.28603E+02	 1.35468E+03
 6.28622E+02	 1.35471E+03
 6.28642E+02	 1.35492E+03
 6.28661E+02	 1.35477E+03
 6.28680E+02	 1.35477E+03
 6.28700E+02	 1.35492E+03
 6.28719E+02	 1.35441E+03
 6.28738E+02	 1.35444E+03
 6.28758E+02	 1.35429E+03
 6.28777E+02	 1.35415E+03
 6.28796E+02	 1.35361E+03
 6.28816E+02	 1.35506E+03
 6.28835E+02	 1.35430E+03
 6.28854E+02	 1.35404E+03
 6.28874E+02	 1.35517E+03
 6.28893E+02	 1.35373E+03
 6.28912E+02	 1.35371E+03
 6.28932E+02	 1.35459E+03
 6.28951E+02	 1.35492E+03
 6.28970E+02	 1.35458E+03
 6.28990E+02	 1.35548E+03
 6.29009E+02	 1.35410E+03
 6.29028E+02	 1.35483E+03
 6.29048E+02	 1.35427E+03
 6.29067E+02	 1.35541E+03
 6.29086E+02	 1.35388E+03
 6.29106E+02	 1.35454E+03
 6.29125E+02	 1.35457E+03
 6.29144E+02	 1.35536E+03
 6.29164E+02	 1.35529E+03
 6.29183E+02	 1.35405E+03
 6.29202E+02	 1.35447E+03
 6.29222E+02	 1.35507E+03
 6.29241E+02	 1.35349E+03
 6.29260E+02	 1.35400E+03
 6.29280E+02	 1.35438E+03
 6.29299E+02	 1.35522E+03
 6.29318E+02	 1.35430E+03
 6.29338E+02	 1.35336E+03
 6.29357E+02	 1.35502E+03
 6.29376E+02	 1.35482E+03
 6.29396E+02	 1.35378E+03
 6.29415E+02	 1.35436E+03
 6.29434E+02	 1.35438E+03
 6.29454E+02	 1.35404E+03
 6.29473E+02	 1.35438E+03
 6.29492E+02	 1.35528E+03
 6.29511E+02	 1.35505E+03
 6.29531E+02	 1.35465E+03
 6.29550E+02	 1.35397E+03
 6.29569E+02	 1.35418E+03
 6.29589E+02	 1.35434E+03
 6.29608E+02	 1.35507E+03
 6.29627E+02	 1.35482E+03
 6.29647E+02	 1.35556E+03
 6.29666E+02	 1.35452E+03
 6.29685E+02	 1.35478E+03
 6.29705E+02	 1.35552E+03
 6.29724E+02	 1.35547E+03
 6.29743E+02	 1.35509E+03
 6.29763E+02	 1.35517E+03
 6.29782E+02	 1.35381E+03
 6.29801E+02	 1.35444E+03
 6.29821E+02	 1.35472E+03
 6.29840E+02	 1.35410E+03
 6.29859E+02	 1.35392E+03
 6.29879E+02	 1.35435E+03
 6.29898E+02	 1.35493E+03
 6.29917E+02	 1.35568E+03
 6.29937E+02	 1.35446E+03
 6.29956E+02	 1.35444E+03
 6.29975E+02	 1.35446E+03
 6.29995E+02	 1.35440E+03
 6.30014E+02	 1.35501E+03
 6.30033E+02	 1.35389E+03
 6.30053E+02	 1.35435E+03
 6.30072E+02	 1.35476E+03
 6.30091E+02	 1.35495E+03
 6.30111E+02	 1.35523E+03
 6.30130E+02	 1.35458E+03
 6.30149E+02	 1.35398E+03
 6.30169E+02	 1.35486E+03
 6.30188E+02	 1.35454E+03
 6.30207E+02	 1.35370E+03
 6.30227E+02	 1.35309E+03
 6.30246E+02	 1.35368E+03
 6.30265E+02	 1.35430E+03
 6.30285E+02	 1.35444E+03
 6.30304E+02	 1.35478E+03
 6.30323E+02	 1.35413E+03
 6.30343E+02	 1.35414E+03
 6.30362E+02	 1.35359E+03
 6.30381E+02	 1.35339E+03
 6.30401E+02	 1.35459E+03
 6.30420E+02	 1.35420E+03
 6.30439E+02	 1.35487E+03
 6.30459E+02	 1.35489E+03
 6.30478E+02	 1.35553E+03
 6.30497E+02	 1.35459E+03
 6.30517E+02	 1.35470E+03
 6.30536E+02	 1.35394E+03
 6.30555E+02	 1.35462E+03
 6.30575E+02	 1.35540E+03
 6.30594E+02	 1.35478E+03
 6.30613E+02	 1.35508E+03
 6.30633E+02	 1.35490E+03
 6.30652E+02	 1.35528E+03
 6.30671E+02	 1.35463E+03
 6.30691E+02	 1.35433E+03
 6.30710E+02	 1.35447E+03
 6.30729E+02	 1.35451E+03
 6.30748E+02	 1.35538E+03
 6.30768E+02	 1.35413E+03
 6.30787E+02	 1.35402E+03
 6.30806E+02	 1.35406E+03
 6.30826E+02	 1.35387E+03
 6.30845E+02	 1.35406E+03
 6.30864E+02	 1.35474E+03
 6.30884E+02	 1.35493E+03
 6.30903E+02	 1.35359E+03
 6.30922E+02	 1.35348E+03
 6.30942E+02	 1.35497E+03
 6.30961E+02	 1.35467E+03
 6.30980E+02	 1.35457E+03
 6.31000E+02	 1.35450E+03
 6.31019E+02	 1.35432E+03
 6.31038E+02	 1.35550E+03
 6.31058E+02	 1.35392E+03
 6.31077E+02	 1.35536E+03
 6.31096E+02	 1.35517E+03
 6.31116E+02	 1.35424E+03
 6.31135E+02	 1.35341E+03
 6.31154E+02	 1.35444E+03
 6.31174E+02	 1.35499E+03
 6.31193E+02	 1.35493E+03
 6.31212E+02	 1.35421E+03
 6.31232E+02	 1.35510E+03
 6.31251E+02	 1.35520E+03
 6.31270E+02	 1.35455E+03
 6.31290E+02	 1.35423E+03
 6.31309E+02	 1.35448E+03
 6.31328E+02	 1.35471E+03
 6.31348E+02	 1.35454E+03
 6.31367E+02	 1.35486E+03
 6.31386E+02	 1.35525E+03
 6.31406E+02	 1.35453E+03
 6.31425E+02	 1.35482E+03
 6.31444E+02	 1.35484E+03
 6.31464E+02	 1.35451E+03
 6.31483E+02	 1.35482E+03
 6.31502E+02	 1.35400E+03
 6.31522E+02	 1.35484E+03
 6.31541E+02	 1.35461E+03
 6.31560E+02	 1.35413E+03
 6.31580E+02	 1.35471E+03
 6.31599E+02	 1.35478E+03
 6.31618E+02	 1.35452E+03
 6.31638E+02	 1.35419E+03
 6.31657E+02	 1.35406E+03
 6.31676E+02	 1.35277E+03
 6.31696E+02	 1.35348E+03
 6.31715E+02	 1.35395E+03
 6.31734E+02	 1.35426E+03
 6.31754E+02	 1.35376E+03
 6.31773E+02	 1.35469E+03
 6.31792E+02	 1.35470E+03
 6.31812E+02	 1.35502E+03
 6.31831E+02	 1.35473E+03
 6.31850E+02	 1.35481E+03
 6.31870E+02	 1.35392E+03
 6.31889E+02	 1.35432E+03
 6.31908E+02	 1.35615E+03
 6.31928E+02	 1.35574E+03
 6.31947E+02	 1.35434E+03
 6.31966E+02	 1.35386E+03
 6.31985E+02	 1.35362E+03
 6.32005E+02	 1.35367E+03
 6.32024E+02	 1.35397E+03
 6.32043E+02	 1.35406E+03
 6.32063E+02	 1.35408E+03
 6.32082E+02	 1.35469E+03
 6.32101E+02	 1.35483E+03
 6.32121E+02	 1.35423E+03
 6.32140E+02	 1.35416E+03
 6.32159E+02	 1.35439E+03
 6.32179E+02	 1.35523E+03
 6.32198E+02	 1.35450E+03
 6.32217E+02	 1.35271E+03
 6.32237E+02	 1.35371E+03
 6.32256E+02	 1.35513E+03
 6.32275E+02	 1.35393E+03
 6.32295E+02	 1.35473E+03
 6.32314E+02	 1.35456E+03
 6.32333E+02	 1.35520E+03
 6.32353E+02	 1.35450E+03
 6.32372E+02	 1.35544E+03
 6.32391E+02	 1.35478E+03
 6.32411E+02	 1.35477E+03
 6.32430E+02	 1.35425E+03
 6.32449E+02	 1.35382E+03
 6.32469E+02	 1.35419E+03
 6.32488E+02	 1.35454E+03
 6.32507E+02	 1.35450E+03
 6.32527E+02	 1.35432E+03
 6.32546E+02	 1.35420E+03
 6.32565E+02	 1.35461E+03
 6.32585E+02	 1.35405E+03
 6.32604E+02	 1.35403E+03
 6.32623E+02	 1.35435E+03
 6.32643E+02	 1.35334E+03
 6.32662E+02	 1.35378E+03
 6.32681E+02	 1.35468E+03
 6.32701E+02	 1.35453E+03
 6.32720E+02	 1.35416E+03
 6.32739E+02	 1.35445E+03
 6.32759E+02	 1.35333E+03
 6.32778E+02	 1.35395E+03
 6.32797E+02	 1.35332E+03
 6.32817E+02	 1.35444E+03
 6.32836E+02	 1.35414E+03
 6.32855E+02	 1.35443E+03
 6.32875E+02	 1.35421E+03
 6.32894E+02	 1.35517E+03
 6.32913E+02	 1.35467E+03
 6.32933E+02	 1.35550E+03
 6.32952E+02	 1.35623E+03
 6.32971E+02	 1.35503E+03
 6.32991E+02	 1.35354E+03
 6.33010E+02	 1.35340E+03
 6.33029E+02	 1.35494E+03
 6.33049E+02	 1.35491E+03
 6.33068E+02	 1.35426E+03
 6.33087E+02	 1.35432E+03
 6.33107E+02	 1.35331E+03
 6.33126E+02	 1.35313E+03
 6.33145E+02	 1.35479E+03
 6.33164E+02	 1.35488E+03
 6.33184E+02	 1.35535E+03
 6.33203E+02	 1.35503E+03
 6.33222E+02	 1.35395E+03
 6.33242E+02	 1.35398E+03
 6.33261E+02	 1.35451E+03
 6.33280E+02	 1.35408E+03
 6.33300E+02	 1.35351E+03
 6.33319E+02	 1.35370E+03
 6.33338E+02	 1.35387E+03
 6.33358E+02	 1.35423E+03
 6.33377E+02	 1.35616E+03
 6.33396E+02	 1.35631E+03
 6.33416E+02	 1.35561E+03
 6.33435E+02	 1.35453E+03
 6.33454E+02	 1.35385E+03
 6.33474E+02	 1.35323E+03
 6.33493E+02	 1.35399E+03
 6.33512E+02	 1.35282E+03
 6.33532E+02	 1.35404E+03
 6.33551E+02	 1.35400E+03
 6.33570E+02	 1.35483E+03
 6.33590E+02	 1.35463E+03
 6.33609E+02	 1.35534E+03
 6.33628E+02	 1.35472E+03
 6.33648E+02	 1.35627E+03
 6.33667E+02	 1.35444E+03
 6.33686E+02	 1.35496E+03
 6.33706E+02	 1.35345E+03
 6.33725E+02	 1.35347E+03
 6.33744E+02	 1.35529E+03
 6.33764E+02	 1.35370E+03
 6.33783E+02	 1.35432E+03
 6.33802E+02	 1.35555E+03
 6.33822E+02	 1.35498E+03
 6.33841E+02	 1.35462E+03
 6.33860E+02	 1.35326E+03
 6.33880E+02	 1.35446E+03
 6.33899E+02	 1.35481E+03
 6.33918E+02	 1.35431E+03
 6.33938E+02	 1.35446E+03
 6.33957E+02	 1.35388E+03
 6.33976E+02	 1.35406E+03
 6.33996E+02	 1.35375E+03
 6.34015E+02	 1.35356E+03
 6.34034E+02	 1.35335E+03
 6.34054E+02	 1.35323E+03
 6.34073E+02	 1.35398E+03
 6.34092E+02	 1.35395E+03
 6.34112E+02	 1.35450E+03
 6.34131E+02	 1.35497E+03
 6.34150E+02	 1.35389E+03
 6.34170E+02	 1.35359E+03
 6.34189E+02	 1.35419E+03
 6.34208E+02	 1.35428E+03
 6.34228E+02	 1.35409E+03
 6.34247E+02	 1.35362E+03
 6.34266E+02	 1.35349E+03
 6.34286E+02	 1.35417E+03
 6.34305E+02	 1.35490E+03
 6.34324E+02	 1.35479E+03
 6.34344E+02	 1.35468E+03
 6.34363E+02	 1.35531E+03
 6.34382E+02	 1.35465E+03
 6.34401E+02	 1.35377E+03
 6.34421E+02	 1.35331E+03
 6.34440E+02	 1.35458E+03
 6.34459E+02	 1.35429E+03
 6.34479E+02	 1.35493E+03
 6.34498E+02	 1.35437E+03
 6.34517E+02	 1.35405E+03
 6.34537E+02	 1.35519E+03
 6.34556E+02	 1.35263E+03
 6.34575E+02	 1.35381E+03
 6.34595E+02	 1.35358E+03
 6.34614E+02	 1.35448E+03
 6.34633E+02	 1.35442E+03
 6.34653E+02	 1.35523E+03
 6.34672E+02	 1.35491E+03
 6.34691E+02	 1.35428E+03
 6.34711E+02	 1.35327E+03
 6.34730E+02	 1.35333E+03
 6.34749E+02	 1.35364E+03
 6.34769E+02	 1.35372E+03
 6.34788E+02	 1.35482E+03
 6.34807E+02	 1.35512E+03
 6.34827E+02	 1.35445E+03
 6.34846E+02	 1.35495E+03
 6.34865E+02	 1.35537E+03
 6.34885E+02	 1.35371E+03
 6.34904E+02	 1.35417E+03
 6.34923E+02	 1.35488E+03
 6.34943E+02	 1.35442E+03
 6.34962E+02	 1.35445E+03
 6.34981E+02	 1.35412E+03
 6.35001E+02	 1.35402E+03
 6.35020E+02	 1.35444E+03
 6.35039E+02	 1.35377E+03
 6.35059E+02	 1.35357E+03
 6.35078E+02	 1.35468E+03
 6.35097E+02	 1.35437E+03
 6.35117E+02	 1.35415E+03
 6.35136E+02	 1.35435E+03
 6.35155E+02	 1.35503E+03
 6.35175E+02	 1.35320E+03
 6.35194E+02	 1.35294E+03
 6.35213E+02	 1.35424E+03
 6.35233E+02	 1.35263E+03
 6.35252E+02	 1.35494E+03
 6.35271E+02	 1.35366E+03
 6.35291E+02	 1.35544E+03
 6.35310E+02	 1.35424E+03
 6.35329E+02	 1.35511E+03
 6.35349E+02	 1.35357E+03
 6.35368E+02	 1.35376E+03
 6.35387E+02	 1.35410E+03
 6.35407E+02	 1.35527E+03
 6.35426E+02	 1.35482E+03
 6.35445E+02	 1.35349E+03
 6.35465E+02	 1.35218E+03
 6.35484E+02	 1.35385E+03
 6.35503E+02	 1.35396E+03
 6.35523E+02	 1.35277E+03
 6.35542E+02	 1.35456E+03
 6.35561E+02	 1.35395E+03
 6.35581E+02	 1.35459E+03
 6.35600E+02	 1.35394E+03
 6.35619E+02	 1.35412E+03
 6.35638E+02	 1.35416E+03
 6.35658E+02	 1.35317E+03
 6.35677E+02	 1.35496E+03
 6.35696E+02	 1.35615E+03
 6.35716E+02	 1.35485E+03
 6.35735E+02	 1.35428E+03
 6.35754E+02	 1.35407E+03
 6.35774E+02	 1.35421E+03
 6.35793E+02	 1.35422E+03
 6.35812E+02	 1.35427E+03
 6.35832E+02	 1.35369E+03
 6.35851E+02	 1.35381E+03
 6.35870E+02	 1.35492E+03
 6.35890E+02	 1.35509E+03
 6.35909E+02	 1.35412E+03
 6.35928E+02	 1.35424E+03
 6.35948E+02	 1.35464E+03
 6.35967E+02	 1.35356E+03
 6.35986E+02	 1.35352E+03
 6.36006E+02	 1.35401E+03
 6.36025E+02	 1.35336E+03
 6.36044E+02	 1.35348E+03
 6.36064E+02	 1.35407E+03
 6.36083E+02	 1.35446E+03
 6.36102E+02	 1.35504E+03
 6.36122E+02	 1.35467E+03
 6.36141E+02	 1.35453E+03
 6.36160E+02	 1.35428E+03
 6.36180E+02	 1.35332E+03
 6.36199E+02	 1.35486E+03
 6.36218E+02	 1.35400E+03
 6.36238E+02	 1.35403E+03
 6.36257E+02	 1.35486E+03
 6.36276E+02	 1.35510E+03
 6.36296E+02	 1.35414E+03
 6.36315E+02	 1.35529E+03
 6.36334E+02	 1.35453E+03
 6.36354E+02	 1.35323E+03
 6.36373E+02	 1.35431E+03
 6.36392E+02	 1.35344E+03
 6.36412E+02	 1.35245E+03
 6.36431E+02	 1.35393E+03
 6.36450E+02	 1.35449E+03
 6.36470E+02	 1.35428E+03
 6.36489E+02	 1.35438E+03
 6.36508E+02	 1.35441E+03
 6.36528E+02	 1.35454E+03
 6.36547E+02	 1.35420E+03
 6.36566E+02	 1.35327E+03
 6.36586E+02	 1.35174E+03
 6.36605E+02	 1.35369E+03
 6.36624E+02	 1.35477E+03
 6.36644E+02	 1.35486E+03
 6.36663E+02	 1.35396E+03
 6.36682E+02	 1.35312E+03
 6.36702E+02	 1.35363E+03
 6.36721E+02	 1.35354E+03
 6.36740E+02	 1.35421E+03
 6.36760E+02	 1.35508E+03
 6.36779E+02	 1.35444E+03
 6.36798E+02	 1.35272E+03
 6.36818E+02	 1.35397E+03
 6.36837E+02	 1.35448E+03
 6.36856E+02	 1.35448E+03
 6.36875E+02	 1.35364E+03
 6.36895E+02	 1.35291E+03
 6.36914E+02	 1.35370E+03
 6.36933E+02	 1.35432E+03
 6.36953E+02	 1.35422E+03
 6.36972E+02	 1.35388E+03
 6.36991E+02	 1.35435E+03
 6.37011E+02	 1.35481E+03
 6.37030E+02	 1.35364E+03
 6.37049E+02	 1.35353E+03
 6.37069E+02	 1.35443E+03
 6.37088E+02	 1.35440E+03
 6.37107E+02	 1.35394E+03
 6.37127E+02	 1.35366E+03
 6.37146E+02	 1.35398E+03
 6.37165E+02	 1.35423E+03
 6.37185E+02	 1.35355E+03
 6.37204E+02	 1.35429E+03
 6.37223E+02	 1.35516E+03
 6.37243E+02	 1.35494E+03
 6.37262E+02	 1.35463E+03
 6.37281E+02	 1.35397E+03
 6.37301E+02	 1.35298E+03
 6.37320E+02	 1.35258E+03
 6.37339E+02	 1.35470E+03
 6.37359E+02	 1.35487E+03
 6.37378E+02	 1.35431E+03
 6.37397E+02	 1.35416E+03
 6.37417E+02	 1.35396E+03
 6.37436E+02	 1.35452E+03
 6.37455E+02	 1.35585E+03
 6.37475E+02	 1.35363E+03
 6.37494E+02	 1.35351E+03
 6.37513E+02	 1.35397E+03
 6.37533E+02	 1.35361E+03
 6.37552E+02	 1.35272E+03
 6.37571E+02	 1.35468E+03
 6.37591E+02	 1.35392E+03
 6.37610E+02	 1.35458E+03
 6.37629E+02	 1.35687E+03
 6.37649E+02	 1.35283E+03
 6.37668E+02	 1.35377E+03
 6.37687E+02	 1.35383E+03
 6.37707E+02	 1.35513E+03
 6.37726E+02	 1.35380E+03
 6.37745E+02	 1.35444E+03
 6.37765E+02	 1.35424E+03
 6.37784E+02	 1.35344E+03
 6.37803E+02	 1.35427E+03
 6.37823E+02	 1.35376E+03
 6.37842E+02	 1.35276E+03
 6.37861E+02	 1.35463E+03
 6.37881E+02	 1.35373E+03
 6.37900E+02	 1.35411E+03
 6.37919E+02	 1.35376E+03
 6.37939E+02	 1.35406E+03
 6.37958E+02	 1.35470E+03
 6.37977E+02	 1.35398E+03
 6.37997E+02	 1.35417E+03
 6.38016E+02	 1.35427E+03
 6.38035E+02	 1.35351E+03
 6.38055E+02	 1.35254E+03
 6.38074E+02	 1.35395E+03
 6.38093E+02	 1.35410E+03
 6.38112E+02	 1.35438E+03
 6.38132E+02	 1.35445E+03
 6.38151E+02	 1.35420E+03
 6.38170E+02	 1.35360E+03
 6.38190E+02	 1.35326E+03
 6.38209E+02	 1.35399E+03
 6.38228E+02	 1.35427E+03
 6.38248E+02	 1.35392E+03
 6.38267E+02	 1.35435E+03
 6.38286E+02	 1.35385E+03
 6.38306E+02	 1.35423E+03
 6.38325E+02	 1.35418E+03
 6.38344E+02	 1.35392E+03
 6.38364E+02	 1.35372E+03
 6.38383E+02	 1.35326E+03
 6.38402E+02	 1.35395E+03
 6.38422E+02	 1.35340E+03
 6.38441E+02	 1.35308E+03
 6.38460E+02	 1.35381E+03
 6.38480E+02	 1.35385E+03
 6.38499E+02	 1.35284E+03
 6.38518E+02	 1.35202E+03
 6.38538E+02	 1.35288E+03
 6.38557E+02	 1.35368E+03
 6.38576E+02	 1.35302E+03
 6.38596E+02	 1.35399E+03
 6.38615E+02	 1.35415E+03
 6.38634E+02	 1.35380E+03
 6.38654E+02	 1.35440E+03
 6.38673E+02	 1.35403E+03
 6.38692E+02	 1.35366E+03
 6.38712E+02	 1.35364E+03
 6.38731E+02	 1.35386E+03
 6.38750E+02	 1.35386E+03
 6.38770E+02	 1.35366E+03
 6.38789E+02	 1.35370E+03
 6.38808E+02	 1.35407E+03
 6.38828E+02	 1.35495E+03
 6.38847E+02	 1.35406E+03
 6.38866E+02	 1.35381E+03
 6.38886E+02	 1.35391E+03
 6.38905E+02	 1.35365E+03
 6.38924E+02	 1.35369E+03
 6.38944E+02	 1.35395E+03
 6.38963E+02	 1.35302E+03
 6.38982E+02	 1.35337E+03
 6.39002E+02	 1.35366E+03
 6.39021E+02	 1.35353E+03
 6.39040E+02	 1.35386E+03
 6.39060E+02	 1.35289E+03
 6.39079E+02	 1.35382E+03
 6.39098E+02	 1.35404E+03
 6.39118E+02	 1.35432E+03
 6.39137E+02	 1.35341E+03
 6.39156E+02	 1.35406E+03
 6.39176E+02	 1.35292E+03
 6.39195E+02	 1.35340E+03
 6.39214E+02	 1.35423E+03
 6.39234E+02	 1.35508E+03
 6.39253E+02	 1.35424E+03
 6.39272E+02	 1.35404E+03
 6.39292E+02	 1.35414E+03
 6.39311E+02	 1.35399E+03
 6.39330E+02	 1.35400E+03
 6.39349E+02	 1.35325E+03
 6.39369E+02	 1.35377E+03
 6.39388E+02	 1.35366E+03
 6.39407E+02	 1.35287E+03
 6.39427E+02	 1.35416E+03
 6.39446E+02	 1.35294E+03
 6.39465E+02	 1.35450E+03
 6.39485E+02	 1.35369E+03
 6.39504E+02	 1.35365E+03
 6.39523E+02	 1.35405E+03
 6.39543E+02	 1.35507E+03
 6.39562E+02	 1.35470E+03
 6.39581E+02	 1.35362E+03
 6.39601E+02	 1.35390E+03
 6.39620E+02	 1.35361E+03
 6.39639E+02	 1.35389E+03
 6.39659E+02	 1.35301E+03
 6.39678E+02	 1.35315E+03
 6.39697E+02	 1.35332E+03
 6.39717E+02	 1.35361E+03
 6.39736E+02	 1.35385E+03
 6.39755E+02	 1.35337E+03
 6.39775E+02	 1.35360E+03
 6.39794E+02	 1.35411E+03
 6.39813E+02	 1.35355E+03
 6.39833E+02	 1.35375E+03
 6.39852E+02	 1.35326E+03
 6.39871E+02	 1.35498E+03
 6.39891E+02	 1.35424E+03
 6.39910E+02	 1.35259E+03
 6.39929E+02	 1.35412E+03
 6.39949E+02	 1.35336E+03
 6.39968E+02	 1.35404E+03
 6.39987E+02	 1.35423E+03
 6.40007E+02	 1.35423E+03
 6.40026E+02	 1.35403E+03
 6.40045E+02	 1.35330E+03
 6.40065E+02	 1.35289E+03
 6.40084E+02	 1.35351E+03
 6.40103E+02	 1.35353E+03
 6.40123E+02	 1.35381E+03
 6.40142E+02	 1.35407E+03
 6.40161E+02	 1.35435E+03
 6.40181E+02	 1.35350E+03
 6.40200E+02	 1.35340E+03
 6.40219E+02	 1.35336E+03
 6.40239E+02	 1.35405E+03
 6.40258E+02	 1.35353E+03
 6.40277E+02	 1.35311E+03
 6.40297E+02	 1.35295E+03
 6.40316E+02	 1.35309E+03
 6.40335E+02	 1.35344E+03
 6.40355E+02	 1.35375E+03
 6.40374E+02	 1.35382E+03
 6.40393E+02	 1.35371E+03
 6.40413E+02	 1.35444E+03
 6.40432E+02	 1.35420E+03
 6.40451E+02	 1.35436E+03
 6.40471E+02	 1.35350E+03
 6.40490E+02	 1.35315E+03
 6.40509E+02	 1.35338E+03
 6.40528E+02	 1.35401E+03
 6.40548E+02	 1.35354E+03
 6.40567E+02	 1.35314E+03
 6.40586E+02	 1.35340E+03
 6.40606E+02	 1.35364E+03
 6.40625E+02	 1.35454E+03
 6.40644E+02	 1.35459E+03
 6.40664E+02	 1.35395E+03
 6.40683E+02	 1.35414E+03
 6.40702E+02	 1.35446E+03
 6.40722E+02	 1.35337E+03
 6.40741E+02	 1.35345E+03
 6.40760E+02	 1.35348E+03
 6.40780E+02	 1.35389E+03
 6.40799E+02	 1.35450E+03
 6.40818E+02	 1.35375E+03
 6.40838E+02	 1.35423E+03
 6.40857E+02	 1.35378E+03
 6.40876E+02	 1.35362E+03
 6.40896E+02	 1.35345E+03
 6.40915E+02	 1.35395E+03
 6.40934E+02	 1.35424E+03
 6.40954E+02	 1.35396E+03
 6.40973E+02	 1.35348E+03
 6.40992E+02	 1.35388E+03
 6.41012E+02	 1.35400E+03
 6.41031E+02	 1.35373E+03
 6.41050E+02	 1.35443E+03
 6.41070E+02	 1.35350E+03
 6.41089E+02	 1.35302E+03
 6.41108E+02	 1.35346E+03
 6.41128E+02	 1.35353E+03
 6.41147E+02	 1.35380E+03
 6.41166E+02	 1.35428E+03
 6.41186E+02	 1.35446E+03
 6.41205E+02	 1.35409E+03
 6.41224E+02	 1.35377E+03
 6.41244E+02	 1.35392E+03
 6.41263E+02	 1.35368E+03
 6.41282E+02	 1.35276E+03
 6.41302E+02	 1.35338E+03
 6.41321E+02	 1.35396E+03
 6.41340E+02	 1.35300E+03
 6.41360E+02	 1.35363E+03
 6.41379E+02	 1.35367E+03
 6.41398E+02	 1.35411E+03
 6.41418E+02	 1.35356E+03
 6.41437E+02	 1.35360E+03
 6.41456E+02	 1.35446E+03
 6.41476E+02	 1.35484E+03
 6.41495E+02	 1.35402E+03
 6.41514E+02	 1.35288E+03
 6.41534E+02	 1.35373E+03
 6.41553E+02	 1.35344E+03
 6.41572E+02	 1.35372E+03
 6.41592E+02	 1.35395E+03
 6.41611E+02	 1.35377E+03
 6.41630E+02	 1.35401E+03
 6.41650E+02	 1.35360E+03
 6.41669E+02	 1.35359E+03
 6.41688E+02	 1.35385E+03
 6.41708E+02	 1.35397E+03
 6.41727E+02	 1.35347E+03
 6.41746E+02	 1.35281E+03
 6.41765E+02	 1.35309E+03
 6.41785E+02	 1.35412E+03
 6.41804E+02	 1.35467E+03
 6.41823E+02	 1.35420E+03
 6.41843E+02	 1.35425E+03
 6.41862E+02	 1.35383E+03
 6.41881E+02	 1.35361E+03
 6.41901E+02	 1.35380E+03
 6.41920E+02	 1.35362E+03
 6.41939E+02	 1.35346E+03
 6.41959E+02	 1.35366E+03
 6.41978E+02	 1.35375E+03
 6.41997E+02	 1.35322E+03
 6.42017E+02	 1.35441E+03
 6.42036E+02	 1.35392E+03
 6.42055E+02	 1.35504E+03
 6.42075E+02	 1.35439E+03
 6.42094E+02	 1.35392E+03
 6.42113E+02	 1.35365E+03
 6.42133E+02	 1.35333E+03
 6.42152E+02	 1.35325E+03
 6.42171E+02	 1.35294E+03
 6.42191E+02	 1.35362E+03
 6.42210E+02	 1.35388E+03
 6.42229E+02	 1.35456E+03
 6.42249E+02	 1.35501E+03
 6.42268E+02	 1.35384E+03
 6.42287E+02	 1.35410E+03
 6.42307E+02	 1.35389E+03
 6.42326E+02	 1.35358E+03
 6.42345E+02	 1.35407E+03
 6.42365E+02	 1.35425E+03
 6.42384E+02	 1.35397E+03
 6.42403E+02	 1.35385E+03
 6.42423E+02	 1.35380E+03
 6.42442E+02	 1.35388E+03
 6.42461E+02	 1.35353E+03
 6.42481E+02	 1.35355E+03
 6.42500E+02	 1.35377E+03
 6.42519E+02	 1.35429E+03
 6.42539E+02	 1.35403E+03
 6.42558E+02	 1.35398E+03
 6.42577E+02	 1.35429E+03
 6.42597E+02	 1.35361E+03
 6.42616E+02	 1.35305E+03
 6.42635E+02	 1.35321E+03
 6.42655E+02	 1.35336E+03
 6.42674E+02	 1.35395E+03
 6.42693E+02	 1.35413E+03
 6.42713E+02	 1.35417E+03
 6.42732E+02	 1.35343E+03
 6.42751E+02	 1.35320E+03
 6.42771E+02	 1.35348E+03
 6.42790E+02	 1.35353E+03
 6.42809E+02	 1.35306E+03
 6.42829E+02	 1.35374E+03
 6.42848E+02	 1.35346E+03
 6.42867E+02	 1.35322E+03
 6.42887E+02	 1.35412E+03
 6.42906E+02	 1.35423E+03
 6.42925E+02	 1.35417E+03
 6.42945E+02	 1.35387E+03
 6.42964E+02	 1.35359E+03
 6.42983E+02	 1.35366E+03
 6.43002E+02	 1.35340E+03
 6.43022E+02	 1.35315E+03
 6.43041E+02	 1.35346E+03
 6.43060E+02	 1.35388E+03
 6.43080E+02	 1.35358E+03
 6.43099E+02	 1.35286E+03
 6.43118E+02	 1.35341E+03
 6.43138E+02	 1.35335E+03
 6.43157E+02	 1.35367E+03
 6.43176E+02	 1.35360E+03
 6.43196E+02	 1.35292E+03
 6.43215E+02	 1.35352E+03
 6.43234E+02	 1.35387E+03
 6.43254E+02	 1.35433E+03
 6.43273E+02	 1.35338E+03
 6.43292E+02	 1.35336E+03
 6.43312E+02	 1.35392E+03
 6.43331E+02	 1.35400E+03
 6.43350E+02	 1.35378E+03
 6.43370E+02	 1.35346E+03
 6.43389E+02	 1.35288E+03
 6.43408E+02	 1.35388E+03
 6.43428E+02	 1.35406E+03
 6.43447E+02	 1.35367E+03
 6.43466E+02	 1.35421E+03
 6.43486E+02	 1.35422E+03
 6.43505E+02	 1.35377E+03
 6.43524E+02	 1.35354E+03
 6.43544E+02	 1.35367E+03
 6.43563E+02	 1.35379E+03
 6.43582E+02	 1.35337E+03
 6.43602E+02	 1.35325E+03
 6.43621E+02	 1.35373E+03
 6.43640E+02	 1.35410E+03
 6.43660E+02	 1.35361E+03
 6.43679E+02	 1.35333E+03
 6.43698E+02	 1.35357E+03
 6.43718E+02	 1.35398E+03
 6.43737E+02	 1.35416E+03
 6.43756E+02	 1.35474E+03
 6.43776E+02	 1.35396E+03
 6.43795E+02	 1.35394E+03
 6.43814E+02	 1.35357E+03
 6.43834E+02	 1.35312E+03
 6.43853E+02	 1.35311E+03
 6.43872E+02	 1.35303E+03
 6.43892E+02	 1.35276E+03
 6.43911E+02	 1.35355E+03
 6.43930E+02	 1.35407E+03
 6.43950E+02	 1.35389E+03
 6.43969E+02	 1.35395E+03
 6.43988E+02	 1.35437E+03
 6.44008E+02	 1.35355E+03
 6.44027E+02	 1.35345E+03
 6.44046E+02	 1.35433E+03
 6.44066E+02	 1.35425E+03
 6.44085E+02	 1.35366E+03
 6.44104E+02	 1.35318E+03
 6.44124E+02	 1.35290E+03
 6.44143E+02	 1.35348E+03
 6.44162E+02	 1.35396E+03
 6.44182E+02	 1.35417E+03
 6.44201E+02	 1.35372E+03
 6.44220E+02	 1.35312E+03
 6.44239E+02	 1.35361E+03
 6.44259E+02	 1.35413E+03
 6.44278E+02	 1.35398E+03
 6.44297E+02	 1.35367E+03
 6.44317E+02	 1.35326E+03
 6.44336E+02	 1.35359E+03
 6.44355E+02	 1.35467E+03
 6.44375E+02	 1.35409E+03
 6.44394E+02	 1.35369E+03
 6.44413E+02	 1.35352E+03
 6.44433E+02	 1.35372E+03
 6.44452E+02	 1.35451E+03
 6.44471E+02	 1.35191E+03
 6.44491E+02	 1.35310E+03
 6.44510E+02	 1.35426E+03
 6.44529E+02	 1.35248E+03
 6.44549E+02	 1.35371E+03
 6.44568E+02	 1.35373E+03
 6.44587E+02	 1.35328E+03
 6.44607E+02	 1.35333E+03
 6.44626E+02	 1.35357E+03
 6.44645E+02	 1.35366E+03
 6.44665E+02	 1.35246E+03
 6.44684E+02	 1.35367E+03
 6.44703E+02	 1.35462E+03
 6.44723E+02	 1.35382E+03
 6.44742E+02	 1.35259E+03
 6.44761E+02	 1.35354E+03
 6.44781E+02	 1.35339E+03
 6.44800E+02	 1.35376E+03
 6.44819E+02	 1.35445E+03
 6.44839E+02	 1.35430E+03
 6.44858E+02	 1.35405E+03
 6.44877E+02	 1.35360E+03
 6.44897E+02	 1.35240E+03
 6.44916E+02	 1.35290E+03
 6.44935E+02	 1.35392E+03
 6.44955E+02	 1.35481E+03
 6.44974E+02	 1.35351E+03
 6.44993E+02	 1.35292E+03
 6.45013E+02	 1.35340E+03
 6.45032E+02	 1.35230E+03
 6.45051E+02	 1.35262E+03
 6.45071E+02	 1.35360E+03
 6.45090E+02	 1.35349E+03
 6.45109E+02	 1.35341E+03
 6.45129E+02	 1.35362E+03
 6.45148E+02	 1.35339E+03
 6.45167E+02	 1.35396E+03
 6.45187E+02	 1.35317E+03
 6.45206E+02	 1.35324E+03
 6.45225E+02	 1.35328E+03
 6.45245E+02	 1.35390E+03
 6.45264E+02	 1.35358E+03
 6.45283E+02	 1.35351E+03
 6.45303E+02	 1.35376E+03
 6.45322E+02	 1.35370E+03
 6.45341E+02	 1.35420E+03
 6.45361E+02	 1.35366E+03
 6.45380E+02	 1.35265E+03
 6.45399E+02	 1.35392E+03
 6.45419E+02	 1.35445E+03
 6.45438E+02	 1.35431E+03
 6.45457E+02	 1.35365E+03
 6.45476E+02	 1.35353E+03
 6.45496E+02	 1.35392E+03
 6.45515E+02	 1.35317E+03
 6.45534E+02	 1.35397E+03
 6.45554E+02	 1.35291E+03
 6.45573E+02	 1.35339E+03
 6.45592E+02	 1.35342E+03
 6.45612E+02	 1.35224E+03
 6.45631E+02	 1.35372E+03
 6.45650E+02	 1.35310E+03
 6.45670E+02	 1.35337E+03
 6.45689E+02	 1.35351E+03
 6.45708E+02	 1.35306E+03
 6.45728E+02	 1.35414E+03
 6.45747E+02	 1.35322E+03
 6.45766E+02	 1.35365E+03
 6.45786E+02	 1.35360E+03
 6.45805E+02	 1.35360E+03
 6.45824E+02	 1.35353E+03
 6.45844E+02	 1.35319E+03
 6.45863E+02	 1.35316E+03
 6.45882E+02	 1.35261E+03
 6.45902E+02	 1.35290E+03
 6.45921E+02	 1.35288E+03
 6.45940E+02	 1.35339E+03
 6.45960E+02	 1.35358E+03
 6.45979E+02	 1.35374E+03
 6.45998E+02	 1.35380E+03
 6.46018E+02	 1.35381E+03
 6.46037E+02	 1.35423E+03
 6.46056E+02	 1.35382E+03
 6.46076E+02	 1.35368E+03
 6.46095E+02	 1.35352E+03
 6.46114E+02	 1.35341E+03
 6.46134E+02	 1.35318E+03
 6.46153E+02	 1.35361E+03
 6.46172E+02	 1.35370E+03
 6.46192E+02	 1.35366E+03
 6.46211E+02	 1.35337E+03
 6.46230E+02	 1.35310E+03
 6.46250E+02	 1.35330E+03
 6.46269E+02	 1.35364E+03
 6.46288E+02	 1.35337E+03
 6.46308E+02	 1.35322E+03
 6.46327E+02	 1.35328E+03
 6.46346E+02	 1.35358E+03
 6.46366E+02	 1.35363E+03
 6.46385E+02	 1.35381E+03
 6.46404E+02	 1.35423E+03
 6.46424E+02	 1.35407E+03
 6.46443E+02	 1.35438E+03
 6.46462E+02	 1.35386E+03
 6.46482E+02	 1.35360E+03
 6.46501E+02	 1.35293E+03
 6.46520E+02	 1.35332E+03
 6.46540E+02	 1.35285E+03
 6.46559E+02	 1.35350E+03
 6.46578E+02	 1.35307E+03
 6.46598E+02	 1.35359E+03
 6.46617E+02	 1.35260E+03
 6.46636E+02	 1.35294E+03
 6.46656E+02	 1.35408E+03
 6.46675E+02	 1.35373E+03
 6.46694E+02	 1.35298E+03
 6.46713E+02	 1.35238E+03
 6.46733E+02	 1.35397E+03
 6.46752E+02	 1.35399E+03
 6.46771E+02	 1.35337E+03
 6.46791E+02	 1.35288E+03
 6.46810E+02	 1.35376E+03
 6.46829E+02	 1.35362E+03
 6.46849E+02	 1.35341E+03
 6.46868E+02	 1.35327E+03
 6.46887E+02	 1.35366E+03
 6.46907E+02	 1.35341E+03
 6.46926E+02	 1.35344E+03
 6.46945E+02	 1.35385E+03
 6.46965E+02	 1.35303E+03
 6.46984E+02	 1.35352E+03
 6.47003E+02	 1.35345E+03
 6.47023E+02	 1.35280E+03
 6.47042E+02	 1.35310E+03
 6.47061E+02	 1.35464E+03
 6.47081E+02	 1.35274E+03
 6.47100E+02	 1.35293E+03
 6.47119E+02	 1.35363E+03
 6.47139E+02	 1.35387E+03
 6.47158E+02	 1.35267E+03
 6.47177E+02	 1.35362E+03
 6.47197E+02	 1.35385E+03
 6.47216E+02	 1.35394E+03
 6.47235E+02	 1.35281E+03
 6.47255E+02	 1.35383E+03
 6.47274E+02	 1.35343E+03
 6.47293E+02	 1.35312E+03
 6.47313E+02	 1.35351E+03
 6.47332E+02	 1.35338E+03
 6.47351E+02	 1.35236E+03
 6.47371E+02	 1.35278E+03
 6.47390E+02	 1.35272E+03
 6.47409E+02	 1.35261E+03
 6.47429E+02	 1.35334E+03
 6.47448E+02	 1.35422E+03
 6.47467E+02	 1.35372E+03
 6.47487E+02	 1.35346E+03
 6.47506E+02	 1.35326E+03
 6.47525E+02	 1.35343E+03
 6.47545E+02	 1.35390E+03
 6.47564E+02	 1.35360E+03
 6.47583E+02	 1.35335E+03
 6.47603E+02	 1.35387E+03
 6.47622E+02	 1.35360E+03
 6.47641E+02	 1.35284E+03
 6.47661E+02	 1.35302E+03
 6.47680E+02	 1.35337E+03
 6.47699E+02	 1.35371E+03
 6.47719E+02	 1.35367E+03
 6.47738E+02	 1.35313E+03
 6.47757E+02	 1.35344E+03
 6.47777E+02	 1.35356E+03
 6.47796E+02	 1.35380E+03
 6.47815E+02	 1.35335E+03
 6.47835E+02	 1.35338E+03
 6.47854E+02	 1.35360E+03
 6.47873E+02	 1.35343E+03
 6.47892E+02	 1.35378E+03
 6.47912E+02	 1.35361E+03
 6.47931E+02	 1.35283E+03
 6.47950E+02	 1.35355E+03
 6.47970E+02	 1.35398E+03
 6.47989E+02	 1.35379E+03
 6.48008E+02	 1.35352E+03
 6.48028E+02	 1.35288E+03
 6.48047E+02	 1.35256E+03
 6.48066E+02	 1.35235E+03
 6.48086E+02	 1.35260E+03
 6.48105E+02	 1.35244E+03
 6.48124E+02	 1.35276E+03
 6.48144E+02	 1.35344E+03
 6.48163E+02	 1.35355E+03
 6.48182E+02	 1.35376E+03
 6.48202E+02	 1.35374E+03
 6.48221E+02	 1.35323E+03
 6.48240E+02	 1.35322E+03
 6.48260E+02	 1.35267E+03
 6.48279E+02	 1.35258E+03
 6.48298E+02	 1.35361E+03
 6.48318E+02	 1.35364E+03
 6.48337E+02	 1.35325E+03
 6.48356E+02	 1.35373E+03
 6.48376E+02	 1.35381E+03
 6.48395E+02	 1.35346E+03
 6.48414E+02	 1.35402E+03
 6.48434E+02	 1.35332E+03
 6.48453E+02	 1.35301E+03
 6.48472E+02	 1.35384E+03
 6.48492E+02	 1.35386E+03
 6.48511E+02	 1.35419E+03
 6.48530E+02	 1.35332E+03
 6.48550E+02	 1.35311E+03
 6.48569E+02	 1.35407E+03
 6.48588E+02	 1.35355E+03
 6.48608E+02	 1.35233E+03
 6.48627E+02	 1.35320E+03
 6.48646E+02	 1.35435E+03
 6.48666E+02	 1.35299E+03
 6.48685E+02	 1.35291E+03
 6.48704E+02	 1.35349E+03
 6.48724E+02	 1.35400E+03
 6.48743E+02	 1.35413E+03
 6.48762E+02	 1.35269E+03
 6.48782E+02	 1.35252E+03
 6.48801E+02	 1.35363E+03
 6.48820E+02	 1.35350E+03
 6.48840E+02	 1.35328E+03
 6.48859E+02	 1.35314E+03
 6.48878E+02	 1.35254E+03
 6.48898E+02	 1.35341E+03
 6.48917E+02	 1.35349E+03
 6.48936E+02	 1.35256E+03
 6.48956E+02	 1.35305E+03
 6.48975E+02	 1.35374E+03
 6.48994E+02	 1.35407E+03
 6.49014E+02	 1.35309E+03
 6.49033E+02	 1.35239E+03
 6.49052E+02	 1.35251E+03
 6.49072E+02	 1.35353E+03
 6.49091E+02	 1.35360E+03
 6.49110E+02	 1.35313E+03
 6.49129E+02	 1.35433E+03
 6.49149E+02	 1.35337E+03
 6.49168E+02	 1.35335E+03
 6.49187E+02	 1.35228E+03
 6.49207E+02	 1.35366E+03
 6.49226E+02	 1.35342E+03
 6.49245E+02	 1.35419E+03
 6.49265E+02	 1.35465E+03
 6.49284E+02	 1.35367E+03
 6.49303E+02	 1.35307E+03
 6.49323E+02	 1.35305E+03
 6.49342E+02	 1.35317E+03
 6.49361E+02	 1.35294E+03
 6.49381E+02	 1.35385E+03
 6.49400E+02	 1.35369E+03
 6.49419E+02	 1.35438E+03
 6.49439E+02	 1.35399E+03
 6.49458E+02	 1.35334E+03
 6.49477E+02	 1.35354E+03
 6.49497E+02	 1.35182E+03
 6.49516E+02	 1.35343E+03
 6.49535E+02	 1.35442E+03
 6.49555E+02	 1.35246E+03
 6.49574E+02	 1.35276E+03
 6.49593E+02	 1.35362E+03
 6.49613E+02	 1.35358E+03
 6.49632E+02	 1.35286E+03
 6.49651E+02	 1.35318E+03
 6.49671E+02	 1.35227E+03
 6.49690E+02	 1.35301E+03
 6.49709E+02	 1.35391E+03
 6.49729E+02	 1.35385E+03
 6.49748E+02	 1.35179E+03
 6.49767E+02	 1.35375E+03
 6.49787E+02	 1.35317E+03
 6.49806E+02	 1.35252E+03
 6.49825E+02	 1.35339E+03
 6.49845E+02	 1.35277E+03
 6.49864E+02	 1.35356E+03
 6.49883E+02	 1.35300E+03
 6.49903E+02	 1.35330E+03
 6.49922E+02	 1.35394E+03
 6.49941E+02	 1.35294E+03
 6.49961E+02	 1.35255E+03
 6.49980E+02	 1.35309E+03
 6.49999E+02	 1.35298E+03
 6.50019E+02	 1.35368E+03
 6.50038E+02	 1.35457E+03
 6.50057E+02	 1.35219E+03
 6.50077E+02	 1.35293E+03
 6.50096E+02	 1.35369E+03
 6.50115E+02	 1.35312E+03
 6.50135E+02	 1.35406E+03
 6.50154E+02	 1.35468E+03
 6.50173E+02	 1.35265E+03
 6.50193E+02	 1.35412E+03
 6.50212E+02	 1.35471E+03
 6.50231E+02	 1.35298E+03
 6.50251E+02	 1.35257E+03
 6.50270E+02	 1.35414E+03
 6.50289E+02	 1.35356E+03
 6.50309E+02	 1.35270E+03
 6.50328E+02	 1.35282E+03
 6.50347E+02	 1.35438E+03
 6.50366E+02	 1.35440E+03
 6.50386E+02	 1.35529E+03
 6.50405E+02	 1.35376E+03
 6.50424E+02	 1.35439E+03
 6.50444E+02	 1.35298E+03
 6.50463E+02	 1.35240E+03
 6.50482E+02	 1.35276E+03
 6.50502E+02	 1.35263E+03
 6.50521E+02	 1.35163E+03
 6.50540E+02	 1.35364E+03
 6.50560E+02	 1.35334E+03
 6.50579E+02	 1.35431E+03
 6.50598E+02	 1.35285E+03
 6.50618E+02	 1.35353E+03
 6.50637E+02	 1.35316E+03
 6.50656E+02	 1.35398E+03
 6.50676E+02	 1.35445E+03
 6.50695E+02	 1.35312E+03
 6.50714E+02	 1.35355E+03
 6.50734E+02	 1.35374E+03
 6.50753E+02	 1.35321E+03
 6.50772E+02	 1.35335E+03
 6.50792E+02	 1.35251E+03
 6.50811E+02	 1.35286E+03
 6.50830E+02	 1.35181E+03
 6.50850E+02	 1.35353E+03
 6.50869E+02	 1.35370E+03
 6.50888E+02	 1.35230E+03
 6.50908E+02	 1.35299E+03
 6.50927E+02	 1.35329E+03
 6.50946E+02	 1.35467E+03
 6.50966E+02	 1.35323E+03
 6.50985E+02	 1.35448E+03
 6.51004E+02	 1.35460E+03
 6.51024E+02	 1.35209E+03
 6.51043E+02	 1.35235E+03
 6.51062E+02	 1.35350E+03
 6.51082E+02	 1.35326E+03
 6.51101E+02	 1.35256E+03
 6.51120E+02	 1.35285E+03
 6.51140E+02	 1.35317E+03
 6.51159E+02	 1.35312E+03
 6.51178E+02	 1.35274E+03
 6.51198E+02	 1.35225E+03
 6.51217E+02	 1.35320E+03
 6.51236E+02	 1.35278E+03
 6.51256E+02	 1.35293E+03
 6.51275E+02	 1.35426E+03
 6.51294E+02	 1.35288E+03
 6.51314E+02	 1.35264E+03
 6.51333E+02	 1.35266E+03
 6.51352E+02	 1.35295E+03
 6.51372E+02	 1.35415E+03
 6.51391E+02	 1.35336E+03
 6.51410E+02	 1.35327E+03
 6.51430E+02	 1.35334E+03
 6.51449E+02	 1.35237E+03
 6.51468E+02	 1.35381E+03
 6.51488E+02	 1.35149E+03
 6.51507E+02	 1.35300E+03
 6.51526E+02	 1.35473E+03
 6.51546E+02	 1.35351E+03
 6.51565E+02	 1.35390E+03
 6.51584E+02	 1.35350E+03
 6.51603E+02	 1.35340E+03
 6.51623E+02	 1.35236E+03
 6.51642E+02	 1.35268E+03
 6.51661E+02	 1.35298E+03
 6.51681E+02	 1.35317E+03
 6.51700E+02	 1.35294E+03
 6.51719E+02	 1.35359E+03
 6.51739E+02	 1.35331E+03
 6.51758E+02	 1.35255E+03
 6.51777E+02	 1.35323E+03
 6.51797E+02	 1.35343E+03
 6.51816E+02	 1.35316E+03
 6.51835E+02	 1.35307E+03
 6.51855E+02	 1.35298E+03
 6.51874E+02	 1.35299E+03
 6.51893E+02	 1.35315E+03
 6.51913E+02	 1.35336E+03
 6.51932E+02	 1.35348E+03
 6.51951E+02	 1.35347E+03
 6.51971E+02	 1.35328E+03
 6.51990E+02	 1.35350E+03
 6.52009E+02	 1.35211E+03
 6.52029E+02	 1.35394E+03
 6.52048E+02	 1.35305E+03
 6.52067E+02	 1.35262E+03
 6.52087E+02	 1.35293E+03
 6.52106E+02	 1.35303E+03
 6.52125E+02	 1.35338E+03
 6.52145E+02	 1.35308E+03
 6.52164E+02	 1.35316E+03
 6.52183E+02	 1.35290E+03
 6.52203E+02	 1.35288E+03
 6.52222E+02	 1.35287E+03
 6.52241E+02	 1.35383E+03
 6.52261E+02	 1.35370E+03
 6.52280E+02	 1.35273E+03
 6.52299E+02	 1.35372E+03
 6.52319E+02	 1.35285E+03
 6.52338E+02	 1.35315E+03
 6.52357E+02	 1.35407E+03
 6.52377E+02	 1.35351E+03
 6.52396E+02	 1.35410E+03
 6.52415E+02	 1.35422E+03
 6.52435E+02	 1.35412E+03
 6.52454E+02	 1.35289E+03
 6.52473E+02	 1.35243E+03
 6.52493E+02	 1.35326E+03
 6.52512E+02	 1.35383E+03
 6.52531E+02	 1.35318E+03
 6.52551E+02	 1.35364E+03
 6.52570E+02	 1.35385E+03
 6.52589E+02	 1.35316E+03
 6.52609E+02	 1.35315E+03
 6.52628E+02	 1.35281E+03
 6.52647E+02	 1.35310E+03
 6.52667E+02	 1.35374E+03
 6.52686E+02	 1.35324E+03
 6.52705E+02	 1.35269E+03
 6.52725E+02	 1.35329E+03
 6.52744E+02	 1.35290E+03
 6.52763E+02	 1.35292E+03
 6.52783E+02	 1.35346E+03
 6.52802E+02	 1.35358E+03
 6.52821E+02	 1.35316E+03
 6.52840E+02	 1.35279E+03
 6.52860E+02	 1.35311E+03
 6.52879E+02	 1.35340E+03
 6.52898E+02	 1.35356E+03
 6.52918E+02	 1.35335E+03
 6.52937E+02	 1.35334E+03
 6.52956E+02	 1.35361E+03
 6.52976E+02	 1.35300E+03
 6.52995E+02	 1.35244E+03
 6.53014E+02	 1.35329E+03
 6.53034E+02	 1.35277E+03
 6.53053E+02	 1.35360E+03
 6.53072E+02	 1.35361E+03
 6.53092E+02	 1.35355E+03
 6.53111E+02	 1.35304E+03
 6.53130E+02	 1.35344E+03
 6.53150E+02	 1.35407E+03
 6.53169E+02	 1.35375E+03
 6.53188E+02	 1.35325E+03
 6.53208E+02	 1.35282E+03
 6.53227E+02	 1.35214E+03
 6.53246E+02	 1.35333E+03
 6.53266E+02	 1.35335E+03
 6.53285E+02	 1.35254E+03
 6.53304E+02	 1.35330E+03
 6.53324E+02	 1.35312E+03
 6.53343E+02	 1.35290E+03
 6.53362E+02	 1.35275E+03
 6.53382E+02	 1.35264E+03
 6.53401E+02	 1.35294E+03
 6.53420E+02	 1.35263E+03
 6.53440E+02	 1.35244E+03
 6.53459E+02	 1.35325E+03
 6.53478E+02	 1.35331E+03
 6.53498E+02	 1.35391E+03
 6.53517E+02	 1.35340E+03
 6.53536E+02	 1.35327E+03
 6.53556E+02	 1.35271E+03
 6.53575E+02	 1.35243E+03
 6.53594E+02	 1.35287E+03
 6.53614E+02	 1.35363E+03
 6.53633E+02	 1.35271E+03
 6.53652E+02	 1.35315E+03
 6.53672E+02	 1.35412E+03
 6.53691E+02	 1.35327E+03
 6.53710E+02	 1.35285E+03
 6.53730E+02	 1.35322E+03
 6.53749E+02	 1.35343E+03
 6.53768E+02	 1.35266E+03
 6.53788E+02	 1.35206E+03
 6.53807E+02	 1.35173E+03
 6.53826E+02	 1.35316E+03
 6.53846E+02	 1.35365E+03
 6.53865E+02	 1.35377E+03
 6.53884E+02	 1.35351E+03
 6.53904E+02	 1.35343E+03
 6.53923E+02	 1.35365E+03
 6.53942E+02	 1.35302E+03
 6.53962E+02	 1.35369E+03
 6.53981E+02	 1.35142E+03
 6.54000E+02	 1.35276E+03
 6.54019E+02	 1.35355E+03
