 5.40854E+02	 1.44592E+03
 5.40873E+02	 1.44299E+03
 5.40892E+02	 1.44415E+03
 5.40912E+02	 1.44494E+03
 5.40931E+02	 1.44364E+03
 5.40950E+02	 1.44329E+03
 5.40970E+02	 1.44476E+03
 5.40989E+02	 1.44670E+03
 5.41008E+02	 1.44421E+03
 5.41028E+02	 1.44397E+03
 5.41047E+02	 1.44517E+03
 5.41066E+02	 1.44540E+03
 5.41086E+02	 1.44264E+03
 5.41105E+02	 1.44247E+03
 5.41124E+02	 1.44394E+03
 5.41143E+02	 1.44350E+03
 5.41163E+02	 1.44314E+03
 5.41182E+02	 1.44249E+03
 5.41201E+02	 1.44408E+03
 5.41221E+02	 1.44364E+03
 5.41240E+02	 1.44399E+03
 5.41259E+02	 1.44443E+03
 5.41279E+02	 1.44456E+03
 5.41298E+02	 1.44313E+03
 5.41317E+02	 1.44232E+03
 5.41337E+02	 1.44409E+03
 5.41356E+02	 1.44522E+03
 5.41375E+02	 1.44236E+03
 5.41395E+02	 1.44347E+03
 5.41414E+02	 1.44310E+03
 5.41433E+02	 1.44250E+03
 5.41453E+02	 1.44310E+03
 5.41472E+02	 1.44528E+03
 5.41491E+02	 1.44510E+03
 5.41511E+02	 1.44410E+03
 5.41530E+02	 1.44538E+03
 5.41549E+02	 1.44207E+03
 5.41569E+02	 1.44205E+03
 5.41588E+02	 1.44348E+03
 5.41607E+02	 1.44324E+03
 5.41627E+02	 1.44269E+03
 5.41646E+02	 1.44400E+03
 5.41665E+02	 1.44098E+03
 5.41685E+02	 1.44065E+03
 5.41704E+02	 1.44030E+03
 5.41723E+02	 1.44143E+03
 5.41743E+02	 1.44242E+03
 5.41762E+02	 1.44237E+03
 5.41781E+02	 1.44377E+03
 5.41801E+02	 1.44313E+03
 5.41820E+02	 1.44183E+03
 5.41839E+02	 1.44281E+03
 5.41859E+02	 1.44165E+03
 5.41878E+02	 1.44353E+03
 5.41897E+02	 1.44349E+03
 5.41917E+02	 1.44157E+03
 5.41936E+02	 1.44232E+03
 5.41955E+02	 1.44089E+03
 5.41975E+02	 1.44167E+03
 5.41994E+02	 1.44188E+03
 5.42013E+02	 1.44112E+03
 5.42033E+02	 1.44235E+03
 5.42052E+02	 1.44220E+03
 5.42071E+02	 1.44097E+03
 5.42091E+02	 1.44190E+03
 5.42110E+02	 1.44229E+03
 5.42129E+02	 1.44200E+03
 5.42149E+02	 1.44242E+03
 5.42168E+02	 1.44273E+03
 5.42187E+02	 1.44218E+03
 5.42207E+02	 1.44277E+03
 5.42226E+02	 1.44139E+03
 5.42245E+02	 1.44133E+03
 5.42265E+02	 1.44050E+03
 5.42284E+02	 1.43994E+03
 5.42303E+02	 1.43984E+03
 5.42323E+02	 1.44024E+03
 5.42342E+02	 1.43964E+03
 5.42361E+02	 1.44233E+03
 5.42380E+02	 1.44114E+03
 5.42400E+02	 1.44032E+03
 5.42419E+02	 1.44137E+03
 5.42438E+02	 1.44144E+03
 5.42458E+02	 1.44055E+03
 5.42477E+02	 1.44125E+03
 5.42496E+02	 1.43871E+03
 5.42516E+02	 1.44190E+03
 5.42535E+02	 1.44236E+03
 5.42554E+02	 1.44190E+03
 5.42574E+02	 1.44156E+03
 5.42593E+02	 1.44271E+03
 5.42612E+02	 1.44243E+03
 5.42632E+02	 1.43944E+03
 5.42651E+02	 1.44326E+03
 5.42670E+02	 1.44164E+03
 5.42690E+02	 1.44227E+03
 5.42709E+02	 1.44092E+03
 5.42728E+02	 1.44192E+03
 5.42748E+02	 1.44127E+03
 5.42767E+02	 1.44225E+03
 5.42786E+02	 1.44349E+03
 5.42806E+02	 1.44410E+03
 5.42825E+02	 1.44328E+03
 5.42844E+02	 1.44304E+03
 5.42864E+02	 1.44203E+03
 5.42883E+02	 1.43990E+03
 5.42902E+02	 1.44173E+03
 5.42922E+02	 1.44199E+03
 5.42941E+02	 1.44226E+03
 5.42960E+02	 1.44258E+03
 5.42980E+02	 1.44322E+03
 5.42999E+02	 1.44286E+03
 5.43018E+02	 1.44171E+03
 5.43038E+02	 1.43937E+03
 5.43057E+02	 1.44323E+03
 5.43076E+02	 1.44266E+03
 5.43096E+02	 1.44237E+03
 5.43115E+02	 1.44346E+03
 5.43134E+02	 1.44405E+03
 5.43154E+02	 1.44323E+03
 5.43173E+02	 1.44249E+03
 5.43192E+02	 1.44215E+03
 5.43212E+02	 1.44281E+03
 5.43231E+02	 1.44285E+03
 5.43250E+02	 1.44193E+03
 5.43270E+02	 1.44279E+03
 5.43289E+02	 1.44423E+03
 5.43308E+02	 1.44387E+03
 5.43328E+02	 1.44222E+03
 5.43347E+02	 1.44298E+03
 5.43366E+02	 1.44414E+03
 5.43386E+02	 1.44354E+03
 5.43405E+02	 1.44246E+03
 5.43424E+02	 1.44191E+03
 5.43444E+02	 1.44351E+03
 5.43463E+02	 1.44382E+03
 5.43482E+02	 1.44200E+03
 5.43502E+02	 1.44345E+03
 5.43521E+02	 1.44220E+03
 5.43540E+02	 1.44331E+03
 5.43560E+02	 1.44373E+03
 5.43579E+02	 1.44412E+03
 5.43598E+02	 1.44368E+03
 5.43617E+02	 1.44161E+03
 5.43637E+02	 1.44254E+03
 5.43656E+02	 1.44214E+03
 5.43675E+02	 1.44266E+03
 5.43695E+02	 1.44298E+03
 5.43714E+02	 1.44623E+03
 5.43733E+02	 1.44295E+03
 5.43753E+02	 1.44340E+03
 5.43772E+02	 1.44192E+03
 5.43791E+02	 1.44361E+03
 5.43811E+02	 1.44398E+03
 5.43830E+02	 1.44439E+03
 5.43849E+02	 1.44375E+03
 5.43869E+02	 1.44333E+03
 5.43888E+02	 1.44434E+03
 5.43907E+02	 1.44168E+03
 5.43927E+02	 1.44309E+03
 5.43946E+02	 1.44395E+03
 5.43965E+02	 1.44148E+03
 5.43985E+02	 1.44441E+03
 5.44004E+02	 1.44579E+03
 5.44023E+02	 1.44363E+03
 5.44043E+02	 1.44266E+03
 5.44062E+02	 1.44082E+03
 5.44081E+02	 1.44201E+03
 5.44101E+02	 1.44163E+03
 5.44120E+02	 1.44259E+03
 5.44139E+02	 1.44129E+03
 5.44159E+02	 1.44216E+03
 5.44178E+02	 1.44292E+03
 5.44197E+02	 1.44222E+03
 5.44217E+02	 1.44375E+03
 5.44236E+02	 1.44296E+03
 5.44255E+02	 1.44297E+03
 5.44275E+02	 1.44251E+03
 5.44294E+02	 1.44199E+03
 5.44313E+02	 1.44198E+03
 5.44333E+02	 1.44234E+03
 5.44352E+02	 1.44360E+03
 5.44371E+02	 1.44555E+03
 5.44391E+02	 1.44359E+03
 5.44410E+02	 1.44339E+03
 5.44429E+02	 1.44391E+03
 5.44449E+02	 1.44461E+03
 5.44468E+02	 1.44513E+03
 5.44487E+02	 1.44456E+03
 5.44507E+02	 1.44258E+03
 5.44526E+02	 1.44277E+03
 5.44545E+02	 1.44224E+03
 5.44565E+02	 1.44482E+03
 5.44584E+02	 1.44534E+03
 5.44603E+02	 1.44282E+03
 5.44623E+02	 1.44233E+03
 5.44642E+02	 1.44434E+03
 5.44661E+02	 1.44513E+03
 5.44681E+02	 1.44368E+03
 5.44700E+02	 1.44376E+03
 5.44719E+02	 1.44384E+03
 5.44739E+02	 1.44363E+03
 5.44758E+02	 1.44321E+03
 5.44777E+02	 1.44545E+03
 5.44797E+02	 1.44328E+03
 5.44816E+02	 1.44460E+03
 5.44835E+02	 1.44373E+03
 5.44854E+02	 1.44308E+03
 5.44874E+02	 1.44351E+03
 5.44893E+02	 1.44394E+03
 5.44912E+02	 1.44550E+03
 5.44932E+02	 1.44415E+03
 5.44951E+02	 1.44190E+03
 5.44970E+02	 1.44393E+03
 5.44990E+02	 1.44268E+03
 5.45009E+02	 1.44349E+03
 5.45028E+02	 1.44406E+03
 5.45048E+02	 1.44501E+03
 5.45067E+02	 1.44578E+03
 5.45086E+02	 1.44488E+03
 5.45106E+02	 1.44480E+03
 5.45125E+02	 1.44492E+03
 5.45144E+02	 1.44457E+03
 5.45164E+02	 1.44549E+03
 5.45183E+02	 1.44557E+03
 5.45202E+02	 1.44502E+03
 5.45222E+02	 1.44489E+03
 5.45241E+02	 1.44545E+03
 5.45260E+02	 1.44591E+03
 5.45280E+02	 1.44376E+03
 5.45299E+02	 1.44457E+03
 5.45318E+02	 1.44492E+03
 5.45338E+02	 1.44633E+03
 5.45357E+02	 1.44655E+03
 5.45376E+02	 1.44506E+03
 5.45396E+02	 1.44483E+03
 5.45415E+02	 1.44555E+03
 5.45434E+02	 1.44293E+03
 5.45454E+02	 1.44457E+03
 5.45473E+02	 1.44457E+03
 5.45492E+02	 1.44573E+03
 5.45512E+02	 1.44534E+03
 5.45531E+02	 1.44529E+03
 5.45550E+02	 1.44682E+03
 5.45570E+02	 1.44609E+03
 5.45589E+02	 1.44375E+03
 5.45608E+02	 1.44453E+03
 5.45628E+02	 1.44419E+03
 5.45647E+02	 1.44455E+03
 5.45666E+02	 1.44599E+03
 5.45686E+02	 1.44286E+03
 5.45705E+02	 1.44380E+03
 5.45724E+02	 1.44648E+03
 5.45744E+02	 1.44504E+03
 5.45763E+02	 1.44539E+03
 5.45782E+02	 1.44440E+03
 5.45802E+02	 1.44477E+03
 5.45821E+02	 1.44580E+03
 5.45840E+02	 1.44714E+03
 5.45860E+02	 1.44554E+03
 5.45879E+02	 1.44303E+03
 5.45898E+02	 1.44426E+03
 5.45918E+02	 1.44550E+03
 5.45937E+02	 1.44479E+03
 5.45956E+02	 1.44300E+03
 5.45976E+02	 1.44356E+03
 5.45995E+02	 1.44241E+03
 5.46014E+02	 1.44343E+03
 5.46034E+02	 1.44538E+03
 5.46053E+02	 1.44234E+03
 5.46072E+02	 1.44387E+03
 5.46091E+02	 1.44467E+03
 5.46111E+02	 1.44548E+03
 5.46130E+02	 1.44620E+03
 5.46149E+02	 1.44599E+03
 5.46169E+02	 1.44514E+03
 5.46188E+02	 1.44494E+03
 5.46207E+02	 1.44353E+03
 5.46227E+02	 1.44424E+03
 5.46246E+02	 1.44302E+03
 5.46265E+02	 1.44286E+03
 5.46285E+02	 1.44225E+03
 5.46304E+02	 1.44135E+03
 5.46323E+02	 1.44215E+03
 5.46343E+02	 1.44600E+03
 5.46362E+02	 1.44411E+03
 5.46381E+02	 1.44368E+03
 5.46401E+02	 1.44326E+03
 5.46420E+02	 1.44279E+03
 5.46439E+02	 1.44403E+03
 5.46459E+02	 1.44521E+03
 5.46478E+02	 1.44430E+03
 5.46497E+02	 1.44337E+03
 5.46517E+02	 1.44567E+03
 5.46536E+02	 1.44621E+03
 5.46555E+02	 1.44568E+03
 5.46575E+02	 1.44392E+03
 5.46594E+02	 1.44418E+03
 5.46613E+02	 1.44474E+03
 5.46633E+02	 1.44397E+03
 5.46652E+02	 1.44508E+03
 5.46671E+02	 1.44663E+03
 5.46691E+02	 1.44379E+03
 5.46710E+02	 1.44349E+03
 5.46729E+02	 1.44511E+03
 5.46749E+02	 1.44510E+03
 5.46768E+02	 1.44637E+03
 5.46787E+02	 1.44599E+03
 5.46807E+02	 1.44603E+03
 5.46826E+02	 1.44799E+03
 5.46845E+02	 1.44659E+03
 5.46865E+02	 1.44582E+03
 5.46884E+02	 1.44699E+03
 5.46903E+02	 1.44738E+03
 5.46923E+02	 1.44893E+03
 5.46942E+02	 1.45293E+03
 5.46961E+02	 1.45013E+03
 5.46981E+02	 1.44721E+03
 5.47000E+02	 1.44877E+03
 5.47019E+02	 1.44732E+03
 5.47039E+02	 1.44607E+03
 5.47058E+02	 1.44772E+03
 5.47077E+02	 1.44931E+03
 5.47097E+02	 1.44868E+03
 5.47116E+02	 1.44954E+03
 5.47135E+02	 1.44911E+03
 5.47155E+02	 1.45032E+03
 5.47174E+02	 1.45063E+03
 5.47193E+02	 1.44918E+03
 5.47213E+02	 1.44790E+03
 5.47232E+02	 1.44759E+03
 5.47251E+02	 1.44659E+03
 5.47271E+02	 1.44960E+03
 5.47290E+02	 1.45082E+03
 5.47309E+02	 1.44969E+03
 5.47328E+02	 1.45050E+03
 5.47348E+02	 1.45068E+03
 5.47367E+02	 1.45169E+03
 5.47386E+02	 1.45172E+03
 5.47406E+02	 1.45097E+03
 5.47425E+02	 1.45083E+03
 5.47444E+02	 1.45092E+03
 5.47464E+02	 1.45075E+03
 5.47483E+02	 1.44801E+03
 5.47502E+02	 1.44904E+03
 5.47522E+02	 1.44915E+03
 5.47541E+02	 1.44923E+03
 5.47560E+02	 1.45159E+03
 5.47580E+02	 1.45422E+03
 5.47599E+02	 1.45200E+03
 5.47618E+02	 1.45123E+03
 5.47638E+02	 1.45114E+03
 5.47657E+02	 1.45064E+03
 5.47676E+02	 1.45081E+03
 5.47696E+02	 1.45092E+03
 5.47715E+02	 1.45176E+03
 5.47734E+02	 1.45235E+03
 5.47754E+02	 1.45380E+03
 5.47773E+02	 1.45049E+03
 5.47792E+02	 1.44970E+03
 5.47812E+02	 1.45101E+03
 5.47831E+02	 1.45021E+03
 5.47850E+02	 1.45321E+03
 5.47870E+02	 1.45136E+03
 5.47889E+02	 1.45008E+03
 5.47908E+02	 1.45010E+03
 5.47928E+02	 1.45101E+03
 5.47947E+02	 1.45162E+03
 5.47966E+02	 1.45165E+03
 5.47986E+02	 1.45037E+03
 5.48005E+02	 1.45040E+03
 5.48024E+02	 1.45102E+03
 5.48044E+02	 1.45039E+03
 5.48063E+02	 1.44938E+03
 5.48082E+02	 1.44968E+03
 5.48102E+02	 1.44880E+03
 5.48121E+02	 1.44844E+03
 5.48140E+02	 1.44972E+03
 5.48160E+02	 1.45143E+03
 5.48179E+02	 1.45084E+03
 5.48198E+02	 1.44900E+03
 5.48218E+02	 1.45024E+03
 5.48237E+02	 1.44983E+03
 5.48256E+02	 1.44907E+03
 5.48276E+02	 1.44904E+03
 5.48295E+02	 1.44949E+03
 5.48314E+02	 1.45045E+03
 5.48334E+02	 1.44959E+03
 5.48353E+02	 1.45027E+03
 5.48372E+02	 1.45082E+03
 5.48392E+02	 1.45175E+03
 5.48411E+02	 1.44994E+03
 5.48430E+02	 1.45096E+03
 5.48450E+02	 1.45043E+03
 5.48469E+02	 1.44863E+03
 5.48488E+02	 1.44872E+03
 5.48507E+02	 1.44851E+03
 5.48527E+02	 1.44813E+03
 5.48546E+02	 1.44705E+03
 5.48565E+02	 1.44587E+03
 5.48585E+02	 1.45047E+03
 5.48604E+02	 1.44778E+03
 5.48623E+02	 1.44804E+03
 5.48643E+02	 1.44810E+03
 5.48662E+02	 1.44928E+03
 5.48681E+02	 1.45041E+03
 5.48701E+02	 1.44958E+03
 5.48720E+02	 1.44870E+03
 5.48739E+02	 1.44848E+03
 5.48759E+02	 1.44831E+03
 5.48778E+02	 1.44731E+03
 5.48797E+02	 1.44824E+03
 5.48817E+02	 1.44828E+03
 5.48836E+02	 1.44688E+03
 5.48855E+02	 1.44774E+03
 5.48875E+02	 1.44766E+03
 5.48894E+02	 1.44495E+03
 5.48913E+02	 1.44445E+03
 5.48933E+02	 1.44736E+03
 5.48952E+02	 1.44819E+03
 5.48971E+02	 1.44495E+03
 5.48991E+02	 1.44427E+03
 5.49010E+02	 1.44484E+03
 5.49029E+02	 1.44756E+03
 5.49049E+02	 1.44597E+03
 5.49068E+02	 1.44418E+03
 5.49087E+02	 1.44437E+03
 5.49107E+02	 1.44509E+03
 5.49126E+02	 1.44473E+03
 5.49145E+02	 1.44458E+03
 5.49165E+02	 1.44552E+03
 5.49184E+02	 1.44583E+03
 5.49203E+02	 1.44426E+03
 5.49223E+02	 1.44406E+03
 5.49242E+02	 1.44477E+03
 5.49261E+02	 1.44453E+03
 5.49281E+02	 1.44323E+03
 5.49300E+02	 1.44326E+03
 5.49319E+02	 1.44339E+03
 5.49339E+02	 1.44405E+03
 5.49358E+02	 1.44364E+03
 5.49377E+02	 1.44205E+03
 5.49397E+02	 1.44217E+03
 5.49416E+02	 1.44258E+03
 5.49435E+02	 1.44313E+03
 5.49455E+02	 1.44343E+03
 5.49474E+02	 1.44302E+03
 5.49493E+02	 1.44039E+03
 5.49513E+02	 1.44081E+03
 5.49532E+02	 1.44257E+03
 5.49551E+02	 1.44246E+03
 5.49571E+02	 1.44221E+03
 5.49590E+02	 1.44217E+03
 5.49609E+02	 1.43942E+03
 5.49629E+02	 1.43977E+03
 5.49648E+02	 1.43927E+03
 5.49667E+02	 1.43917E+03
 5.49687E+02	 1.44235E+03
 5.49706E+02	 1.44220E+03
 5.49725E+02	 1.43972E+03
 5.49744E+02	 1.43996E+03
 5.49764E+02	 1.43843E+03
 5.49783E+02	 1.43903E+03
 5.49802E+02	 1.43842E+03
 5.49822E+02	 1.43659E+03
 5.49841E+02	 1.43851E+03
 5.49860E+02	 1.44112E+03
 5.49880E+02	 1.43850E+03
 5.49899E+02	 1.43950E+03
 5.49918E+02	 1.43728E+03
 5.49938E+02	 1.43717E+03
 5.49957E+02	 1.43829E+03
 5.49976E+02	 1.44012E+03
 5.49996E+02	 1.43717E+03
 5.50015E+02	 1.43783E+03
 5.50034E+02	 1.43726E+03
 5.50054E+02	 1.43777E+03
 5.50073E+02	 1.44051E+03
 5.50092E+02	 1.43995E+03
 5.50112E+02	 1.44074E+03
 5.50131E+02	 1.43801E+03
 5.50150E+02	 1.43902E+03
 5.50170E+02	 1.43740E+03
 5.50189E+02	 1.43830E+03
 5.50208E+02	 1.43909E+03
 5.50228E+02	 1.43813E+03
 5.50247E+02	 1.43757E+03
 5.50266E+02	 1.43853E+03
 5.50286E+02	 1.43980E+03
 5.50305E+02	 1.43937E+03
 5.50324E+02	 1.43882E+03
 5.50344E+02	 1.43835E+03
 5.50363E+02	 1.43803E+03
 5.50382E+02	 1.43667E+03
 5.50402E+02	 1.43632E+03
 5.50421E+02	 1.43788E+03
 5.50440E+02	 1.43735E+03
 5.50460E+02	 1.43635E+03
 5.50479E+02	 1.43865E+03
 5.50498E+02	 1.43773E+03
 5.50518E+02	 1.43919E+03
 5.50537E+02	 1.43739E+03
 5.50556E+02	 1.43590E+03
 5.50576E+02	 1.43686E+03
 5.50595E+02	 1.43647E+03
 5.50614E+02	 1.43579E+03
 5.50634E+02	 1.43982E+03
 5.50653E+02	 1.43733E+03
 5.50672E+02	 1.43571E+03
 5.50692E+02	 1.43427E+03
 5.50711E+02	 1.43618E+03
 5.50730E+02	 1.43752E+03
 5.50750E+02	 1.43821E+03
 5.50769E+02	 1.43782E+03
 5.50788E+02	 1.43791E+03
 5.50808E+02	 1.43941E+03
 5.50827E+02	 1.43920E+03
 5.50846E+02	 1.43532E+03
 5.50866E+02	 1.43447E+03
 5.50885E+02	 1.43616E+03
 5.50904E+02	 1.43540E+03
 5.50924E+02	 1.43690E+03
 5.50943E+02	 1.43598E+03
 5.50962E+02	 1.43869E+03
 5.50981E+02	 1.43502E+03
 5.51001E+02	 1.43474E+03
 5.51020E+02	 1.43462E+03
 5.51039E+02	 1.43633E+03
 5.51059E+02	 1.43712E+03
 5.51078E+02	 1.43549E+03
 5.51097E+02	 1.43699E+03
 5.51117E+02	 1.43578E+03
 5.51136E+02	 1.43654E+03
 5.51155E+02	 1.43749E+03
 5.51175E+02	 1.43527E+03
 5.51194E+02	 1.43542E+03
 5.51213E+02	 1.43571E+03
 5.51233E+02	 1.43497E+03
 5.51252E+02	 1.43644E+03
 5.51271E+02	 1.43837E+03
 5.51291E+02	 1.43700E+03
 5.51310E+02	 1.43411E+03
 5.51329E+02	 1.43555E+03
 5.51349E+02	 1.43632E+03
 5.51368E+02	 1.43718E+03
 5.51387E+02	 1.43799E+03
 5.51407E+02	 1.43758E+03
 5.51426E+02	 1.43558E+03
 5.51445E+02	 1.43582E+03
 5.51465E+02	 1.43862E+03
 5.51484E+02	 1.43789E+03
 5.51503E+02	 1.43806E+03
 5.51523E+02	 1.43858E+03
 5.51542E+02	 1.43712E+03
 5.51561E+02	 1.43619E+03
 5.51581E+02	 1.43635E+03
 5.51600E+02	 1.43865E+03
 5.51619E+02	 1.43806E+03
 5.51639E+02	 1.44046E+03
 5.51658E+02	 1.43932E+03
 5.51677E+02	 1.43978E+03
 5.51697E+02	 1.43667E+03
 5.51716E+02	 1.43778E+03
 5.51735E+02	 1.43996E+03
 5.51755E+02	 1.44114E+03
 5.51774E+02	 1.44274E+03
 5.51793E+02	 1.44263E+03
 5.51813E+02	 1.43977E+03
 5.51832E+02	 1.44110E+03
 5.51851E+02	 1.43949E+03
 5.51871E+02	 1.44165E+03
 5.51890E+02	 1.43955E+03
 5.51909E+02	 1.43925E+03
 5.51929E+02	 1.44202E+03
 5.51948E+02	 1.44036E+03
 5.51967E+02	 1.43986E+03
 5.51987E+02	 1.43976E+03
 5.52006E+02	 1.44032E+03
 5.52025E+02	 1.44070E+03
 5.52045E+02	 1.44079E+03
 5.52064E+02	 1.44037E+03
 5.52083E+02	 1.43927E+03
 5.52103E+02	 1.44011E+03
 5.52122E+02	 1.44287E+03
 5.52141E+02	 1.44173E+03
 5.52161E+02	 1.44119E+03
 5.52180E+02	 1.43944E+03
 5.52199E+02	 1.43992E+03
 5.52218E+02	 1.44089E+03
 5.52238E+02	 1.44130E+03
 5.52257E+02	 1.44099E+03
 5.52276E+02	 1.44060E+03
 5.52296E+02	 1.44294E+03
 5.52315E+02	 1.44200E+03
 5.52334E+02	 1.44572E+03
 5.52354E+02	 1.44640E+03
 5.52373E+02	 1.44543E+03
 5.52392E+02	 1.44452E+03
 5.52412E+02	 1.44458E+03
 5.52431E+02	 1.44469E+03
 5.52450E+02	 1.44318E+03
 5.52470E+02	 1.44848E+03
 5.52489E+02	 1.44657E+03
 5.52508E+02	 1.44645E+03
 5.52528E+02	 1.44547E+03
 5.52547E+02	 1.44541E+03
 5.52566E+02	 1.44632E+03
 5.52586E+02	 1.44678E+03
 5.52605E+02	 1.44566E+03
 5.52624E+02	 1.44646E+03
 5.52644E+02	 1.44616E+03
 5.52663E+02	 1.44703E+03
 5.52682E+02	 1.44574E+03
 5.52702E+02	 1.44606E+03
 5.52721E+02	 1.44761E+03
 5.52740E+02	 1.44791E+03
 5.52760E+02	 1.44677E+03
 5.52779E+02	 1.44757E+03
 5.52798E+02	 1.44781E+03
 5.52818E+02	 1.44686E+03
 5.52837E+02	 1.44729E+03
 5.52856E+02	 1.44745E+03
 5.52876E+02	 1.44845E+03
 5.52895E+02	 1.44763E+03
 5.52914E+02	 1.44806E+03
 5.52934E+02	 1.45073E+03
 5.52953E+02	 1.45123E+03
 5.52972E+02	 1.45091E+03
 5.52992E+02	 1.44831E+03
 5.53011E+02	 1.44836E+03
 5.53030E+02	 1.44987E+03
 5.53050E+02	 1.44957E+03
 5.53069E+02	 1.45155E+03
 5.53088E+02	 1.45194E+03
 5.53108E+02	 1.45147E+03
 5.53127E+02	 1.45076E+03
 5.53146E+02	 1.44982E+03
 5.53166E+02	 1.45032E+03
 5.53185E+02	 1.45108E+03
 5.53204E+02	 1.45054E+03
 5.53224E+02	 1.44996E+03
 5.53243E+02	 1.45098E+03
 5.53262E+02	 1.45241E+03
 5.53282E+02	 1.45231E+03
 5.53301E+02	 1.45252E+03
 5.53320E+02	 1.45282E+03
 5.53340E+02	 1.45492E+03
 5.53359E+02	 1.45473E+03
 5.53378E+02	 1.45224E+03
 5.53398E+02	 1.45259E+03
 5.53417E+02	 1.45475E+03
 5.53436E+02	 1.45490E+03
 5.53455E+02	 1.45330E+03
 5.53475E+02	 1.45333E+03
 5.53494E+02	 1.45501E+03
 5.53513E+02	 1.45392E+03
 5.53533E+02	 1.45439E+03
 5.53552E+02	 1.45642E+03
 5.53571E+02	 1.45567E+03
 5.53591E+02	 1.45526E+03
 5.53610E+02	 1.45570E+03
 5.53629E+02	 1.45608E+03
 5.53649E+02	 1.45744E+03
 5.53668E+02	 1.45906E+03
 5.53687E+02	 1.46006E+03
 5.53707E+02	 1.45682E+03
 5.53726E+02	 1.45916E+03
 5.53745E+02	 1.45818E+03
 5.53765E+02	 1.45646E+03
 5.53784E+02	 1.45545E+03
 5.53803E+02	 1.45706E+03
 5.53823E+02	 1.46050E+03
 5.53842E+02	 1.45875E+03
 5.53861E+02	 1.45693E+03
 5.53881E+02	 1.45893E+03
 5.53900E+02	 1.45865E+03
 5.53919E+02	 1.46026E+03
 5.53939E+02	 1.46066E+03
 5.53958E+02	 1.46082E+03
 5.53977E+02	 1.46123E+03
 5.53997E+02	 1.46110E+03
 5.54016E+02	 1.46055E+03
 5.54035E+02	 1.45973E+03
 5.54055E+02	 1.46310E+03
 5.54074E+02	 1.46180E+03
 5.54093E+02	 1.46052E+03
 5.54113E+02	 1.45972E+03
 5.54132E+02	 1.46093E+03
 5.54151E+02	 1.46255E+03
 5.54171E+02	 1.46291E+03
 5.54190E+02	 1.46275E+03
 5.54209E+02	 1.46617E+03
 5.54229E+02	 1.46619E+03
 5.54248E+02	 1.46777E+03
 5.54267E+02	 1.46453E+03
 5.54287E+02	 1.46338E+03
 5.54306E+02	 1.46468E+03
 5.54325E+02	 1.46705E+03
 5.54345E+02	 1.46689E+03
 5.54364E+02	 1.46636E+03
 5.54383E+02	 1.46599E+03
 5.54403E+02	 1.46571E+03
 5.54422E+02	 1.46723E+03
 5.54441E+02	 1.47003E+03
 5.54461E+02	 1.47032E+03
 5.54480E+02	 1.46999E+03
 5.54499E+02	 1.47106E+03
 5.54519E+02	 1.47117E+03
 5.54538E+02	 1.47237E+03
 5.54557E+02	 1.47368E+03
 5.54577E+02	 1.47441E+03
 5.54596E+02	 1.47338E+03
 5.54615E+02	 1.47346E+03
 5.54635E+02	 1.47221E+03
 5.54654E+02	 1.47159E+03
 5.54673E+02	 1.47235E+03
 5.54692E+02	 1.47365E+03
 5.54712E+02	 1.47590E+03
 5.54731E+02	 1.47639E+03
 5.54750E+02	 1.47920E+03
 5.54770E+02	 1.47773E+03
 5.54789E+02	 1.48034E+03
 5.54808E+02	 1.48223E+03
 5.54828E+02	 1.48259E+03
 5.54847E+02	 1.48451E+03
 5.54866E+02	 1.48655E+03
 5.54886E+02	 1.48533E+03
 5.54905E+02	 1.48486E+03
 5.54924E+02	 1.48516E+03
 5.54944E+02	 1.48333E+03
 5.54963E+02	 1.48031E+03
 5.54982E+02	 1.47943E+03
 5.55002E+02	 1.47786E+03
 5.55021E+02	 1.47706E+03
 5.55040E+02	 1.47763E+03
 5.55060E+02	 1.47938E+03
 5.55079E+02	 1.47858E+03
 5.55098E+02	 1.47744E+03
 5.55118E+02	 1.47714E+03
 5.55137E+02	 1.48218E+03
 5.55156E+02	 1.47856E+03
 5.55176E+02	 1.48159E+03
 5.55195E+02	 1.48315E+03
 5.55214E+02	 1.48046E+03
 5.55234E+02	 1.48140E+03
 5.55253E+02	 1.48404E+03
 5.55272E+02	 1.48315E+03
 5.55292E+02	 1.48730E+03
 5.55311E+02	 1.48932E+03
 5.55330E+02	 1.49415E+03
 5.55350E+02	 1.49692E+03
 5.55369E+02	 1.50060E+03
 5.55388E+02	 1.50711E+03
 5.55408E+02	 1.51496E+03
 5.55427E+02	 1.52591E+03
 5.55446E+02	 1.53557E+03
 5.55466E+02	 1.54625E+03
 5.55485E+02	 1.55343E+03
 5.55504E+02	 1.56173E+03
 5.55524E+02	 1.55843E+03
 5.55543E+02	 1.55191E+03
 5.55562E+02	 1.54370E+03
 5.55582E+02	 1.53075E+03
 5.55601E+02	 1.51748E+03
 5.55620E+02	 1.51161E+03
 5.55640E+02	 1.50336E+03
 5.55659E+02	 1.49693E+03
 5.55678E+02	 1.49960E+03
 5.55698E+02	 1.49952E+03
 5.55717E+02	 1.49620E+03
 5.55736E+02	 1.49581E+03
 5.55756E+02	 1.49916E+03
 5.55775E+02	 1.50234E+03
 5.55794E+02	 1.50408E+03
 5.55814E+02	 1.50196E+03
 5.55833E+02	 1.49511E+03
 5.55852E+02	 1.49444E+03
 5.55871E+02	 1.48885E+03
 5.55891E+02	 1.48603E+03
 5.55910E+02	 1.48085E+03
 5.55929E+02	 1.47531E+03
 5.55949E+02	 1.47342E+03
 5.55968E+02	 1.47101E+03
 5.55987E+02	 1.46683E+03
 5.56007E+02	 1.46533E+03
 5.56026E+02	 1.46940E+03
 5.56045E+02	 1.47234E+03
 5.56065E+02	 1.46954E+03
 5.56084E+02	 1.46703E+03
 5.56103E+02	 1.46635E+03
 5.56123E+02	 1.46524E+03
 5.56142E+02	 1.46387E+03
 5.56161E+02	 1.46256E+03
 5.56181E+02	 1.46052E+03
 5.56200E+02	 1.46288E+03
 5.56219E+02	 1.46204E+03
 5.56239E+02	 1.46022E+03
 5.56258E+02	 1.45876E+03
 5.56277E+02	 1.45767E+03
 5.56297E+02	 1.45811E+03
 5.56316E+02	 1.45722E+03
 5.56335E+02	 1.45617E+03
 5.56355E+02	 1.46051E+03
 5.56374E+02	 1.46091E+03
 5.56393E+02	 1.45939E+03
 5.56413E+02	 1.45852E+03
 5.56432E+02	 1.45962E+03
 5.56451E+02	 1.45740E+03
 5.56471E+02	 1.45603E+03
 5.56490E+02	 1.45701E+03
 5.56509E+02	 1.45742E+03
 5.56529E+02	 1.45856E+03
 5.56548E+02	 1.45852E+03
 5.56567E+02	 1.46175E+03
 5.56587E+02	 1.45911E+03
 5.56606E+02	 1.45743E+03
 5.56625E+02	 1.45826E+03
 5.56645E+02	 1.45975E+03
 5.56664E+02	 1.46004E+03
 5.56683E+02	 1.45824E+03
 5.56703E+02	 1.45601E+03
 5.56722E+02	 1.45698E+03
 5.56741E+02	 1.45822E+03
 5.56761E+02	 1.45811E+03
 5.56780E+02	 1.46139E+03
 5.56799E+02	 1.45974E+03
 5.56819E+02	 1.45953E+03
 5.56838E+02	 1.45911E+03
 5.56857E+02	 1.45761E+03
 5.56877E+02	 1.45767E+03
 5.56896E+02	 1.45870E+03
 5.56915E+02	 1.45570E+03
 5.56935E+02	 1.45400E+03
 5.56954E+02	 1.45993E+03
 5.56973E+02	 1.46068E+03
 5.56993E+02	 1.45993E+03
 5.57012E+02	 1.46059E+03
 5.57031E+02	 1.46206E+03
 5.57051E+02	 1.46201E+03
 5.57070E+02	 1.46027E+03
 5.57089E+02	 1.45983E+03
 5.57108E+02	 1.45918E+03
 5.57128E+02	 1.46305E+03
 5.57147E+02	 1.46010E+03
 5.57166E+02	 1.45949E+03
 5.57186E+02	 1.46041E+03
 5.57205E+02	 1.46353E+03
 5.57224E+02	 1.46436E+03
 5.57244E+02	 1.46251E+03
 5.57263E+02	 1.46375E+03
 5.57282E+02	 1.46328E+03
 5.57302E+02	 1.46568E+03
 5.57321E+02	 1.46467E+03
 5.57340E+02	 1.46465E+03
 5.57360E+02	 1.46433E+03
 5.57379E+02	 1.46346E+03
 5.57398E+02	 1.46356E+03
 5.57418E+02	 1.46491E+03
 5.57437E+02	 1.46562E+03
 5.57456E+02	 1.46388E+03
 5.57476E+02	 1.46415E+03
 5.57495E+02	 1.46486E+03
 5.57514E+02	 1.46266E+03
 5.57534E+02	 1.46397E+03
 5.57553E+02	 1.46463E+03
 5.57572E+02	 1.46475E+03
 5.57592E+02	 1.46291E+03
 5.57611E+02	 1.46245E+03
 5.57630E+02	 1.46526E+03
 5.57650E+02	 1.46343E+03
 5.57669E+02	 1.46301E+03
 5.57688E+02	 1.46354E+03
 5.57708E+02	 1.46583E+03
 5.57727E+02	 1.46328E+03
 5.57746E+02	 1.46386E+03
 5.57766E+02	 1.46470E+03
 5.57785E+02	 1.46570E+03
 5.57804E+02	 1.46612E+03
 5.57824E+02	 1.46360E+03
 5.57843E+02	 1.46262E+03
 5.57862E+02	 1.46562E+03
 5.57882E+02	 1.46373E+03
 5.57901E+02	 1.46289E+03
 5.57920E+02	 1.46493E+03
 5.57940E+02	 1.46572E+03
 5.57959E+02	 1.46369E+03
 5.57978E+02	 1.46407E+03
 5.57998E+02	 1.46682E+03
 5.58017E+02	 1.46494E+03
 5.58036E+02	 1.46400E+03
 5.58056E+02	 1.46759E+03
 5.58075E+02	 1.46402E+03
 5.58094E+02	 1.46386E+03
 5.58114E+02	 1.46239E+03
 5.58133E+02	 1.46338E+03
 5.58152E+02	 1.46532E+03
 5.58172E+02	 1.46627E+03
 5.58191E+02	 1.46591E+03
 5.58210E+02	 1.46539E+03
 5.58230E+02	 1.46756E+03
 5.58249E+02	 1.46431E+03
 5.58268E+02	 1.47005E+03
 5.58288E+02	 1.46742E+03
 5.58307E+02	 1.46850E+03
 5.58326E+02	 1.46803E+03
 5.58345E+02	 1.46880E+03
 5.58365E+02	 1.47106E+03
 5.58384E+02	 1.47070E+03
 5.58403E+02	 1.46838E+03
 5.58423E+02	 1.46617E+03
 5.58442E+02	 1.46604E+03
 5.58461E+02	 1.46561E+03
 5.58481E+02	 1.46706E+03
 5.58500E+02	 1.46657E+03
 5.58519E+02	 1.46850E+03
 5.58539E+02	 1.46936E+03
 5.58558E+02	 1.46914E+03
 5.58577E+02	 1.46952E+03
 5.58597E+02	 1.46715E+03
 5.58616E+02	 1.46819E+03
 5.58635E+02	 1.47030E+03
 5.58655E+02	 1.46462E+03
 5.58674E+02	 1.46543E+03
 5.58693E+02	 1.47206E+03
 5.58713E+02	 1.47282E+03
 5.58732E+02	 1.46979E+03
 5.58751E+02	 1.46802E+03
 5.58771E+02	 1.46831E+03
 5.58790E+02	 1.46966E+03
 5.58809E+02	 1.46922E+03
 5.58829E+02	 1.46882E+03
 5.58848E+02	 1.46949E+03
 5.58867E+02	 1.46660E+03
 5.58887E+02	 1.46842E+03
 5.58906E+02	 1.46977E+03
 5.58925E+02	 1.47124E+03
 5.58945E+02	 1.46924E+03
 5.58964E+02	 1.46394E+03
 5.58983E+02	 1.46471E+03
 5.59003E+02	 1.46528E+03
 5.59022E+02	 1.47059E+03
 5.59041E+02	 1.46946E+03
 5.59061E+02	 1.46688E+03
 5.59080E+02	 1.46853E+03
 5.59099E+02	 1.46805E+03
 5.59119E+02	 1.46983E+03
 5.59138E+02	 1.47015E+03
 5.59157E+02	 1.46600E+03
 5.59177E+02	 1.46552E+03
 5.59196E+02	 1.46605E+03
 5.59215E+02	 1.46916E+03
 5.59235E+02	 1.46792E+03
 5.59254E+02	 1.46718E+03
 5.59273E+02	 1.46456E+03
 5.59293E+02	 1.46641E+03
 5.59312E+02	 1.46909E+03
 5.59331E+02	 1.46866E+03
 5.59351E+02	 1.46637E+03
 5.59370E+02	 1.46691E+03
 5.59389E+02	 1.46652E+03
 5.59409E+02	 1.46860E+03
 5.59428E+02	 1.46598E+03
 5.59447E+02	 1.46753E+03
 5.59467E+02	 1.46994E+03
 5.59486E+02	 1.46985E+03
 5.59505E+02	 1.46812E+03
 5.59525E+02	 1.46759E+03
 5.59544E+02	 1.46836E+03
 5.59563E+02	 1.46855E+03
 5.59582E+02	 1.46557E+03
 5.59602E+02	 1.46747E+03
 5.59621E+02	 1.46531E+03
 5.59640E+02	 1.46922E+03
 5.59660E+02	 1.46939E+03
 5.59679E+02	 1.47032E+03
 5.59698E+02	 1.46936E+03
 5.59718E+02	 1.46739E+03
 5.59737E+02	 1.46832E+03
 5.59756E+02	 1.47081E+03
 5.59776E+02	 1.47022E+03
 5.59795E+02	 1.47245E+03
 5.59814E+02	 1.46895E+03
 5.59834E+02	 1.46922E+03
 5.59853E+02	 1.47028E+03
 5.59872E+02	 1.46918E+03
 5.59892E+02	 1.47052E+03
 5.59911E+02	 1.46910E+03
 5.59930E+02	 1.46663E+03
 5.59950E+02	 1.46810E+03
 5.59969E+02	 1.46894E+03
 5.59988E+02	 1.46796E+03
 5.60008E+02	 1.46888E+03
 5.60027E+02	 1.46961E+03
 5.60046E+02	 1.47094E+03
 5.60066E+02	 1.46981E+03
 5.60085E+02	 1.46803E+03
 5.60104E+02	 1.46917E+03
 5.60124E+02	 1.47111E+03
 5.60143E+02	 1.46952E+03
 5.60162E+02	 1.47074E+03
 5.60182E+02	 1.47459E+03
 5.60201E+02	 1.47656E+03
 5.60220E+02	 1.47178E+03
 5.60240E+02	 1.47070E+03
 5.60259E+02	 1.47211E+03
 5.60278E+02	 1.47248E+03
 5.60298E+02	 1.47220E+03
 5.60317E+02	 1.47179E+03
 5.60336E+02	 1.47192E+03
 5.60356E+02	 1.47333E+03
 5.60375E+02	 1.47112E+03
 5.60394E+02	 1.47008E+03
 5.60414E+02	 1.47566E+03
 5.60433E+02	 1.47270E+03
 5.60452E+02	 1.47251E+03
 5.60472E+02	 1.47364E+03
 5.60491E+02	 1.47342E+03
 5.60510E+02	 1.47132E+03
 5.60530E+02	 1.47020E+03
 5.60549E+02	 1.47160E+03
 5.60568E+02	 1.47264E+03
 5.60588E+02	 1.47414E+03
 5.60607E+02	 1.47320E+03
 5.60626E+02	 1.47336E+03
 5.60646E+02	 1.47645E+03
 5.60665E+02	 1.47542E+03
 5.60684E+02	 1.47459E+03
 5.60704E+02	 1.47372E+03
 5.60723E+02	 1.47465E+03
 5.60742E+02	 1.47590E+03
 5.60762E+02	 1.47539E+03
 5.60781E+02	 1.47803E+03
 5.60800E+02	 1.47671E+03
 5.60819E+02	 1.48057E+03
 5.60839E+02	 1.47707E+03
 5.60858E+02	 1.47955E+03
 5.60877E+02	 1.48129E+03
 5.60897E+02	 1.48319E+03
 5.60916E+02	 1.48830E+03
 5.60935E+02	 1.49000E+03
 5.60955E+02	 1.48509E+03
 5.60974E+02	 1.48437E+03
 5.60993E+02	 1.48797E+03
 5.61013E+02	 1.49252E+03
 5.61032E+02	 1.49606E+03
 5.61051E+02	 1.49461E+03
 5.61071E+02	 1.49765E+03
 5.61090E+02	 1.50353E+03
 5.61109E+02	 1.50743E+03
 5.61129E+02	 1.50994E+03
 5.61148E+02	 1.51468E+03
 5.61167E+02	 1.51742E+03
 5.61187E+02	 1.51271E+03
 5.61206E+02	 1.50341E+03
 5.61225E+02	 1.49926E+03
 5.61245E+02	 1.48833E+03
 5.61264E+02	 1.47890E+03
 5.61283E+02	 1.47617E+03
 5.61303E+02	 1.47177E+03
 5.61322E+02	 1.46764E+03
 5.61341E+02	 1.46677E+03
 5.61361E+02	 1.46457E+03
 5.61380E+02	 1.46002E+03
 5.61399E+02	 1.45958E+03
 5.61419E+02	 1.46043E+03
 5.61438E+02	 1.45865E+03
 5.61457E+02	 1.45636E+03
 5.61477E+02	 1.45847E+03
 5.61496E+02	 1.45704E+03
 5.61515E+02	 1.45443E+03
 5.61535E+02	 1.45570E+03
 5.61554E+02	 1.45666E+03
 5.61573E+02	 1.45359E+03
 5.61593E+02	 1.45483E+03
 5.61612E+02	 1.45472E+03
 5.61631E+02	 1.45444E+03
 5.61651E+02	 1.45374E+03
 5.61670E+02	 1.45455E+03
 5.61689E+02	 1.45198E+03
 5.61709E+02	 1.45450E+03
 5.61728E+02	 1.45678E+03
 5.61747E+02	 1.45523E+03
 5.61767E+02	 1.45437E+03
 5.61786E+02	 1.45294E+03
 5.61805E+02	 1.45466E+03
 5.61825E+02	 1.45241E+03
 5.61844E+02	 1.45332E+03
 5.61863E+02	 1.45267E+03
 5.61883E+02	 1.45187E+03
 5.61902E+02	 1.45191E+03
 5.61921E+02	 1.45184E+03
 5.61941E+02	 1.45278E+03
 5.61960E+02	 1.45553E+03
 5.61979E+02	 1.45601E+03
 5.61999E+02	 1.45566E+03
 5.62018E+02	 1.45620E+03
 5.62037E+02	 1.45587E+03
 5.62056E+02	 1.45325E+03
 5.62076E+02	 1.45420E+03
 5.62095E+02	 1.45277E+03
 5.62114E+02	 1.45255E+03
 5.62134E+02	 1.45323E+03
 5.62153E+02	 1.45338E+03
 5.62172E+02	 1.45348E+03
 5.62192E+02	 1.45321E+03
 5.62211E+02	 1.45298E+03
 5.62230E+02	 1.45563E+03
 5.62250E+02	 1.45332E+03
 5.62269E+02	 1.45332E+03
 5.62288E+02	 1.45508E+03
 5.62308E+02	 1.45358E+03
 5.62327E+02	 1.45409E+03
 5.62346E+02	 1.45508E+03
 5.62366E+02	 1.45541E+03
 5.62385E+02	 1.45609E+03
 5.62404E+02	 1.45259E+03
 5.62424E+02	 1.45079E+03
 5.62443E+02	 1.45196E+03
 5.62462E+02	 1.45481E+03
 5.62482E+02	 1.45583E+03
 5.62501E+02	 1.45648E+03
 5.62520E+02	 1.45377E+03
 5.62540E+02	 1.45239E+03
 5.62559E+02	 1.45287E+03
 5.62578E+02	 1.45412E+03
 5.62598E+02	 1.45424E+03
 5.62617E+02	 1.45597E+03
 5.62636E+02	 1.45345E+03
 5.62656E+02	 1.45428E+03
 5.62675E+02	 1.45349E+03
 5.62694E+02	 1.45530E+03
 5.62714E+02	 1.45426E+03
 5.62733E+02	 1.45315E+03
 5.62752E+02	 1.45270E+03
 5.62772E+02	 1.45342E+03
 5.62791E+02	 1.45457E+03
 5.62810E+02	 1.45308E+03
 5.62830E+02	 1.45388E+03
 5.62849E+02	 1.45464E+03
 5.62868E+02	 1.45450E+03
 5.62888E+02	 1.45549E+03
 5.62907E+02	 1.45497E+03
 5.62926E+02	 1.45542E+03
 5.62946E+02	 1.45520E+03
 5.62965E+02	 1.45589E+03
 5.62984E+02	 1.45532E+03
 5.63004E+02	 1.45489E+03
 5.63023E+02	 1.45365E+03
 5.63042E+02	 1.45245E+03
 5.63062E+02	 1.45246E+03
 5.63081E+02	 1.45458E+03
 5.63100E+02	 1.45528E+03
 5.63120E+02	 1.45482E+03
 5.63139E+02	 1.45326E+03
 5.63158E+02	 1.45502E+03
 5.63178E+02	 1.45556E+03
 5.63197E+02	 1.45486E+03
 5.63216E+02	 1.45462E+03
 5.63235E+02	 1.45426E+03
 5.63255E+02	 1.45492E+03
 5.63274E+02	 1.45531E+03
 5.63293E+02	 1.45544E+03
 5.63313E+02	 1.45662E+03
 5.63332E+02	 1.45703E+03
 5.63351E+02	 1.45549E+03
 5.63371E+02	 1.45561E+03
 5.63390E+02	 1.45765E+03
 5.63409E+02	 1.45726E+03
 5.63429E+02	 1.45507E+03
 5.63448E+02	 1.45549E+03
 5.63467E+02	 1.45447E+03
 5.63487E+02	 1.45564E+03
 5.63506E+02	 1.45640E+03
 5.63525E+02	 1.45458E+03
 5.63545E+02	 1.45590E+03
 5.63564E+02	 1.45530E+03
 5.63583E+02	 1.45604E+03
 5.63603E+02	 1.45738E+03
 5.63622E+02	 1.45708E+03
 5.63641E+02	 1.45671E+03
 5.63661E+02	 1.45695E+03
 5.63680E+02	 1.45812E+03
 5.63699E+02	 1.45576E+03
 5.63719E+02	 1.45595E+03
 5.63738E+02	 1.45532E+03
 5.63757E+02	 1.45631E+03
 5.63777E+02	 1.45598E+03
 5.63796E+02	 1.45700E+03
 5.63815E+02	 1.45585E+03
 5.63835E+02	 1.45546E+03
 5.63854E+02	 1.45557E+03
 5.63873E+02	 1.45618E+03
 5.63893E+02	 1.45518E+03
 5.63912E+02	 1.45676E+03
 5.63931E+02	 1.45318E+03
 5.63951E+02	 1.45314E+03
 5.63970E+02	 1.45678E+03
 5.63989E+02	 1.45689E+03
 5.64009E+02	 1.45560E+03
 5.64028E+02	 1.45784E+03
 5.64047E+02	 1.45701E+03
 5.64067E+02	 1.45552E+03
 5.64086E+02	 1.45537E+03
 5.64105E+02	 1.45507E+03
 5.64125E+02	 1.45787E+03
 5.64144E+02	 1.45814E+03
 5.64163E+02	 1.45533E+03
 5.64183E+02	 1.45628E+03
 5.64202E+02	 1.45536E+03
 5.64221E+02	 1.45424E+03
 5.64241E+02	 1.45460E+03
 5.64260E+02	 1.45573E+03
 5.64279E+02	 1.45658E+03
 5.64299E+02	 1.45626E+03
 5.64318E+02	 1.45672E+03
 5.64337E+02	 1.45733E+03
 5.64357E+02	 1.45602E+03
 5.64376E+02	 1.45215E+03
 5.64395E+02	 1.45491E+03
 5.64415E+02	 1.45529E+03
 5.64434E+02	 1.45433E+03
 5.64453E+02	 1.45470E+03
 5.64472E+02	 1.45631E+03
 5.64492E+02	 1.45707E+03
 5.64511E+02	 1.45876E+03
 5.64530E+02	 1.45522E+03
 5.64550E+02	 1.45570E+03
 5.64569E+02	 1.45640E+03
 5.64588E+02	 1.45629E+03
 5.64608E+02	 1.45734E+03
 5.64627E+02	 1.45679E+03
 5.64646E+02	 1.45725E+03
 5.64666E+02	 1.45803E+03
 5.64685E+02	 1.45877E+03
 5.64704E+02	 1.45666E+03
 5.64724E+02	 1.45627E+03
 5.64743E+02	 1.45721E+03
 5.64762E+02	 1.45812E+03
 5.64782E+02	 1.45725E+03
 5.64801E+02	 1.45675E+03
 5.64820E+02	 1.45563E+03
 5.64840E+02	 1.45707E+03
 5.64859E+02	 1.45827E+03
 5.64878E+02	 1.45782E+03
 5.64898E+02	 1.45627E+03
 5.64917E+02	 1.45714E+03
 5.64936E+02	 1.45786E+03
 5.64956E+02	 1.45669E+03
 5.64975E+02	 1.45657E+03
 5.64994E+02	 1.45783E+03
 5.65014E+02	 1.45651E+03
 5.65033E+02	 1.45476E+03
 5.65052E+02	 1.46084E+03
 5.65072E+02	 1.46066E+03
 5.65091E+02	 1.46143E+03
 5.65110E+02	 1.46090E+03
 5.65130E+02	 1.45832E+03
 5.65149E+02	 1.45727E+03
 5.65168E+02	 1.45788E+03
 5.65188E+02	 1.45861E+03
 5.65207E+02	 1.45901E+03
 5.65226E+02	 1.45727E+03
 5.65246E+02	 1.45759E+03
 5.65265E+02	 1.46145E+03
 5.65284E+02	 1.45939E+03
 5.65304E+02	 1.45800E+03
 5.65323E+02	 1.45895E+03
 5.65342E+02	 1.46006E+03
 5.65362E+02	 1.45947E+03
 5.65381E+02	 1.45857E+03
 5.65400E+02	 1.45888E+03
 5.65420E+02	 1.46122E+03
 5.65439E+02	 1.46024E+03
 5.65458E+02	 1.45922E+03
 5.65478E+02	 1.46060E+03
 5.65497E+02	 1.45918E+03
 5.65516E+02	 1.45974E+03
 5.65536E+02	 1.46025E+03
 5.65555E+02	 1.46158E+03
 5.65574E+02	 1.46167E+03
 5.65594E+02	 1.46135E+03
 5.65613E+02	 1.45935E+03
 5.65632E+02	 1.45993E+03
 5.65652E+02	 1.45877E+03
 5.65671E+02	 1.45887E+03
 5.65690E+02	 1.46139E+03
 5.65709E+02	 1.46097E+03
 5.65729E+02	 1.46103E+03
 5.65748E+02	 1.46291E+03
 5.65767E+02	 1.46202E+03
 5.65787E+02	 1.46145E+03
 5.65806E+02	 1.46151E+03
 5.65825E+02	 1.46054E+03
 5.65845E+02	 1.46143E+03
 5.65864E+02	 1.46097E+03
 5.65883E+02	 1.46181E+03
 5.65903E+02	 1.46275E+03
 5.65922E+02	 1.46268E+03
 5.65941E+02	 1.46126E+03
 5.65961E+02	 1.46062E+03
 5.65980E+02	 1.46002E+03
 5.65999E+02	 1.46207E+03
 5.66019E+02	 1.46128E+03
 5.66038E+02	 1.45939E+03
 5.66057E+02	 1.46000E+03
 5.66077E+02	 1.46202E+03
 5.66096E+02	 1.46379E+03
 5.66115E+02	 1.46104E+03
 5.66135E+02	 1.46019E+03
 5.66154E+02	 1.46113E+03
 5.66173E+02	 1.46366E+03
 5.66193E+02	 1.46299E+03
 5.66212E+02	 1.46285E+03
 5.66231E+02	 1.46208E+03
 5.66251E+02	 1.46307E+03
 5.66270E+02	 1.46423E+03
 5.66289E+02	 1.46232E+03
 5.66309E+02	 1.46257E+03
 5.66328E+02	 1.46308E+03
 5.66347E+02	 1.46333E+03
 5.66367E+02	 1.46048E+03
 5.66386E+02	 1.46317E+03
 5.66405E+02	 1.46161E+03
 5.66425E+02	 1.46221E+03
 5.66444E+02	 1.46315E+03
 5.66463E+02	 1.46257E+03
 5.66483E+02	 1.46329E+03
 5.66502E+02	 1.46707E+03
 5.66521E+02	 1.46384E+03
 5.66541E+02	 1.46396E+03
 5.66560E+02	 1.46360E+03
 5.66579E+02	 1.46358E+03
 5.66599E+02	 1.46435E+03
 5.66618E+02	 1.46384E+03
 5.66637E+02	 1.46338E+03
 5.66657E+02	 1.46468E+03
 5.66676E+02	 1.46180E+03
 5.66695E+02	 1.46183E+03
 5.66715E+02	 1.46636E+03
 5.66734E+02	 1.46397E+03
 5.66753E+02	 1.46286E+03
 5.66773E+02	 1.46357E+03
 5.66792E+02	 1.46306E+03
 5.66811E+02	 1.46333E+03
 5.66831E+02	 1.46741E+03
 5.66850E+02	 1.46558E+03
 5.66869E+02	 1.46321E+03
 5.66889E+02	 1.46635E+03
 5.66908E+02	 1.46670E+03
 5.66927E+02	 1.46661E+03
 5.66946E+02	 1.46574E+03
 5.66966E+02	 1.46514E+03
 5.66985E+02	 1.46364E+03
 5.67004E+02	 1.46322E+03
 5.67024E+02	 1.46521E+03
 5.67043E+02	 1.46833E+03
 5.67062E+02	 1.46453E+03
 5.67082E+02	 1.46543E+03
 5.67101E+02	 1.46473E+03
 5.67120E+02	 1.46401E+03
 5.67140E+02	 1.46550E+03
 5.67159E+02	 1.46502E+03
 5.67178E+02	 1.46383E+03
 5.67198E+02	 1.46473E+03
 5.67217E+02	 1.46550E+03
 5.67236E+02	 1.46378E+03
 5.67256E+02	 1.46465E+03
 5.67275E+02	 1.46412E+03
 5.67294E+02	 1.46200E+03
 5.67314E+02	 1.46323E+03
 5.67333E+02	 1.46233E+03
 5.67352E+02	 1.46223E+03
 5.67372E+02	 1.46241E+03
 5.67391E+02	 1.46372E+03
 5.67410E+02	 1.46448E+03
 5.67430E+02	 1.46560E+03
 5.67449E+02	 1.46507E+03
 5.67468E+02	 1.46187E+03
 5.67488E+02	 1.46683E+03
 5.67507E+02	 1.46735E+03
 5.67526E+02	 1.46541E+03
 5.67546E+02	 1.46634E+03
 5.67565E+02	 1.46554E+03
 5.67584E+02	 1.46444E+03
 5.67604E+02	 1.46699E+03
 5.67623E+02	 1.46607E+03
 5.67642E+02	 1.46502E+03
 5.67662E+02	 1.46334E+03
 5.67681E+02	 1.46719E+03
 5.67700E+02	 1.46458E+03
 5.67720E+02	 1.46402E+03
 5.67739E+02	 1.46584E+03
 5.67758E+02	 1.46795E+03
 5.67778E+02	 1.46522E+03
 5.67797E+02	 1.46301E+03
 5.67816E+02	 1.46413E+03
 5.67836E+02	 1.46448E+03
 5.67855E+02	 1.46672E+03
 5.67874E+02	 1.46607E+03
 5.67894E+02	 1.46488E+03
 5.67913E+02	 1.46508E+03
 5.67932E+02	 1.46430E+03
 5.67952E+02	 1.46508E+03
 5.67971E+02	 1.46617E+03
 5.67990E+02	 1.46669E+03
 5.68010E+02	 1.46557E+03
 5.68029E+02	 1.46795E+03
 5.68048E+02	 1.46345E+03
 5.68068E+02	 1.46477E+03
 5.68087E+02	 1.46610E+03
 5.68106E+02	 1.46574E+03
 5.68126E+02	 1.46420E+03
 5.68145E+02	 1.46410E+03
 5.68164E+02	 1.46593E+03
 5.68183E+02	 1.46789E+03
 5.68203E+02	 1.46693E+03
 5.68222E+02	 1.46570E+03
 5.68241E+02	 1.46321E+03
 5.68261E+02	 1.46599E+03
 5.68280E+02	 1.46571E+03
 5.68299E+02	 1.46726E+03
 5.68319E+02	 1.46799E+03
 5.68338E+02	 1.46746E+03
 5.68357E+02	 1.46614E+03
 5.68377E+02	 1.46757E+03
 5.68396E+02	 1.46826E+03
 5.68415E+02	 1.46449E+03
 5.68435E+02	 1.46680E+03
 5.68454E+02	 1.46914E+03
 5.68473E+02	 1.46762E+03
 5.68493E+02	 1.46758E+03
 5.68512E+02	 1.46468E+03
 5.68531E+02	 1.46635E+03
 5.68551E+02	 1.46805E+03
 5.68570E+02	 1.46734E+03
 5.68589E+02	 1.46442E+03
 5.68609E+02	 1.46836E+03
 5.68628E+02	 1.46653E+03
 5.68647E+02	 1.46731E+03
 5.68667E+02	 1.46851E+03
 5.68686E+02	 1.46805E+03
 5.68705E+02	 1.46881E+03
 5.68725E+02	 1.46823E+03
 5.68744E+02	 1.46726E+03
 5.68763E+02	 1.46784E+03
 5.68783E+02	 1.46817E+03
 5.68802E+02	 1.46788E+03
 5.68821E+02	 1.46970E+03
 5.68841E+02	 1.46816E+03
 5.68860E+02	 1.46533E+03
 5.68879E+02	 1.46752E+03
 5.68899E+02	 1.46882E+03
 5.68918E+02	 1.46912E+03
 5.68937E+02	 1.46891E+03
 5.68957E+02	 1.46842E+03
 5.68976E+02	 1.46704E+03
 5.68995E+02	 1.46759E+03
 5.69015E+02	 1.46940E+03
 5.69034E+02	 1.46904E+03
 5.69053E+02	 1.46687E+03
 5.69073E+02	 1.46702E+03
 5.69092E+02	 1.46880E+03
 5.69111E+02	 1.46868E+03
 5.69131E+02	 1.46798E+03
 5.69150E+02	 1.47003E+03
 5.69169E+02	 1.46878E+03
 5.69189E+02	 1.46794E+03
 5.69208E+02	 1.46801E+03
 5.69227E+02	 1.46848E+03
 5.69247E+02	 1.46951E+03
 5.69266E+02	 1.46723E+03
 5.69285E+02	 1.46873E+03
 5.69305E+02	 1.46940E+03
 5.69324E+02	 1.46878E+03
 5.69343E+02	 1.47060E+03
 5.69362E+02	 1.46992E+03
 5.69382E+02	 1.46959E+03
 5.69401E+02	 1.46560E+03
 5.69420E+02	 1.46846E+03
 5.69440E+02	 1.46883E+03
 5.69459E+02	 1.46882E+03
 5.69478E+02	 1.46989E+03
 5.69498E+02	 1.47054E+03
 5.69517E+02	 1.46985E+03
 5.69536E+02	 1.46848E+03
 5.69556E+02	 1.47017E+03
 5.69575E+02	 1.46655E+03
 5.69594E+02	 1.47229E+03
 5.69614E+02	 1.46775E+03
 5.69633E+02	 1.46982E+03
 5.69652E+02	 1.46816E+03
 5.69672E+02	 1.47077E+03
 5.69691E+02	 1.47097E+03
 5.69710E+02	 1.47089E+03
 5.69730E+02	 1.47315E+03
 5.69749E+02	 1.47261E+03
 5.69768E+02	 1.47063E+03
 5.69788E+02	 1.47233E+03
 5.69807E+02	 1.47200E+03
 5.69826E+02	 1.46932E+03
 5.69846E+02	 1.47075E+03
 5.69865E+02	 1.47120E+03
 5.69884E+02	 1.47316E+03
 5.69904E+02	 1.47299E+03
 5.69923E+02	 1.47115E+03
 5.69942E+02	 1.47186E+03
 5.69962E+02	 1.47197E+03
 5.69981E+02	 1.46779E+03
 5.70000E+02	 1.47057E+03
 5.70020E+02	 1.47053E+03
 5.70039E+02	 1.47161E+03
 5.70058E+02	 1.46972E+03
 5.70078E+02	 1.46992E+03
 5.70097E+02	 1.47168E+03
 5.70116E+02	 1.47067E+03
 5.70136E+02	 1.46755E+03
 5.70155E+02	 1.46627E+03
 5.70174E+02	 1.46969E+03
 5.70194E+02	 1.47102E+03
 5.70213E+02	 1.46872E+03
 5.70232E+02	 1.47262E+03
 5.70252E+02	 1.46840E+03
 5.70271E+02	 1.46993E+03
 5.70290E+02	 1.47175E+03
 5.70310E+02	 1.47039E+03
 5.70329E+02	 1.46884E+03
 5.70348E+02	 1.46878E+03
 5.70368E+02	 1.46883E+03
 5.70387E+02	 1.46913E+03
 5.70406E+02	 1.47163E+03
 5.70426E+02	 1.46758E+03
 5.70445E+02	 1.46826E+03
 5.70464E+02	 1.46914E+03
 5.70484E+02	 1.47065E+03
 5.70503E+02	 1.47139E+03
 5.70522E+02	 1.47094E+03
 5.70542E+02	 1.47105E+03
 5.70561E+02	 1.47140E+03
 5.70580E+02	 1.47211E+03
 5.70599E+02	 1.47271E+03
 5.70619E+02	 1.47323E+03
 5.70638E+02	 1.47336E+03
 5.70657E+02	 1.47353E+03
 5.70677E+02	 1.46929E+03
 5.70696E+02	 1.47016E+03
 5.70715E+02	 1.47187E+03
 5.70735E+02	 1.47136E+03
 5.70754E+02	 1.47246E+03
 5.70773E+02	 1.47343E+03
 5.70793E+02	 1.47182E+03
 5.70812E+02	 1.47292E+03
 5.70831E+02	 1.47158E+03
 5.70851E+02	 1.46991E+03
 5.70870E+02	 1.46838E+03
 5.70889E+02	 1.47181E+03
 5.70909E+02	 1.47353E+03
 5.70928E+02	 1.47252E+03
 5.70947E+02	 1.47253E+03
 5.70967E+02	 1.47144E+03
 5.70986E+02	 1.46869E+03
 5.71005E+02	 1.47037E+03
 5.71025E+02	 1.47580E+03
 5.71044E+02	 1.47623E+03
 5.71063E+02	 1.47325E+03
 5.71083E+02	 1.47143E+03
 5.71102E+02	 1.47273E+03
 5.71121E+02	 1.47377E+03
 5.71141E+02	 1.47240E+03
 5.71160E+02	 1.47214E+03
 5.71179E+02	 1.47470E+03
 5.71199E+02	 1.47655E+03
 5.71218E+02	 1.47060E+03
 5.71237E+02	 1.47453E+03
 5.71257E+02	 1.47397E+03
 5.71276E+02	 1.47250E+03
 5.71295E+02	 1.47268E+03
 5.71315E+02	 1.47329E+03
 5.71334E+02	 1.47277E+03
 5.71353E+02	 1.47274E+03
 5.71373E+02	 1.47393E+03
 5.71392E+02	 1.47380E+03
 5.71411E+02	 1.47313E+03
 5.71431E+02	 1.47390E+03
 5.71450E+02	 1.47418E+03
 5.71469E+02	 1.47227E+03
 5.71489E+02	 1.47579E+03
 5.71508E+02	 1.47537E+03
 5.71527E+02	 1.47461E+03
 5.71547E+02	 1.47245E+03
 5.71566E+02	 1.47112E+03
 5.71585E+02	 1.47369E+03
 5.71605E+02	 1.47428E+03
 5.71624E+02	 1.47329E+03
 5.71643E+02	 1.47363E+03
 5.71663E+02	 1.47390E+03
 5.71682E+02	 1.47079E+03
 5.71701E+02	 1.47231E+03
 5.71721E+02	 1.47515E+03
 5.71740E+02	 1.47397E+03
 5.71759E+02	 1.47489E+03
 5.71779E+02	 1.47552E+03
 5.71798E+02	 1.47218E+03
 5.71817E+02	 1.47159E+03
 5.71836E+02	 1.47244E+03
 5.71856E+02	 1.47430E+03
 5.71875E+02	 1.47509E+03
 5.71894E+02	 1.47821E+03
 5.71914E+02	 1.47568E+03
 5.71933E+02	 1.47642E+03
 5.71952E+02	 1.47654E+03
 5.71972E+02	 1.47434E+03
 5.71991E+02	 1.47487E+03
 5.72010E+02	 1.47463E+03
 5.72030E+02	 1.47212E+03
 5.72049E+02	 1.47358E+03
 5.72068E+02	 1.47948E+03
 5.72088E+02	 1.47828E+03
 5.72107E+02	 1.47831E+03
 5.72126E+02	 1.47514E+03
 5.72146E+02	 1.47326E+03
 5.72165E+02	 1.47324E+03
 5.72184E+02	 1.47445E+03
 5.72204E+02	 1.47621E+03
 5.72223E+02	 1.47614E+03
 5.72242E+02	 1.47416E+03
 5.72262E+02	 1.47577E+03
 5.72281E+02	 1.47477E+03
 5.72300E+02	 1.47454E+03
 5.72320E+02	 1.47639E+03
 5.72339E+02	 1.47858E+03
 5.72358E+02	 1.47817E+03
 5.72378E+02	 1.47766E+03
 5.72397E+02	 1.47761E+03
 5.72416E+02	 1.47845E+03
 5.72436E+02	 1.47989E+03
 5.72455E+02	 1.47798E+03
 5.72474E+02	 1.47757E+03
 5.72494E+02	 1.47984E+03
 5.72513E+02	 1.47861E+03
 5.72532E+02	 1.48172E+03
 5.72552E+02	 1.48064E+03
 5.72571E+02	 1.48068E+03
 5.72590E+02	 1.47843E+03
 5.72610E+02	 1.47721E+03
 5.72629E+02	 1.47894E+03
 5.72648E+02	 1.47918E+03
 5.72668E+02	 1.47942E+03
 5.72687E+02	 1.48096E+03
 5.72706E+02	 1.48195E+03
 5.72726E+02	 1.47933E+03
 5.72745E+02	 1.48238E+03
 5.72764E+02	 1.47983E+03
 5.72784E+02	 1.47915E+03
 5.72803E+02	 1.48067E+03
 5.72822E+02	 1.48183E+03
 5.72842E+02	 1.48212E+03
 5.72861E+02	 1.48218E+03
 5.72880E+02	 1.48256E+03
 5.72900E+02	 1.48227E+03
 5.72919E+02	 1.48268E+03
 5.72938E+02	 1.48083E+03
 5.72958E+02	 1.48074E+03
 5.72977E+02	 1.48361E+03
 5.72996E+02	 1.48617E+03
 5.73016E+02	 1.48304E+03
 5.73035E+02	 1.48099E+03
 5.73054E+02	 1.48328E+03
 5.73073E+02	 1.48388E+03
 5.73093E+02	 1.48399E+03
 5.73112E+02	 1.48648E+03
 5.73131E+02	 1.48664E+03
 5.73151E+02	 1.48343E+03
 5.73170E+02	 1.48356E+03
 5.73189E+02	 1.48601E+03
 5.73209E+02	 1.48806E+03
 5.73228E+02	 1.48746E+03
 5.73247E+02	 1.48443E+03
 5.73267E+02	 1.48206E+03
 5.73286E+02	 1.48189E+03
 5.73305E+02	 1.48360E+03
 5.73325E+02	 1.48649E+03
 5.73344E+02	 1.48684E+03
 5.73363E+02	 1.48480E+03
 5.73383E+02	 1.48246E+03
 5.73402E+02	 1.48745E+03
 5.73421E+02	 1.48438E+03
 5.73441E+02	 1.48554E+03
 5.73460E+02	 1.48560E+03
 5.73479E+02	 1.48413E+03
 5.73499E+02	 1.48570E+03
 5.73518E+02	 1.48810E+03
 5.73537E+02	 1.48798E+03
 5.73557E+02	 1.48869E+03
 5.73576E+02	 1.48793E+03
 5.73595E+02	 1.48966E+03
 5.73615E+02	 1.49037E+03
 5.73634E+02	 1.48814E+03
 5.73653E+02	 1.48520E+03
 5.73673E+02	 1.48575E+03
 5.73692E+02	 1.48755E+03
 5.73711E+02	 1.48824E+03
 5.73731E+02	 1.48934E+03
 5.73750E+02	 1.48995E+03
 5.73769E+02	 1.48588E+03
 5.73789E+02	 1.49199E+03
 5.73808E+02	 1.48857E+03
 5.73827E+02	 1.48743E+03
 5.73847E+02	 1.49177E+03
 5.73866E+02	 1.48918E+03
 5.73885E+02	 1.48807E+03
 5.73905E+02	 1.48830E+03
 5.73924E+02	 1.48774E+03
 5.73943E+02	 1.48628E+03
 5.73963E+02	 1.48472E+03
 5.73982E+02	 1.48639E+03
 5.74001E+02	 1.48909E+03
 5.74021E+02	 1.49216E+03
 5.74040E+02	 1.49347E+03
 5.74059E+02	 1.48849E+03
 5.74079E+02	 1.48670E+03
 5.74098E+02	 1.48587E+03
 5.74117E+02	 1.48713E+03
 5.74137E+02	 1.48744E+03
 5.74156E+02	 1.48433E+03
 5.74175E+02	 1.48434E+03
 5.74195E+02	 1.49149E+03
 5.74214E+02	 1.48890E+03
 5.74233E+02	 1.48779E+03
 5.74253E+02	 1.48857E+03
 5.74272E+02	 1.48860E+03
 5.74291E+02	 1.48983E+03
 5.74310E+02	 1.48639E+03
 5.74330E+02	 1.48790E+03
 5.74349E+02	 1.48588E+03
 5.74368E+02	 1.48388E+03
 5.74388E+02	 1.48689E+03
 5.74407E+02	 1.48869E+03
 5.74426E+02	 1.48759E+03
 5.74446E+02	 1.48451E+03
 5.74465E+02	 1.48683E+03
 5.74484E+02	 1.48793E+03
 5.74504E+02	 1.48700E+03
 5.74523E+02	 1.48690E+03
 5.74542E+02	 1.48705E+03
 5.74562E+02	 1.48781E+03
 5.74581E+02	 1.48573E+03
 5.74600E+02	 1.48440E+03
 5.74620E+02	 1.48579E+03
 5.74639E+02	 1.48418E+03
 5.74658E+02	 1.48299E+03
 5.74678E+02	 1.48443E+03
 5.74697E+02	 1.48051E+03
 5.74716E+02	 1.48303E+03
 5.74736E+02	 1.49010E+03
 5.74755E+02	 1.48731E+03
 5.74774E+02	 1.48471E+03
 5.74794E+02	 1.48774E+03
 5.74813E+02	 1.48824E+03
 5.74832E+02	 1.48574E+03
 5.74852E+02	 1.48626E+03
 5.74871E+02	 1.48635E+03
 5.74890E+02	 1.48540E+03
 5.74910E+02	 1.48343E+03
 5.74929E+02	 1.48373E+03
 5.74948E+02	 1.48124E+03
 5.74968E+02	 1.48154E+03
 5.74987E+02	 1.48039E+03
 5.75006E+02	 1.48043E+03
 5.75026E+02	 1.48083E+03
 5.75045E+02	 1.48240E+03
 5.75064E+02	 1.48335E+03
 5.75084E+02	 1.48286E+03
 5.75103E+02	 1.48204E+03
 5.75122E+02	 1.48050E+03
 5.75142E+02	 1.48425E+03
 5.75161E+02	 1.47791E+03
 5.75180E+02	 1.48475E+03
 5.75200E+02	 1.48177E+03
 5.75219E+02	 1.48107E+03
 5.75238E+02	 1.48168E+03
 5.75258E+02	 1.48130E+03
 5.75277E+02	 1.48040E+03
 5.75296E+02	 1.48019E+03
 5.75316E+02	 1.47971E+03
 5.75335E+02	 1.47890E+03
 5.75354E+02	 1.48226E+03
 5.75374E+02	 1.47978E+03
 5.75393E+02	 1.47938E+03
 5.75412E+02	 1.48351E+03
 5.75432E+02	 1.48045E+03
 5.75451E+02	 1.48049E+03
 5.75470E+02	 1.48371E+03
 5.75490E+02	 1.48288E+03
 5.75509E+02	 1.47998E+03
 5.75528E+02	 1.48131E+03
 5.75547E+02	 1.48465E+03
 5.75567E+02	 1.48358E+03
 5.75586E+02	 1.48074E+03
 5.75605E+02	 1.48163E+03
 5.75625E+02	 1.48115E+03
 5.75644E+02	 1.47835E+03
 5.75663E+02	 1.47745E+03
 5.75683E+02	 1.47959E+03
 5.75702E+02	 1.48191E+03
 5.75721E+02	 1.48104E+03
 5.75741E+02	 1.47946E+03
 5.75760E+02	 1.47859E+03
 5.75779E+02	 1.47927E+03
 5.75799E+02	 1.48101E+03
 5.75818E+02	 1.47862E+03
 5.75837E+02	 1.48167E+03
 5.75857E+02	 1.47873E+03
 5.75876E+02	 1.48552E+03
 5.75895E+02	 1.48329E+03
 5.75915E+02	 1.47979E+03
 5.75934E+02	 1.47999E+03
 5.75953E+02	 1.48197E+03
 5.75973E+02	 1.48200E+03
 5.75992E+02	 1.48071E+03
 5.76011E+02	 1.47949E+03
 5.76031E+02	 1.48002E+03
 5.76050E+02	 1.48271E+03
 5.76069E+02	 1.48076E+03
 5.76089E+02	 1.48693E+03
 5.76108E+02	 1.48276E+03
 5.76127E+02	 1.48405E+03
 5.76147E+02	 1.48120E+03
 5.76166E+02	 1.48015E+03
 5.76185E+02	 1.48070E+03
 5.76205E+02	 1.48166E+03
 5.76224E+02	 1.48179E+03
 5.76243E+02	 1.48041E+03
 5.76263E+02	 1.48022E+03
 5.76282E+02	 1.48105E+03
 5.76301E+02	 1.48430E+03
 5.76321E+02	 1.48097E+03
 5.76340E+02	 1.48429E+03
 5.76359E+02	 1.48200E+03
 5.76379E+02	 1.48121E+03
 5.76398E+02	 1.48254E+03
 5.76417E+02	 1.48415E+03
 5.76437E+02	 1.48266E+03
 5.76456E+02	 1.48026E+03
 5.76475E+02	 1.48023E+03
 5.76495E+02	 1.48065E+03
 5.76514E+02	 1.48208E+03
 5.76533E+02	 1.47898E+03
 5.76553E+02	 1.47925E+03
 5.76572E+02	 1.48558E+03
 5.76591E+02	 1.48396E+03
 5.76611E+02	 1.48329E+03
 5.76630E+02	 1.48226E+03
 5.76649E+02	 1.48228E+03
 5.76669E+02	 1.48140E+03
 5.76688E+02	 1.47995E+03
 5.76707E+02	 1.47981E+03
 5.76726E+02	 1.48056E+03
 5.76746E+02	 1.47941E+03
 5.76765E+02	 1.48149E+03
 5.76784E+02	 1.48448E+03
 5.76804E+02	 1.48281E+03
 5.76823E+02	 1.48083E+03
 5.76842E+02	 1.47995E+03
 5.76862E+02	 1.48118E+03
 5.76881E+02	 1.48223E+03
 5.76900E+02	 1.48353E+03
 5.76920E+02	 1.48299E+03
 5.76939E+02	 1.48227E+03
 5.76958E+02	 1.48136E+03
 5.76978E+02	 1.48257E+03
 5.76997E+02	 1.47923E+03
 5.77016E+02	 1.47912E+03
 5.77036E+02	 1.47870E+03
 5.77055E+02	 1.48194E+03
 5.77074E+02	 1.48101E+03
 5.77094E+02	 1.47964E+03
 5.77113E+02	 1.48328E+03
 5.77132E+02	 1.48304E+03
 5.77152E+02	 1.48072E+03
 5.77171E+02	 1.48006E+03
 5.77190E+02	 1.48104E+03
 5.77210E+02	 1.48180E+03
 5.77229E+02	 1.47841E+03
 5.77248E+02	 1.48063E+03
 5.77268E+02	 1.48261E+03
 5.77287E+02	 1.48229E+03
 5.77306E+02	 1.48190E+03
 5.77326E+02	 1.47961E+03
 5.77345E+02	 1.48049E+03
 5.77364E+02	 1.48052E+03
 5.77384E+02	 1.48012E+03
 5.77403E+02	 1.47971E+03
 5.77422E+02	 1.47894E+03
 5.77442E+02	 1.48020E+03
 5.77461E+02	 1.48355E+03
 5.77480E+02	 1.48254E+03
 5.77500E+02	 1.47918E+03
 5.77519E+02	 1.47810E+03
 5.77538E+02	 1.47793E+03
 5.77558E+02	 1.48046E+03
 5.77577E+02	 1.47794E+03
 5.77596E+02	 1.47775E+03
 5.77616E+02	 1.47893E+03
 5.77635E+02	 1.48009E+03
 5.77654E+02	 1.48278E+03
 5.77674E+02	 1.48257E+03
 5.77693E+02	 1.47999E+03
 5.77712E+02	 1.48190E+03
 5.77732E+02	 1.48227E+03
 5.77751E+02	 1.47944E+03
 5.77770E+02	 1.47979E+03
 5.77790E+02	 1.48314E+03
 5.77809E+02	 1.48252E+03
 5.77828E+02	 1.48004E+03
 5.77848E+02	 1.47937E+03
 5.77867E+02	 1.48105E+03
 5.77886E+02	 1.48025E+03
 5.77906E+02	 1.48002E+03
 5.77925E+02	 1.48133E+03
 5.77944E+02	 1.47859E+03
 5.77963E+02	 1.48055E+03
 5.77983E+02	 1.48004E+03
 5.78002E+02	 1.47798E+03
 5.78021E+02	 1.48222E+03
 5.78041E+02	 1.48082E+03
 5.78060E+02	 1.47982E+03
 5.78079E+02	 1.48075E+03
 5.78099E+02	 1.48050E+03
 5.78118E+02	 1.48022E+03
 5.78137E+02	 1.47954E+03
 5.78157E+02	 1.47877E+03
 5.78176E+02	 1.47976E+03
 5.78195E+02	 1.48202E+03
 5.78215E+02	 1.48298E+03
 5.78234E+02	 1.47776E+03
 5.78253E+02	 1.47956E+03
 5.78273E+02	 1.48159E+03
 5.78292E+02	 1.47833E+03
 5.78311E+02	 1.48034E+03
 5.78331E+02	 1.48320E+03
 5.78350E+02	 1.48384E+03
 5.78369E+02	 1.48317E+03
 5.78389E+02	 1.48210E+03
 5.78408E+02	 1.48218E+03
 5.78427E+02	 1.48166E+03
 5.78447E+02	 1.48160E+03
 5.78466E+02	 1.48368E+03
 5.78485E+02	 1.48282E+03
 5.78505E+02	 1.48368E+03
 5.78524E+02	 1.48316E+03
 5.78543E+02	 1.48002E+03
 5.78563E+02	 1.48251E+03
 5.78582E+02	 1.48392E+03
 5.78601E+02	 1.48307E+03
 5.78621E+02	 1.48392E+03
 5.78640E+02	 1.48538E+03
 5.78659E+02	 1.48275E+03
 5.78679E+02	 1.48320E+03
 5.78698E+02	 1.48235E+03
 5.78717E+02	 1.48282E+03
 5.78737E+02	 1.48446E+03
 5.78756E+02	 1.48466E+03
 5.78775E+02	 1.48213E+03
 5.78795E+02	 1.48507E+03
 5.78814E+02	 1.48507E+03
 5.78833E+02	 1.48362E+03
 5.78853E+02	 1.48323E+03
 5.78872E+02	 1.48467E+03
 5.78891E+02	 1.48370E+03
 5.78911E+02	 1.48228E+03
 5.78930E+02	 1.48445E+03
 5.78949E+02	 1.48617E+03
 5.78969E+02	 1.48338E+03
 5.78988E+02	 1.48280E+03
 5.79007E+02	 1.48381E+03
 5.79027E+02	 1.48710E+03
 5.79046E+02	 1.48564E+03
 5.79065E+02	 1.48593E+03
 5.79085E+02	 1.48686E+03
 5.79104E+02	 1.48529E+03
 5.79123E+02	 1.48482E+03
 5.79143E+02	 1.48478E+03
 5.79162E+02	 1.48194E+03
 5.79181E+02	 1.48112E+03
 5.79200E+02	 1.48640E+03
 5.79220E+02	 1.48814E+03
 5.79239E+02	 1.48245E+03
 5.79258E+02	 1.48483E+03
 5.79278E+02	 1.48430E+03
 5.79297E+02	 1.48359E+03
 5.79316E+02	 1.48794E+03
 5.79336E+02	 1.48944E+03
 5.79355E+02	 1.48722E+03
 5.79374E+02	 1.48632E+03
 5.79394E+02	 1.48517E+03
 5.79413E+02	 1.48708E+03
 5.79432E+02	 1.48570E+03
 5.79452E+02	 1.48702E+03
 5.79471E+02	 1.48747E+03
 5.79490E+02	 1.48847E+03
 5.79510E+02	 1.48889E+03
 5.79529E+02	 1.48727E+03
 5.79548E+02	 1.48698E+03
 5.79568E+02	 1.48526E+03
 5.79587E+02	 1.48865E+03
 5.79606E+02	 1.48890E+03
 5.79626E+02	 1.48940E+03
 5.79645E+02	 1.49131E+03
 5.79664E+02	 1.48965E+03
 5.79684E+02	 1.48708E+03
 5.79703E+02	 1.48519E+03
 5.79722E+02	 1.48515E+03
 5.79742E+02	 1.48798E+03
 5.79761E+02	 1.49043E+03
 5.79780E+02	 1.48884E+03
 5.79800E+02	 1.48951E+03
 5.79819E+02	 1.49119E+03
 5.79838E+02	 1.48553E+03
 5.79858E+02	 1.48612E+03
 5.79877E+02	 1.48736E+03
 5.79896E+02	 1.48771E+03
 5.79916E+02	 1.48881E+03
 5.79935E+02	 1.48916E+03
 5.79954E+02	 1.48935E+03
 5.79974E+02	 1.49107E+03
 5.79993E+02	 1.49004E+03
 5.80012E+02	 1.49070E+03
 5.80032E+02	 1.48901E+03
 5.80051E+02	 1.48927E+03
 5.80070E+02	 1.49049E+03
 5.80090E+02	 1.48760E+03
 5.80109E+02	 1.48690E+03
 5.80128E+02	 1.48941E+03
 5.80148E+02	 1.48977E+03
 5.80167E+02	 1.48884E+03
 5.80186E+02	 1.48977E+03
 5.80206E+02	 1.49054E+03
 5.80225E+02	 1.49107E+03
 5.80244E+02	 1.49299E+03
 5.80264E+02	 1.49151E+03
 5.80283E+02	 1.49097E+03
 5.80302E+02	 1.48877E+03
 5.80322E+02	 1.48901E+03
 5.80341E+02	 1.49167E+03
 5.80360E+02	 1.49351E+03
 5.80380E+02	 1.49155E+03
 5.80399E+02	 1.49106E+03
 5.80418E+02	 1.49010E+03
 5.80437E+02	 1.49194E+03
 5.80457E+02	 1.49206E+03
 5.80476E+02	 1.49278E+03
 5.80495E+02	 1.49097E+03
 5.80515E+02	 1.49337E+03
 5.80534E+02	 1.49452E+03
 5.80553E+02	 1.49069E+03
 5.80573E+02	 1.49363E+03
 5.80592E+02	 1.49354E+03
 5.80611E+02	 1.49147E+03
 5.80631E+02	 1.49280E+03
 5.80650E+02	 1.49010E+03
 5.80669E+02	 1.49463E+03
 5.80689E+02	 1.49440E+03
 5.80708E+02	 1.49227E+03
 5.80727E+02	 1.49253E+03
 5.80747E+02	 1.49486E+03
 5.80766E+02	 1.49437E+03
 5.80785E+02	 1.49171E+03
 5.80805E+02	 1.49446E+03
 5.80824E+02	 1.49509E+03
 5.80843E+02	 1.49547E+03
 5.80863E+02	 1.49520E+03
 5.80882E+02	 1.49719E+03
 5.80901E+02	 1.49564E+03
 5.80921E+02	 1.49410E+03
 5.80940E+02	 1.49617E+03
 5.80959E+02	 1.49770E+03
 5.80979E+02	 1.49914E+03
 5.80998E+02	 1.49746E+03
 5.81017E+02	 1.49481E+03
 5.81037E+02	 1.49960E+03
 5.81056E+02	 1.49891E+03
 5.81075E+02	 1.49826E+03
 5.81095E+02	 1.49969E+03
 5.81114E+02	 1.49846E+03
 5.81133E+02	 1.50167E+03
 5.81153E+02	 1.50145E+03
 5.81172E+02	 1.50128E+03
 5.81191E+02	 1.49996E+03
 5.81211E+02	 1.50148E+03
 5.81230E+02	 1.50333E+03
 5.81249E+02	 1.50267E+03
 5.81269E+02	 1.50205E+03
 5.81288E+02	 1.50464E+03
 5.81307E+02	 1.50348E+03
 5.81327E+02	 1.50437E+03
 5.81346E+02	 1.50421E+03
 5.81365E+02	 1.50679E+03
 5.81385E+02	 1.50605E+03
 5.81404E+02	 1.50682E+03
 5.81423E+02	 1.50634E+03
 5.81443E+02	 1.50647E+03
 5.81462E+02	 1.50470E+03
 5.81481E+02	 1.50829E+03
 5.81501E+02	 1.50550E+03
 5.81520E+02	 1.50249E+03
 5.81539E+02	 1.50251E+03
 5.81559E+02	 1.50496E+03
 5.81578E+02	 1.50557E+03
 5.81597E+02	 1.50450E+03
 5.81617E+02	 1.50613E+03
 5.81636E+02	 1.50732E+03
 5.81655E+02	 1.50576E+03
 5.81674E+02	 1.50835E+03
 5.81694E+02	 1.50588E+03
 5.81713E+02	 1.50352E+03
 5.81732E+02	 1.50371E+03
 5.81752E+02	 1.50374E+03
 5.81771E+02	 1.50411E+03
 5.81790E+02	 1.50466E+03
 5.81810E+02	 1.50497E+03
 5.81829E+02	 1.50467E+03
 5.81848E+02	 1.50320E+03
 5.81868E+02	 1.50232E+03
 5.81887E+02	 1.50150E+03
 5.81906E+02	 1.50066E+03
 5.81926E+02	 1.50159E+03
 5.81945E+02	 1.50242E+03
 5.81964E+02	 1.49900E+03
 5.81984E+02	 1.50030E+03
 5.82003E+02	 1.50134E+03
 5.82022E+02	 1.49873E+03
 5.82042E+02	 1.49976E+03
 5.82061E+02	 1.49887E+03
 5.82080E+02	 1.49723E+03
 5.82100E+02	 1.49922E+03
 5.82119E+02	 1.49776E+03
 5.82138E+02	 1.49852E+03
 5.82158E+02	 1.49650E+03
 5.82177E+02	 1.49777E+03
 5.82196E+02	 1.49808E+03
 5.82216E+02	 1.49634E+03
 5.82235E+02	 1.49658E+03
 5.82254E+02	 1.49988E+03
 5.82274E+02	 1.49969E+03
 5.82293E+02	 1.49760E+03
 5.82312E+02	 1.49898E+03
 5.82332E+02	 1.49607E+03
 5.82351E+02	 1.49724E+03
 5.82370E+02	 1.49473E+03
 5.82390E+02	 1.49500E+03
 5.82409E+02	 1.49694E+03
 5.82428E+02	 1.49866E+03
 5.82448E+02	 1.49933E+03
 5.82467E+02	 1.49551E+03
 5.82486E+02	 1.49422E+03
 5.82506E+02	 1.49622E+03
 5.82525E+02	 1.49427E+03
 5.82544E+02	 1.49585E+03
 5.82564E+02	 1.49489E+03
 5.82583E+02	 1.49406E+03
 5.82602E+02	 1.49594E+03
 5.82622E+02	 1.49694E+03
 5.82641E+02	 1.49661E+03
 5.82660E+02	 1.49469E+03
 5.82680E+02	 1.49211E+03
 5.82699E+02	 1.49237E+03
 5.82718E+02	 1.49254E+03
 5.82738E+02	 1.49461E+03
 5.82757E+02	 1.49275E+03
 5.82776E+02	 1.49343E+03
 5.82796E+02	 1.49180E+03
 5.82815E+02	 1.49018E+03
 5.82834E+02	 1.49239E+03
 5.82854E+02	 1.49274E+03
 5.82873E+02	 1.49088E+03
 5.82892E+02	 1.49068E+03
 5.82911E+02	 1.49064E+03
 5.82931E+02	 1.48968E+03
 5.82950E+02	 1.49011E+03
 5.82969E+02	 1.48887E+03
 5.82989E+02	 1.48830E+03
 5.83008E+02	 1.48534E+03
 5.83027E+02	 1.48786E+03
 5.83047E+02	 1.48778E+03
 5.83066E+02	 1.48954E+03
 5.83085E+02	 1.48955E+03
 5.83105E+02	 1.49048E+03
 5.83124E+02	 1.49242E+03
 5.83143E+02	 1.49080E+03
 5.83163E+02	 1.48970E+03
 5.83182E+02	 1.49142E+03
 5.83201E+02	 1.49047E+03
 5.83221E+02	 1.48940E+03
 5.83240E+02	 1.48907E+03
 5.83259E+02	 1.48830E+03
 5.83279E+02	 1.48838E+03
 5.83298E+02	 1.48883E+03
 5.83317E+02	 1.49150E+03
 5.83337E+02	 1.48747E+03
 5.83356E+02	 1.48926E+03
 5.83375E+02	 1.48737E+03
 5.83395E+02	 1.48431E+03
 5.83414E+02	 1.48884E+03
 5.83433E+02	 1.48689E+03
 5.83453E+02	 1.48721E+03
 5.83472E+02	 1.48582E+03
 5.83491E+02	 1.48792E+03
 5.83511E+02	 1.48830E+03
 5.83530E+02	 1.48817E+03
 5.83549E+02	 1.48838E+03
 5.83569E+02	 1.48859E+03
 5.83588E+02	 1.48936E+03
 5.83607E+02	 1.48699E+03
 5.83627E+02	 1.48853E+03
 5.83646E+02	 1.49105E+03
 5.83665E+02	 1.48865E+03
 5.83685E+02	 1.49018E+03
 5.83704E+02	 1.48982E+03
 5.83723E+02	 1.48982E+03
 5.83743E+02	 1.48730E+03
 5.83762E+02	 1.48697E+03
 5.83781E+02	 1.48780E+03
 5.83801E+02	 1.48709E+03
 5.83820E+02	 1.48887E+03
 5.83839E+02	 1.48700E+03
 5.83859E+02	 1.48767E+03
 5.83878E+02	 1.48785E+03
 5.83897E+02	 1.48807E+03
 5.83917E+02	 1.48811E+03
 5.83936E+02	 1.48693E+03
 5.83955E+02	 1.48911E+03
 5.83975E+02	 1.48994E+03
 5.83994E+02	 1.48850E+03
 5.84013E+02	 1.48947E+03
 5.84033E+02	 1.49212E+03
 5.84052E+02	 1.48886E+03
 5.84071E+02	 1.49094E+03
 5.84090E+02	 1.48989E+03
 5.84110E+02	 1.49238E+03
 5.84129E+02	 1.48781E+03
 5.84148E+02	 1.48713E+03
 5.84168E+02	 1.48868E+03
 5.84187E+02	 1.49133E+03
 5.84206E+02	 1.49084E+03
 5.84226E+02	 1.48820E+03
 5.84245E+02	 1.48733E+03
 5.84264E+02	 1.48890E+03
 5.84284E+02	 1.49055E+03
 5.84303E+02	 1.49277E+03
 5.84322E+02	 1.48699E+03
 5.84342E+02	 1.49105E+03
 5.84361E+02	 1.49248E+03
 5.84380E+02	 1.48815E+03
 5.84400E+02	 1.48956E+03
 5.84419E+02	 1.49111E+03
 5.84438E+02	 1.49097E+03
 5.84458E+02	 1.49185E+03
 5.84477E+02	 1.49425E+03
 5.84496E+02	 1.49241E+03
 5.84516E+02	 1.49307E+03
 5.84535E+02	 1.49188E+03
 5.84554E+02	 1.49137E+03
 5.84574E+02	 1.49087E+03
 5.84593E+02	 1.48949E+03
 5.84612E+02	 1.49275E+03
 5.84632E+02	 1.49231E+03
 5.84651E+02	 1.48964E+03
 5.84670E+02	 1.48932E+03
 5.84690E+02	 1.49235E+03
 5.84709E+02	 1.49458E+03
 5.84728E+02	 1.49410E+03
 5.84748E+02	 1.49424E+03
 5.84767E+02	 1.49184E+03
 5.84786E+02	 1.49287E+03
 5.84806E+02	 1.49154E+03
 5.84825E+02	 1.49104E+03
 5.84844E+02	 1.49266E+03
 5.84864E+02	 1.49341E+03
 5.84883E+02	 1.49230E+03
 5.84902E+02	 1.49101E+03
 5.84922E+02	 1.49350E+03
 5.84941E+02	 1.49652E+03
 5.84960E+02	 1.49336E+03
 5.84980E+02	 1.49220E+03
 5.84999E+02	 1.49100E+03
 5.85018E+02	 1.49423E+03
 5.85038E+02	 1.49270E+03
 5.85057E+02	 1.49371E+03
 5.85076E+02	 1.49340E+03
 5.85096E+02	 1.49335E+03
 5.85115E+02	 1.49503E+03
 5.85134E+02	 1.49380E+03
 5.85154E+02	 1.49385E+03
 5.85173E+02	 1.49408E+03
 5.85192E+02	 1.49382E+03
 5.85212E+02	 1.49171E+03
 5.85231E+02	 1.49400E+03
 5.85250E+02	 1.49533E+03
 5.85270E+02	 1.49554E+03
 5.85289E+02	 1.49368E+03
 5.85308E+02	 1.49269E+03
 5.85327E+02	 1.49341E+03
 5.85347E+02	 1.49293E+03
 5.85366E+02	 1.49247E+03
 5.85385E+02	 1.49433E+03
 5.85405E+02	 1.49546E+03
 5.85424E+02	 1.49459E+03
 5.85443E+02	 1.49471E+03
 5.85463E+02	 1.49539E+03
 5.85482E+02	 1.49611E+03
 5.85501E+02	 1.49356E+03
 5.85521E+02	 1.49490E+03
 5.85540E+02	 1.49655E+03
 5.85559E+02	 1.49454E+03
 5.85579E+02	 1.49297E+03
 5.85598E+02	 1.49170E+03
 5.85617E+02	 1.49301E+03
 5.85637E+02	 1.49515E+03
 5.85656E+02	 1.49450E+03
 5.85675E+02	 1.49554E+03
 5.85695E+02	 1.49516E+03
 5.85714E+02	 1.49459E+03
 5.85733E+02	 1.49219E+03
 5.85753E+02	 1.49244E+03
 5.85772E+02	 1.49338E+03
 5.85791E+02	 1.49524E+03
 5.85811E+02	 1.49729E+03
 5.85830E+02	 1.49603E+03
 5.85849E+02	 1.49336E+03
 5.85869E+02	 1.49186E+03
 5.85888E+02	 1.49268E+03
 5.85907E+02	 1.49379E+03
 5.85927E+02	 1.49140E+03
 5.85946E+02	 1.49475E+03
 5.85965E+02	 1.49557E+03
 5.85985E+02	 1.49247E+03
 5.86004E+02	 1.49543E+03
 5.86023E+02	 1.49680E+03
 5.86043E+02	 1.49408E+03
 5.86062E+02	 1.49199E+03
 5.86081E+02	 1.49331E+03
 5.86101E+02	 1.49493E+03
 5.86120E+02	 1.49411E+03
 5.86139E+02	 1.49145E+03
 5.86159E+02	 1.49371E+03
 5.86178E+02	 1.49507E+03
 5.86197E+02	 1.49577E+03
 5.86217E+02	 1.49291E+03
 5.86236E+02	 1.49253E+03
 5.86255E+02	 1.49216E+03
 5.86275E+02	 1.49110E+03
 5.86294E+02	 1.49493E+03
 5.86313E+02	 1.49603E+03
 5.86333E+02	 1.49512E+03
 5.86352E+02	 1.49622E+03
 5.86371E+02	 1.49251E+03
 5.86391E+02	 1.48995E+03
 5.86410E+02	 1.49239E+03
 5.86429E+02	 1.49193E+03
 5.86449E+02	 1.48840E+03
 5.86468E+02	 1.49363E+03
 5.86487E+02	 1.48996E+03
 5.86507E+02	 1.49312E+03
 5.86526E+02	 1.49319E+03
 5.86545E+02	 1.49173E+03
 5.86564E+02	 1.49075E+03
 5.86584E+02	 1.49037E+03
 5.86603E+02	 1.49148E+03
 5.86622E+02	 1.49287E+03
 5.86642E+02	 1.49305E+03
 5.86661E+02	 1.49231E+03
 5.86680E+02	 1.49389E+03
 5.86700E+02	 1.49474E+03
 5.86719E+02	 1.49371E+03
 5.86738E+02	 1.49255E+03
 5.86758E+02	 1.49209E+03
 5.86777E+02	 1.49397E+03
 5.86796E+02	 1.49533E+03
 5.86816E+02	 1.49451E+03
 5.86835E+02	 1.49351E+03
 5.86854E+02	 1.49373E+03
 5.86874E+02	 1.49512E+03
 5.86893E+02	 1.49790E+03
 5.86912E+02	 1.49715E+03
 5.86932E+02	 1.49563E+03
 5.86951E+02	 1.49114E+03
 5.86970E+02	 1.49035E+03
 5.86990E+02	 1.49049E+03
 5.87009E+02	 1.49607E+03
 5.87028E+02	 1.49491E+03
 5.87048E+02	 1.49353E+03
 5.87067E+02	 1.49543E+03
 5.87086E+02	 1.49778E+03
 5.87106E+02	 1.49447E+03
 5.87125E+02	 1.49042E+03
 5.87144E+02	 1.49129E+03
 5.87164E+02	 1.49235E+03
 5.87183E+02	 1.49407E+03
 5.87202E+02	 1.49436E+03
 5.87222E+02	 1.49508E+03
 5.87241E+02	 1.49515E+03
 5.87260E+02	 1.49573E+03
 5.87280E+02	 1.49474E+03
 5.87299E+02	 1.49527E+03
 5.87318E+02	 1.49612E+03
 5.87338E+02	 1.49722E+03
 5.87357E+02	 1.49636E+03
 5.87376E+02	 1.49374E+03
 5.87396E+02	 1.49399E+03
 5.87415E+02	 1.50048E+03
 5.87434E+02	 1.49589E+03
 5.87454E+02	 1.49099E+03
 5.87473E+02	 1.49736E+03
 5.87492E+02	 1.49922E+03
 5.87512E+02	 1.49780E+03
 5.87531E+02	 1.49697E+03
 5.87550E+02	 1.49618E+03
 5.87570E+02	 1.49634E+03
 5.87589E+02	 1.49537E+03
 5.87608E+02	 1.49290E+03
 5.87628E+02	 1.49333E+03
 5.87647E+02	 1.49464E+03
 5.87666E+02	 1.49610E+03
 5.87686E+02	 1.49690E+03
 5.87705E+02	 1.49530E+03
 5.87724E+02	 1.49661E+03
 5.87744E+02	 1.49761E+03
 5.87763E+02	 1.49494E+03
 5.87782E+02	 1.49545E+03
 5.87801E+02	 1.49590E+03
 5.87821E+02	 1.49631E+03
 5.87840E+02	 1.49607E+03
 5.87859E+02	 1.49427E+03
 5.87879E+02	 1.49420E+03
 5.87898E+02	 1.49700E+03
 5.87917E+02	 1.49700E+03
 5.87937E+02	 1.49387E+03
 5.87956E+02	 1.49301E+03
 5.87975E+02	 1.49725E+03
 5.87995E+02	 1.49577E+03
 5.88014E+02	 1.49674E+03
 5.88033E+02	 1.49481E+03
 5.88053E+02	 1.49498E+03
 5.88072E+02	 1.49632E+03
 5.88091E+02	 1.49615E+03
 5.88111E+02	 1.49694E+03
 5.88130E+02	 1.49787E+03
 5.88149E+02	 1.49623E+03
 5.88169E+02	 1.49428E+03
 5.88188E+02	 1.49821E+03
 5.88207E+02	 1.49734E+03
 5.88227E+02	 1.49456E+03
 5.88246E+02	 1.49442E+03
 5.88265E+02	 1.49520E+03
 5.88285E+02	 1.49292E+03
 5.88304E+02	 1.49411E+03
 5.88323E+02	 1.49601E+03
 5.88343E+02	 1.49324E+03
 5.88362E+02	 1.49046E+03
 5.88381E+02	 1.49447E+03
 5.88401E+02	 1.49722E+03
 5.88420E+02	 1.49584E+03
 5.88439E+02	 1.49810E+03
 5.88459E+02	 1.49228E+03
 5.88478E+02	 1.49104E+03
 5.88497E+02	 1.49638E+03
 5.88517E+02	 1.49421E+03
 5.88536E+02	 1.49507E+03
 5.88555E+02	 1.49517E+03
 5.88575E+02	 1.49538E+03
 5.88594E+02	 1.49509E+03
 5.88613E+02	 1.49314E+03
 5.88633E+02	 1.49356E+03
 5.88652E+02	 1.49737E+03
 5.88671E+02	 1.49634E+03
 5.88691E+02	 1.49719E+03
 5.88710E+02	 1.49474E+03
 5.88729E+02	 1.49454E+03
 5.88749E+02	 1.49337E+03
 5.88768E+02	 1.49384E+03
 5.88787E+02	 1.49470E+03
 5.88807E+02	 1.49409E+03
 5.88826E+02	 1.49418E+03
 5.88845E+02	 1.49533E+03
 5.88865E+02	 1.49599E+03
 5.88884E+02	 1.49465E+03
 5.88903E+02	 1.49252E+03
 5.88923E+02	 1.49414E+03
 5.88942E+02	 1.49312E+03
 5.88961E+02	 1.49842E+03
 5.88981E+02	 1.49807E+03
 5.89000E+02	 1.49803E+03
 5.89019E+02	 1.49780E+03
 5.89038E+02	 1.49984E+03
 5.89058E+02	 1.49796E+03
 5.89077E+02	 1.49568E+03
 5.89096E+02	 1.49557E+03
 5.89116E+02	 1.49440E+03
 5.89135E+02	 1.49246E+03
 5.89154E+02	 1.49259E+03
 5.89174E+02	 1.49371E+03
 5.89193E+02	 1.49381E+03
 5.89212E+02	 1.49466E+03
 5.89232E+02	 1.49310E+03
 5.89251E+02	 1.49383E+03
 5.89270E+02	 1.49316E+03
 5.89290E+02	 1.49249E+03
 5.89309E+02	 1.49541E+03
 5.89328E+02	 1.49223E+03
 5.89348E+02	 1.49248E+03
 5.89367E+02	 1.49679E+03
 5.89386E+02	 1.49874E+03
 5.89406E+02	 1.49768E+03
 5.89425E+02	 1.49787E+03
 5.89444E+02	 1.49851E+03
 5.89464E+02	 1.49700E+03
 5.89483E+02	 1.49643E+03
 5.89502E+02	 1.49484E+03
 5.89522E+02	 1.49599E+03
 5.89541E+02	 1.49561E+03
 5.89560E+02	 1.49633E+03
 5.89580E+02	 1.49332E+03
 5.89599E+02	 1.49566E+03
 5.89618E+02	 1.49309E+03
 5.89638E+02	 1.49401E+03
 5.89657E+02	 1.49994E+03
 5.89676E+02	 1.50040E+03
 5.89696E+02	 1.49675E+03
 5.89715E+02	 1.49780E+03
 5.89734E+02	 1.49732E+03
 5.89754E+02	 1.49856E+03
 5.89773E+02	 1.50008E+03
 5.89792E+02	 1.49465E+03
 5.89812E+02	 1.49505E+03
 5.89831E+02	 1.50183E+03
 5.89850E+02	 1.49971E+03
 5.89870E+02	 1.49787E+03
 5.89889E+02	 1.49776E+03
 5.89908E+02	 1.49858E+03
 5.89928E+02	 1.49731E+03
 5.89947E+02	 1.49603E+03
 5.89966E+02	 1.49673E+03
 5.89986E+02	 1.49565E+03
 5.90005E+02	 1.49720E+03
 5.90024E+02	 1.49852E+03
 5.90044E+02	 1.49577E+03
 5.90063E+02	 1.49820E+03
 5.90082E+02	 1.49454E+03
 5.90102E+02	 1.49779E+03
 5.90121E+02	 1.49832E+03
 5.90140E+02	 1.49800E+03
 5.90160E+02	 1.49432E+03
 5.90179E+02	 1.49645E+03
 5.90198E+02	 1.50045E+03
 5.90218E+02	 1.49948E+03
 5.90237E+02	 1.49808E+03
 5.90256E+02	 1.49948E+03
 5.90275E+02	 1.50169E+03
 5.90295E+02	 1.50298E+03
 5.90314E+02	 1.50146E+03
 5.90333E+02	 1.50251E+03
 5.90353E+02	 1.49918E+03
 5.90372E+02	 1.49947E+03
 5.90391E+02	 1.50064E+03
 5.90411E+02	 1.49790E+03
 5.90430E+02	 1.49569E+03
 5.90449E+02	 1.49781E+03
 5.90469E+02	 1.49925E+03
 5.90488E+02	 1.49894E+03
 5.90507E+02	 1.49938E+03
 5.90527E+02	 1.49839E+03
 5.90546E+02	 1.49756E+03
 5.90565E+02	 1.50177E+03
 5.90585E+02	 1.49476E+03
 5.90604E+02	 1.49831E+03
 5.90623E+02	 1.49507E+03
 5.90643E+02	 1.49947E+03
 5.90662E+02	 1.49972E+03
 5.90681E+02	 1.49852E+03
 5.90701E+02	 1.49984E+03
 5.90720E+02	 1.50067E+03
 5.90739E+02	 1.49882E+03
 5.90759E+02	 1.49839E+03
 5.90778E+02	 1.50057E+03
 5.90797E+02	 1.50157E+03
 5.90817E+02	 1.50273E+03
 5.90836E+02	 1.50138E+03
 5.90855E+02	 1.50187E+03
 5.90875E+02	 1.50282E+03
 5.90894E+02	 1.50265E+03
 5.90913E+02	 1.50600E+03
 5.90933E+02	 1.50134E+03
 5.90952E+02	 1.50235E+03
 5.90971E+02	 1.50228E+03
 5.90991E+02	 1.50384E+03
 5.91010E+02	 1.50331E+03
 5.91029E+02	 1.50201E+03
 5.91049E+02	 1.50167E+03
 5.91068E+02	 1.50042E+03
 5.91087E+02	 1.50028E+03
 5.91107E+02	 1.50333E+03
 5.91126E+02	 1.50213E+03
 5.91145E+02	 1.50052E+03
 5.91165E+02	 1.50400E+03
 5.91184E+02	 1.50210E+03
 5.91203E+02	 1.50487E+03
 5.91223E+02	 1.50557E+03
 5.91242E+02	 1.50213E+03
 5.91261E+02	 1.50231E+03
 5.91281E+02	 1.50343E+03
 5.91300E+02	 1.50369E+03
 5.91319E+02	 1.50241E+03
 5.91339E+02	 1.50042E+03
 5.91358E+02	 1.50066E+03
 5.91377E+02	 1.50086E+03
 5.91397E+02	 1.49733E+03
 5.91416E+02	 1.50458E+03
 5.91435E+02	 1.50248E+03
 5.91454E+02	 1.50357E+03
 5.91474E+02	 1.50175E+03
 5.91493E+02	 1.50227E+03
 5.91512E+02	 1.50380E+03
 5.91532E+02	 1.50308E+03
 5.91551E+02	 1.50532E+03
 5.91570E+02	 1.50269E+03
 5.91590E+02	 1.50207E+03
 5.91609E+02	 1.50450E+03
 5.91628E+02	 1.50270E+03
 5.91648E+02	 1.49861E+03
 5.91667E+02	 1.50160E+03
 5.91686E+02	 1.50507E+03
 5.91706E+02	 1.50543E+03
 5.91725E+02	 1.50233E+03
 5.91744E+02	 1.50643E+03
 5.91764E+02	 1.50668E+03
 5.91783E+02	 1.50690E+03
 5.91802E+02	 1.50106E+03
 5.91822E+02	 1.50247E+03
 5.91841E+02	 1.50442E+03
 5.91860E+02	 1.50748E+03
 5.91880E+02	 1.50909E+03
 5.91899E+02	 1.50547E+03
 5.91918E+02	 1.50322E+03
 5.91938E+02	 1.50709E+03
 5.91957E+02	 1.50675E+03
 5.91976E+02	 1.50856E+03
 5.91996E+02	 1.50517E+03
 5.92015E+02	 1.50574E+03
 5.92034E+02	 1.50597E+03
 5.92054E+02	 1.50723E+03
 5.92073E+02	 1.50263E+03
 5.92092E+02	 1.50480E+03
 5.92112E+02	 1.50376E+03
 5.92131E+02	 1.50343E+03
 5.92150E+02	 1.50312E+03
 5.92170E+02	 1.50218E+03
 5.92189E+02	 1.50476E+03
 5.92208E+02	 1.50695E+03
 5.92228E+02	 1.50397E+03
 5.92247E+02	 1.50319E+03
 5.92266E+02	 1.50638E+03
 5.92286E+02	 1.50771E+03
 5.92305E+02	 1.50692E+03
 5.92324E+02	 1.50589E+03
 5.92344E+02	 1.50407E+03
 5.92363E+02	 1.50433E+03
 5.92382E+02	 1.50374E+03
 5.92402E+02	 1.50556E+03
 5.92421E+02	 1.50763E+03
 5.92440E+02	 1.50732E+03
 5.92460E+02	 1.50489E+03
 5.92479E+02	 1.50541E+03
 5.92498E+02	 1.50902E+03
 5.92518E+02	 1.50910E+03
 5.92537E+02	 1.50741E+03
 5.92556E+02	 1.50734E+03
 5.92576E+02	 1.50544E+03
 5.92595E+02	 1.50848E+03
 5.92614E+02	 1.50985E+03
 5.92634E+02	 1.50898E+03
 5.92653E+02	 1.51044E+03
 5.92672E+02	 1.50787E+03
 5.92691E+02	 1.51007E+03
 5.92711E+02	 1.50877E+03
 5.92730E+02	 1.50854E+03
 5.92749E+02	 1.50722E+03
 5.92769E+02	 1.50591E+03
 5.92788E+02	 1.50471E+03
 5.92807E+02	 1.50587E+03
 5.92827E+02	 1.50767E+03
 5.92846E+02	 1.50670E+03
 5.92865E+02	 1.50865E+03
 5.92885E+02	 1.50796E+03
 5.92904E+02	 1.50840E+03
 5.92923E+02	 1.50571E+03
 5.92943E+02	 1.51124E+03
 5.92962E+02	 1.50634E+03
 5.92981E+02	 1.50704E+03
 5.93001E+02	 1.50876E+03
 5.93020E+02	 1.50756E+03
 5.93039E+02	 1.50707E+03
 5.93059E+02	 1.50591E+03
 5.93078E+02	 1.50589E+03
 5.93097E+02	 1.50605E+03
 5.93117E+02	 1.50594E+03
 5.93136E+02	 1.50667E+03
 5.93155E+02	 1.50591E+03
 5.93175E+02	 1.50659E+03
 5.93194E+02	 1.50740E+03
 5.93213E+02	 1.50726E+03
 5.93233E+02	 1.50737E+03
 5.93252E+02	 1.50719E+03
 5.93271E+02	 1.50617E+03
 5.93291E+02	 1.50916E+03
 5.93310E+02	 1.50662E+03
 5.93329E+02	 1.50736E+03
 5.93349E+02	 1.50511E+03
 5.93368E+02	 1.50637E+03
 5.93387E+02	 1.50495E+03
 5.93407E+02	 1.50282E+03
 5.93426E+02	 1.50580E+03
 5.93445E+02	 1.50596E+03
 5.93465E+02	 1.50319E+03
 5.93484E+02	 1.50157E+03
 5.93503E+02	 1.50461E+03
 5.93523E+02	 1.50376E+03
 5.93542E+02	 1.50492E+03
 5.93561E+02	 1.50306E+03
 5.93581E+02	 1.50564E+03
 5.93600E+02	 1.50603E+03
 5.93619E+02	 1.50309E+03
 5.93639E+02	 1.50302E+03
 5.93658E+02	 1.50669E+03
 5.93677E+02	 1.50628E+03
 5.93697E+02	 1.50397E+03
 5.93716E+02	 1.50470E+03
 5.93735E+02	 1.50628E+03
 5.93755E+02	 1.50616E+03
 5.93774E+02	 1.50429E+03
 5.93793E+02	 1.50331E+03
 5.93813E+02	 1.50511E+03
 5.93832E+02	 1.50456E+03
 5.93851E+02	 1.50152E+03
 5.93871E+02	 1.50569E+03
 5.93890E+02	 1.50764E+03
 5.93909E+02	 1.50624E+03
 5.93928E+02	 1.50336E+03
 5.93948E+02	 1.50300E+03
 5.93967E+02	 1.50497E+03
 5.93986E+02	 1.50553E+03
 5.94006E+02	 1.50640E+03
 5.94025E+02	 1.50818E+03
 5.94044E+02	 1.50604E+03
 5.94064E+02	 1.50794E+03
 5.94083E+02	 1.50900E+03
 5.94102E+02	 1.50407E+03
 5.94122E+02	 1.50589E+03
 5.94141E+02	 1.50412E+03
 5.94160E+02	 1.50661E+03
 5.94180E+02	 1.50532E+03
 5.94199E+02	 1.50827E+03
 5.94218E+02	 1.50729E+03
 5.94238E+02	 1.50479E+03
 5.94257E+02	 1.50539E+03
 5.94276E+02	 1.50408E+03
 5.94296E+02	 1.50411E+03
 5.94315E+02	 1.50363E+03
 5.94334E+02	 1.50435E+03
 5.94354E+02	 1.50470E+03
 5.94373E+02	 1.50442E+03
 5.94392E+02	 1.50613E+03
 5.94412E+02	 1.50686E+03
 5.94431E+02	 1.50562E+03
 5.94450E+02	 1.50535E+03
 5.94470E+02	 1.50585E+03
 5.94489E+02	 1.50945E+03
 5.94508E+02	 1.50585E+03
 5.94528E+02	 1.50661E+03
 5.94547E+02	 1.50695E+03
 5.94566E+02	 1.50527E+03
 5.94586E+02	 1.50671E+03
 5.94605E+02	 1.50878E+03
 5.94624E+02	 1.50736E+03
 5.94644E+02	 1.50419E+03
 5.94663E+02	 1.50364E+03
 5.94682E+02	 1.50756E+03
 5.94702E+02	 1.50887E+03
 5.94721E+02	 1.50651E+03
 5.94740E+02	 1.50522E+03
 5.94760E+02	 1.50708E+03
 5.94779E+02	 1.50417E+03
 5.94798E+02	 1.50748E+03
 5.94818E+02	 1.50738E+03
 5.94837E+02	 1.50750E+03
 5.94856E+02	 1.50778E+03
 5.94876E+02	 1.50781E+03
 5.94895E+02	 1.50807E+03
 5.94914E+02	 1.50825E+03
 5.94934E+02	 1.50594E+03
 5.94953E+02	 1.50508E+03
 5.94972E+02	 1.50796E+03
 5.94992E+02	 1.50975E+03
 5.95011E+02	 1.50659E+03
 5.95030E+02	 1.50531E+03
 5.95050E+02	 1.50699E+03
 5.95069E+02	 1.50767E+03
 5.95088E+02	 1.50956E+03
 5.95108E+02	 1.51065E+03
 5.95127E+02	 1.50816E+03
 5.95146E+02	 1.50640E+03
 5.95165E+02	 1.50709E+03
 5.95185E+02	 1.50637E+03
 5.95204E+02	 1.51187E+03
 5.95223E+02	 1.51035E+03
 5.95243E+02	 1.51102E+03
 5.95262E+02	 1.50995E+03
 5.95281E+02	 1.50779E+03
 5.95301E+02	 1.50767E+03
 5.95320E+02	 1.50941E+03
 5.95339E+02	 1.50913E+03
 5.95359E+02	 1.50778E+03
 5.95378E+02	 1.50919E+03
 5.95397E+02	 1.50863E+03
 5.95417E+02	 1.50925E+03
 5.95436E+02	 1.50703E+03
 5.95455E+02	 1.51159E+03
 5.95475E+02	 1.51266E+03
 5.95494E+02	 1.50994E+03
 5.95513E+02	 1.50971E+03
 5.95533E+02	 1.51015E+03
 5.95552E+02	 1.51058E+03
 5.95571E+02	 1.50872E+03
 5.95591E+02	 1.50926E+03
 5.95610E+02	 1.51110E+03
 5.95629E+02	 1.51273E+03
 5.95649E+02	 1.51126E+03
 5.95668E+02	 1.51094E+03
 5.95687E+02	 1.51214E+03
 5.95707E+02	 1.51239E+03
 5.95726E+02	 1.51297E+03
 5.95745E+02	 1.51163E+03
 5.95765E+02	 1.51127E+03
 5.95784E+02	 1.51362E+03
 5.95803E+02	 1.51704E+03
 5.95823E+02	 1.51289E+03
 5.95842E+02	 1.51170E+03
 5.95861E+02	 1.51461E+03
 5.95881E+02	 1.51384E+03
 5.95900E+02	 1.51245E+03
 5.95919E+02	 1.51384E+03
 5.95939E+02	 1.51352E+03
 5.95958E+02	 1.51238E+03
 5.95977E+02	 1.51309E+03
 5.95997E+02	 1.51507E+03
 5.96016E+02	 1.51485E+03
 5.96035E+02	 1.51392E+03
 5.96055E+02	 1.51321E+03
 5.96074E+02	 1.51478E+03
 5.96093E+02	 1.51442E+03
 5.96113E+02	 1.51282E+03
 5.96132E+02	 1.51265E+03
 5.96151E+02	 1.51189E+03
 5.96171E+02	 1.51211E+03
 5.96190E+02	 1.51433E+03
 5.96209E+02	 1.51200E+03
 5.96229E+02	 1.51333E+03
 5.96248E+02	 1.51128E+03
 5.96267E+02	 1.51068E+03
 5.96287E+02	 1.51112E+03
 5.96306E+02	 1.51312E+03
 5.96325E+02	 1.51444E+03
 5.96345E+02	 1.51478E+03
 5.96364E+02	 1.51580E+03
 5.96383E+02	 1.51587E+03
 5.96402E+02	 1.51631E+03
 5.96422E+02	 1.51519E+03
 5.96441E+02	 1.51148E+03
 5.96460E+02	 1.51240E+03
 5.96480E+02	 1.51513E+03
 5.96499E+02	 1.51525E+03
 5.96518E+02	 1.51267E+03
 5.96538E+02	 1.51581E+03
 5.96557E+02	 1.51667E+03
 5.96576E+02	 1.51660E+03
 5.96596E+02	 1.51583E+03
 5.96615E+02	 1.51671E+03
 5.96634E+02	 1.51503E+03
 5.96654E+02	 1.51340E+03
 5.96673E+02	 1.51408E+03
 5.96692E+02	 1.51432E+03
 5.96712E+02	 1.51619E+03
 5.96731E+02	 1.51672E+03
 5.96750E+02	 1.51659E+03
 5.96770E+02	 1.51661E+03
 5.96789E+02	 1.51594E+03
 5.96808E+02	 1.51688E+03
 5.96828E+02	 1.51674E+03
 5.96847E+02	 1.51758E+03
 5.96866E+02	 1.51757E+03
 5.96886E+02	 1.51531E+03
 5.96905E+02	 1.51743E+03
 5.96924E+02	 1.51819E+03
 5.96944E+02	 1.51656E+03
 5.96963E+02	 1.51443E+03
 5.96982E+02	 1.51644E+03
 5.97002E+02	 1.51590E+03
 5.97021E+02	 1.51555E+03
 5.97040E+02	 1.51648E+03
 5.97060E+02	 1.51755E+03
 5.97079E+02	 1.51698E+03
 5.97098E+02	 1.51699E+03
 5.97118E+02	 1.51529E+03
 5.97137E+02	 1.51467E+03
 5.97156E+02	 1.51943E+03
 5.97176E+02	 1.51518E+03
 5.97195E+02	 1.51594E+03
 5.97214E+02	 1.51593E+03
 5.97234E+02	 1.51735E+03
 5.97253E+02	 1.51419E+03
 5.97272E+02	 1.51506E+03
 5.97292E+02	 1.51835E+03
 5.97311E+02	 1.51866E+03
 5.97330E+02	 1.51685E+03
 5.97350E+02	 1.51570E+03
 5.97369E+02	 1.51686E+03
 5.97388E+02	 1.51336E+03
 5.97408E+02	 1.51606E+03
 5.97427E+02	 1.51448E+03
 5.97446E+02	 1.51254E+03
 5.97466E+02	 1.51458E+03
 5.97485E+02	 1.51569E+03
 5.97504E+02	 1.51955E+03
 5.97524E+02	 1.51822E+03
 5.97543E+02	 1.51461E+03
 5.97562E+02	 1.51550E+03
 5.97581E+02	 1.51478E+03
 5.97601E+02	 1.51743E+03
 5.97620E+02	 1.51538E+03
 5.97639E+02	 1.51816E+03
 5.97659E+02	 1.51775E+03
 5.97678E+02	 1.51677E+03
 5.97697E+02	 1.51501E+03
 5.97717E+02	 1.51880E+03
 5.97736E+02	 1.51860E+03
 5.97755E+02	 1.51944E+03
 5.97775E+02	 1.51856E+03
 5.97794E+02	 1.51850E+03
 5.97813E+02	 1.51893E+03
 5.97833E+02	 1.51790E+03
 5.97852E+02	 1.51658E+03
 5.97871E+02	 1.51605E+03
 5.97891E+02	 1.51812E+03
 5.97910E+02	 1.51464E+03
 5.97929E+02	 1.51562E+03
 5.97949E+02	 1.51962E+03
 5.97968E+02	 1.51484E+03
 5.97987E+02	 1.51627E+03
 5.98007E+02	 1.51529E+03
 5.98026E+02	 1.51761E+03
 5.98045E+02	 1.51734E+03
 5.98065E+02	 1.51537E+03
 5.98084E+02	 1.51520E+03
 5.98103E+02	 1.51760E+03
 5.98123E+02	 1.51948E+03
 5.98142E+02	 1.51831E+03
 5.98161E+02	 1.51684E+03
 5.98181E+02	 1.51704E+03
 5.98200E+02	 1.51739E+03
 5.98219E+02	 1.51516E+03
 5.98239E+02	 1.51832E+03
 5.98258E+02	 1.51887E+03
 5.98277E+02	 1.51543E+03
 5.98297E+02	 1.51558E+03
 5.98316E+02	 1.51869E+03
 5.98335E+02	 1.51885E+03
 5.98355E+02	 1.52095E+03
 5.98374E+02	 1.52008E+03
 5.98393E+02	 1.51894E+03
 5.98413E+02	 1.51798E+03
 5.98432E+02	 1.51791E+03
 5.98451E+02	 1.51678E+03
 5.98471E+02	 1.51673E+03
 5.98490E+02	 1.51633E+03
 5.98509E+02	 1.51793E+03
 5.98529E+02	 1.51736E+03
 5.98548E+02	 1.51673E+03
 5.98567E+02	 1.51729E+03
 5.98587E+02	 1.51721E+03
 5.98606E+02	 1.51540E+03
 5.98625E+02	 1.51395E+03
 5.98645E+02	 1.51810E+03
 5.98664E+02	 1.51662E+03
 5.98683E+02	 1.51830E+03
 5.98703E+02	 1.51837E+03
 5.98722E+02	 1.51665E+03
 5.98741E+02	 1.51423E+03
 5.98761E+02	 1.51681E+03
 5.98780E+02	 1.51699E+03
 5.98799E+02	 1.51532E+03
 5.98818E+02	 1.51631E+03
 5.98838E+02	 1.52001E+03
 5.98857E+02	 1.52023E+03
 5.98876E+02	 1.51714E+03
 5.98896E+02	 1.51682E+03
 5.98915E+02	 1.51942E+03
 5.98934E+02	 1.51957E+03
 5.98954E+02	 1.51777E+03
 5.98973E+02	 1.51862E+03
 5.98992E+02	 1.51442E+03
 5.99012E+02	 1.51755E+03
 5.99031E+02	 1.52060E+03
 5.99050E+02	 1.52176E+03
 5.99070E+02	 1.51767E+03
 5.99089E+02	 1.52073E+03
 5.99108E+02	 1.51510E+03
 5.99128E+02	 1.51608E+03
 5.99147E+02	 1.51867E+03
 5.99166E+02	 1.51827E+03
 5.99186E+02	 1.51855E+03
 5.99205E+02	 1.51705E+03
 5.99224E+02	 1.52016E+03
 5.99244E+02	 1.51987E+03
 5.99263E+02	 1.51902E+03
 5.99282E+02	 1.51895E+03
 5.99302E+02	 1.51665E+03
 5.99321E+02	 1.51639E+03
 5.99340E+02	 1.51927E+03
 5.99360E+02	 1.51740E+03
 5.99379E+02	 1.51586E+03
 5.99398E+02	 1.51730E+03
 5.99418E+02	 1.52059E+03
 5.99437E+02	 1.51993E+03
 5.99456E+02	 1.51887E+03
 5.99476E+02	 1.51758E+03
 5.99495E+02	 1.51611E+03
 5.99514E+02	 1.51679E+03
 5.99534E+02	 1.52201E+03
 5.99553E+02	 1.52094E+03
 5.99572E+02	 1.51706E+03
 5.99592E+02	 1.51972E+03
 5.99611E+02	 1.51802E+03
 5.99630E+02	 1.51673E+03
 5.99650E+02	 1.51673E+03
 5.99669E+02	 1.51763E+03
 5.99688E+02	 1.51898E+03
 5.99708E+02	 1.52004E+03
 5.99727E+02	 1.52149E+03
 5.99746E+02	 1.52138E+03
 5.99766E+02	 1.51837E+03
 5.99785E+02	 1.51770E+03
 5.99804E+02	 1.51905E+03
 5.99824E+02	 1.52193E+03
 5.99843E+02	 1.51713E+03
 5.99862E+02	 1.51865E+03
 5.99882E+02	 1.52130E+03
 5.99901E+02	 1.51958E+03
 5.99920E+02	 1.51989E+03
 5.99940E+02	 1.52299E+03
 5.99959E+02	 1.52255E+03
 5.99978E+02	 1.52299E+03
 5.99998E+02	 1.52322E+03
 6.00017E+02	 1.52234E+03
 6.00036E+02	 1.52313E+03
 6.00055E+02	 1.52041E+03
 6.00075E+02	 1.51960E+03
 6.00094E+02	 1.51752E+03
 6.00113E+02	 1.52446E+03
 6.00133E+02	 1.52389E+03
 6.00152E+02	 1.52190E+03
 6.00171E+02	 1.52091E+03
 6.00191E+02	 1.52255E+03
 6.00210E+02	 1.52361E+03
 6.00229E+02	 1.52256E+03
 6.00249E+02	 1.52415E+03
 6.00268E+02	 1.51974E+03
 6.00287E+02	 1.52056E+03
 6.00307E+02	 1.52363E+03
 6.00326E+02	 1.52533E+03
 6.00345E+02	 1.52636E+03
 6.00365E+02	 1.52706E+03
 6.00384E+02	 1.52607E+03
 6.00403E+02	 1.52138E+03
 6.00423E+02	 1.52008E+03
 6.00442E+02	 1.52228E+03
 6.00461E+02	 1.52499E+03
 6.00481E+02	 1.52441E+03
 6.00500E+02	 1.52537E+03
 6.00519E+02	 1.52673E+03
 6.00539E+02	 1.52479E+03
 6.00558E+02	 1.52216E+03
 6.00577E+02	 1.52363E+03
 6.00597E+02	 1.52559E+03
 6.00616E+02	 1.52417E+03
 6.00635E+02	 1.52167E+03
 6.00655E+02	 1.52593E+03
 6.00674E+02	 1.52125E+03
 6.00693E+02	 1.52535E+03
 6.00713E+02	 1.52573E+03
 6.00732E+02	 1.52519E+03
 6.00751E+02	 1.52617E+03
 6.00771E+02	 1.52784E+03
 6.00790E+02	 1.52650E+03
 6.00809E+02	 1.52606E+03
 6.00829E+02	 1.52415E+03
 6.00848E+02	 1.52462E+03
 6.00867E+02	 1.52570E+03
 6.00887E+02	 1.52627E+03
 6.00906E+02	 1.52937E+03
 6.00925E+02	 1.52901E+03
 6.00945E+02	 1.52519E+03
 6.00964E+02	 1.52949E+03
 6.00983E+02	 1.52692E+03
 6.01003E+02	 1.52519E+03
 6.01022E+02	 1.52465E+03
 6.01041E+02	 1.52486E+03
 6.01061E+02	 1.52262E+03
 6.01080E+02	 1.52386E+03
 6.01099E+02	 1.52672E+03
 6.01119E+02	 1.52850E+03
 6.01138E+02	 1.53106E+03
 6.01157E+02	 1.53013E+03
 6.01177E+02	 1.52643E+03
 6.01196E+02	 1.52637E+03
 6.01215E+02	 1.52638E+03
 6.01235E+02	 1.52841E+03
 6.01254E+02	 1.52621E+03
 6.01273E+02	 1.52166E+03
 6.01292E+02	 1.52313E+03
 6.01312E+02	 1.52700E+03
 6.01331E+02	 1.52601E+03
 6.01350E+02	 1.52749E+03
 6.01370E+02	 1.52952E+03
 6.01389E+02	 1.52768E+03
 6.01408E+02	 1.52577E+03
 6.01428E+02	 1.52477E+03
 6.01447E+02	 1.52526E+03
 6.01466E+02	 1.52941E+03
 6.01486E+02	 1.52995E+03
 6.01505E+02	 1.53279E+03
 6.01524E+02	 1.53153E+03
 6.01544E+02	 1.53076E+03
 6.01563E+02	 1.53248E+03
 6.01582E+02	 1.52748E+03
 6.01602E+02	 1.52666E+03
 6.01621E+02	 1.52820E+03
 6.01640E+02	 1.52687E+03
 6.01660E+02	 1.53039E+03
 6.01679E+02	 1.53038E+03
 6.01698E+02	 1.52872E+03
 6.01718E+02	 1.52927E+03
 6.01737E+02	 1.52999E+03
 6.01756E+02	 1.52943E+03
 6.01776E+02	 1.53038E+03
 6.01795E+02	 1.53103E+03
 6.01814E+02	 1.52927E+03
 6.01834E+02	 1.53124E+03
 6.01853E+02	 1.53113E+03
 6.01872E+02	 1.52753E+03
 6.01892E+02	 1.52533E+03
 6.01911E+02	 1.53001E+03
 6.01930E+02	 1.52899E+03
 6.01950E+02	 1.52663E+03
 6.01969E+02	 1.52784E+03
 6.01988E+02	 1.52898E+03
 6.02008E+02	 1.53125E+03
 6.02027E+02	 1.52887E+03
 6.02046E+02	 1.52723E+03
 6.02066E+02	 1.52498E+03
 6.02085E+02	 1.53012E+03
 6.02104E+02	 1.53008E+03
 6.02124E+02	 1.53125E+03
 6.02143E+02	 1.52691E+03
 6.02162E+02	 1.52501E+03
 6.02182E+02	 1.52562E+03
 6.02201E+02	 1.52519E+03
 6.02220E+02	 1.52751E+03
 6.02240E+02	 1.52413E+03
 6.02259E+02	 1.52578E+03
 6.02278E+02	 1.52790E+03
 6.02298E+02	 1.52673E+03
 6.02317E+02	 1.52797E+03
 6.02336E+02	 1.52857E+03
 6.02356E+02	 1.52683E+03
 6.02375E+02	 1.52714E+03
 6.02394E+02	 1.52738E+03
 6.02414E+02	 1.53149E+03
 6.02433E+02	 1.53015E+03
 6.02452E+02	 1.52841E+03
 6.02472E+02	 1.53013E+03
 6.02491E+02	 1.52792E+03
 6.02510E+02	 1.52706E+03
 6.02529E+02	 1.52835E+03
 6.02549E+02	 1.53042E+03
 6.02568E+02	 1.53227E+03
 6.02587E+02	 1.53253E+03
 6.02607E+02	 1.53313E+03
 6.02626E+02	 1.53024E+03
 6.02645E+02	 1.52764E+03
 6.02665E+02	 1.52991E+03
 6.02684E+02	 1.53261E+03
 6.02703E+02	 1.53223E+03
 6.02723E+02	 1.52793E+03
 6.02742E+02	 1.53395E+03
 6.02761E+02	 1.53133E+03
 6.02781E+02	 1.53167E+03
 6.02800E+02	 1.52645E+03
 6.02819E+02	 1.52755E+03
 6.02839E+02	 1.52813E+03
 6.02858E+02	 1.53173E+03
 6.02877E+02	 1.53066E+03
 6.02897E+02	 1.52731E+03
 6.02916E+02	 1.52961E+03
 6.02935E+02	 1.53094E+03
 6.02955E+02	 1.52926E+03
 6.02974E+02	 1.52783E+03
 6.02993E+02	 1.52858E+03
 6.03013E+02	 1.52969E+03
 6.03032E+02	 1.53095E+03
 6.03051E+02	 1.52904E+03
 6.03071E+02	 1.53177E+03
 6.03090E+02	 1.53117E+03
 6.03109E+02	 1.52816E+03
 6.03129E+02	 1.53324E+03
 6.03148E+02	 1.53332E+03
 6.03167E+02	 1.52957E+03
 6.03187E+02	 1.53209E+03
 6.03206E+02	 1.53174E+03
 6.03225E+02	 1.52905E+03
 6.03245E+02	 1.53020E+03
 6.03264E+02	 1.52977E+03
 6.03283E+02	 1.52845E+03
 6.03303E+02	 1.52911E+03
 6.03322E+02	 1.53125E+03
 6.03341E+02	 1.53456E+03
 6.03361E+02	 1.53344E+03
 6.03380E+02	 1.53111E+03
 6.03399E+02	 1.52735E+03
 6.03419E+02	 1.53176E+03
 6.03438E+02	 1.53226E+03
 6.03457E+02	 1.52957E+03
 6.03477E+02	 1.53403E+03
 6.03496E+02	 1.52907E+03
 6.03515E+02	 1.53304E+03
 6.03535E+02	 1.53238E+03
 6.03554E+02	 1.53162E+03
 6.03573E+02	 1.53242E+03
 6.03593E+02	 1.53112E+03
 6.03612E+02	 1.53072E+03
 6.03631E+02	 1.53322E+03
 6.03651E+02	 1.53258E+03
 6.03670E+02	 1.53075E+03
 6.03689E+02	 1.53240E+03
 6.03709E+02	 1.53481E+03
 6.03728E+02	 1.53272E+03
 6.03747E+02	 1.53195E+03
 6.03766E+02	 1.53269E+03
 6.03786E+02	 1.53271E+03
 6.03805E+02	 1.53202E+03
 6.03824E+02	 1.53217E+03
 6.03844E+02	 1.53002E+03
 6.03863E+02	 1.53405E+03
 6.03882E+02	 1.53264E+03
 6.03902E+02	 1.53089E+03
 6.03921E+02	 1.53289E+03
 6.03940E+02	 1.53407E+03
 6.03960E+02	 1.53544E+03
 6.03979E+02	 1.53734E+03
 6.03998E+02	 1.53373E+03
 6.04018E+02	 1.53544E+03
 6.04037E+02	 1.53511E+03
 6.04056E+02	 1.53167E+03
 6.04076E+02	 1.53979E+03
 6.04095E+02	 1.53270E+03
 6.04114E+02	 1.53060E+03
 6.04134E+02	 1.53230E+03
 6.04153E+02	 1.53109E+03
 6.04172E+02	 1.53197E+03
 6.04192E+02	 1.53509E+03
 6.04211E+02	 1.53507E+03
 6.04230E+02	 1.53063E+03
 6.04250E+02	 1.53129E+03
 6.04269E+02	 1.53629E+03
 6.04288E+02	 1.53649E+03
 6.04308E+02	 1.53506E+03
 6.04327E+02	 1.53671E+03
 6.04346E+02	 1.53354E+03
 6.04366E+02	 1.53595E+03
 6.04385E+02	 1.53255E+03
 6.04404E+02	 1.53361E+03
 6.04424E+02	 1.53404E+03
 6.04443E+02	 1.53619E+03
 6.04462E+02	 1.53141E+03
 6.04482E+02	 1.53805E+03
 6.04501E+02	 1.53404E+03
 6.04520E+02	 1.53298E+03
 6.04540E+02	 1.53575E+03
 6.04559E+02	 1.53592E+03
 6.04578E+02	 1.53632E+03
 6.04598E+02	 1.53763E+03
 6.04617E+02	 1.53727E+03
 6.04636E+02	 1.53713E+03
 6.04656E+02	 1.53697E+03
 6.04675E+02	 1.53431E+03
 6.04694E+02	 1.53596E+03
 6.04714E+02	 1.53481E+03
 6.04733E+02	 1.54077E+03
 6.04752E+02	 1.53639E+03
 6.04772E+02	 1.53677E+03
 6.04791E+02	 1.53298E+03
 6.04810E+02	 1.53258E+03
 6.04830E+02	 1.53756E+03
 6.04849E+02	 1.53647E+03
 6.04868E+02	 1.53468E+03
 6.04888E+02	 1.53601E+03
 6.04907E+02	 1.53831E+03
 6.04926E+02	 1.53843E+03
 6.04945E+02	 1.54102E+03
 6.04965E+02	 1.54237E+03
 6.04984E+02	 1.53895E+03
 6.05003E+02	 1.53766E+03
 6.05023E+02	 1.54114E+03
 6.05042E+02	 1.54291E+03
 6.05061E+02	 1.54025E+03
 6.05081E+02	 1.53954E+03
 6.05100E+02	 1.53832E+03
 6.05119E+02	 1.54414E+03
 6.05139E+02	 1.53793E+03
 6.05158E+02	 1.54135E+03
 6.05177E+02	 1.53871E+03
 6.05197E+02	 1.53817E+03
 6.05216E+02	 1.53835E+03
 6.05235E+02	 1.54073E+03
 6.05255E+02	 1.54020E+03
 6.05274E+02	 1.54057E+03
 6.05293E+02	 1.54252E+03
 6.05313E+02	 1.54259E+03
 6.05332E+02	 1.54168E+03
 6.05351E+02	 1.53909E+03
 6.05371E+02	 1.53682E+03
 6.05390E+02	 1.54122E+03
 6.05409E+02	 1.53984E+03
 6.05429E+02	 1.53769E+03
 6.05448E+02	 1.54029E+03
 6.05467E+02	 1.54305E+03
 6.05487E+02	 1.54013E+03
 6.05506E+02	 1.54279E+03
 6.05525E+02	 1.54367E+03
 6.05545E+02	 1.54283E+03
 6.05564E+02	 1.53771E+03
 6.05583E+02	 1.53888E+03
 6.05603E+02	 1.54028E+03
 6.05622E+02	 1.54090E+03
 6.05641E+02	 1.54225E+03
 6.05661E+02	 1.54134E+03
 6.05680E+02	 1.54048E+03
 6.05699E+02	 1.54219E+03
 6.05719E+02	 1.54113E+03
 6.05738E+02	 1.54128E+03
 6.05757E+02	 1.54636E+03
 6.05777E+02	 1.54735E+03
 6.05796E+02	 1.53993E+03
 6.05815E+02	 1.53990E+03
 6.05835E+02	 1.54014E+03
 6.05854E+02	 1.54505E+03
 6.05873E+02	 1.54464E+03
 6.05893E+02	 1.54201E+03
 6.05912E+02	 1.54624E+03
 6.05931E+02	 1.54600E+03
 6.05951E+02	 1.54597E+03
 6.05970E+02	 1.54656E+03
 6.05989E+02	 1.54482E+03
 6.06009E+02	 1.54453E+03
 6.06028E+02	 1.54538E+03
 6.06047E+02	 1.54400E+03
 6.06067E+02	 1.54364E+03
 6.06086E+02	 1.54528E+03
 6.06105E+02	 1.54552E+03
 6.06125E+02	 1.54456E+03
 6.06144E+02	 1.55004E+03
 6.06163E+02	 1.54825E+03
 6.06182E+02	 1.54812E+03
 6.06202E+02	 1.54416E+03
 6.06221E+02	 1.54545E+03
 6.06240E+02	 1.54798E+03
 6.06260E+02	 1.54321E+03
 6.06279E+02	 1.54585E+03
 6.06298E+02	 1.54502E+03
 6.06318E+02	 1.54499E+03
 6.06337E+02	 1.54489E+03
 6.06356E+02	 1.54287E+03
 6.06376E+02	 1.54667E+03
 6.06395E+02	 1.54871E+03
 6.06414E+02	 1.54622E+03
 6.06434E+02	 1.54761E+03
 6.06453E+02	 1.54437E+03
 6.06472E+02	 1.54376E+03
 6.06492E+02	 1.54442E+03
 6.06511E+02	 1.54738E+03
 6.06530E+02	 1.54371E+03
 6.06550E+02	 1.54154E+03
 6.06569E+02	 1.54080E+03
 6.06588E+02	 1.54698E+03
 6.06608E+02	 1.54673E+03
 6.06627E+02	 1.54526E+03
 6.06646E+02	 1.54761E+03
 6.06666E+02	 1.54578E+03
 6.06685E+02	 1.54927E+03
 6.06704E+02	 1.55017E+03
 6.06724E+02	 1.54714E+03
 6.06743E+02	 1.54787E+03
 6.06762E+02	 1.54838E+03
 6.06782E+02	 1.54564E+03
 6.06801E+02	 1.54622E+03
 6.06820E+02	 1.54703E+03
 6.06840E+02	 1.54519E+03
 6.06859E+02	 1.54962E+03
 6.06878E+02	 1.54478E+03
 6.06898E+02	 1.54903E+03
 6.06917E+02	 1.54735E+03
 6.06936E+02	 1.54940E+03
 6.06956E+02	 1.54739E+03
 6.06975E+02	 1.55239E+03
 6.06994E+02	 1.54905E+03
 6.07014E+02	 1.54584E+03
 6.07033E+02	 1.54798E+03
 6.07052E+02	 1.55166E+03
 6.07072E+02	 1.55080E+03
 6.07091E+02	 1.54896E+03
 6.07110E+02	 1.54714E+03
 6.07130E+02	 1.54759E+03
 6.07149E+02	 1.54768E+03
 6.07168E+02	 1.54816E+03
 6.07188E+02	 1.55057E+03
 6.07207E+02	 1.54914E+03
 6.07226E+02	 1.54767E+03
 6.07246E+02	 1.54760E+03
 6.07265E+02	 1.54861E+03
 6.07284E+02	 1.54742E+03
 6.07304E+02	 1.54503E+03
 6.07323E+02	 1.54841E+03
 6.07342E+02	 1.55355E+03
 6.07362E+02	 1.54243E+03
 6.07381E+02	 1.54743E+03
 6.07400E+02	 1.54956E+03
 6.07419E+02	 1.54593E+03
 6.07439E+02	 1.54572E+03
 6.07458E+02	 1.54792E+03
 6.07477E+02	 1.55064E+03
 6.07497E+02	 1.54927E+03
 6.07516E+02	 1.54832E+03
 6.07535E+02	 1.54841E+03
 6.07555E+02	 1.54556E+03
 6.07574E+02	 1.54483E+03
 6.07593E+02	 1.54729E+03
 6.07613E+02	 1.55113E+03
 6.07632E+02	 1.54954E+03
 6.07651E+02	 1.55087E+03
 6.07671E+02	 1.55228E+03
 6.07690E+02	 1.54912E+03
 6.07709E+02	 1.55598E+03
 6.07729E+02	 1.55366E+03
 6.07748E+02	 1.55127E+03
 6.07767E+02	 1.55021E+03
 6.07787E+02	 1.55308E+03
 6.07806E+02	 1.55136E+03
 6.07825E+02	 1.55281E+03
 6.07845E+02	 1.55229E+03
 6.07864E+02	 1.55048E+03
 6.07883E+02	 1.55261E+03
 6.07903E+02	 1.55329E+03
 6.07922E+02	 1.55303E+03
 6.07941E+02	 1.55455E+03
 6.07961E+02	 1.55389E+03
 6.07980E+02	 1.54881E+03
 6.07999E+02	 1.55072E+03
 6.08019E+02	 1.55214E+03
 6.08038E+02	 1.55250E+03
 6.08057E+02	 1.55354E+03
 6.08077E+02	 1.55282E+03
 6.08096E+02	 1.55383E+03
 6.08115E+02	 1.55543E+03
 6.08135E+02	 1.55648E+03
 6.08154E+02	 1.55063E+03
 6.08173E+02	 1.55253E+03
 6.08193E+02	 1.55367E+03
 6.08212E+02	 1.55487E+03
 6.08231E+02	 1.55381E+03
 6.08251E+02	 1.55366E+03
 6.08270E+02	 1.55496E+03
 6.08289E+02	 1.55543E+03
 6.08309E+02	 1.55242E+03
 6.08328E+02	 1.55207E+03
 6.08347E+02	 1.55283E+03
 6.08367E+02	 1.55175E+03
 6.08386E+02	 1.55286E+03
 6.08405E+02	 1.55269E+03
 6.08425E+02	 1.55293E+03
 6.08444E+02	 1.55700E+03
 6.08463E+02	 1.55761E+03
 6.08483E+02	 1.55732E+03
 6.08502E+02	 1.55223E+03
 6.08521E+02	 1.55440E+03
 6.08541E+02	 1.54974E+03
 6.08560E+02	 1.55646E+03
 6.08579E+02	 1.55471E+03
 6.08599E+02	 1.55297E+03
 6.08618E+02	 1.55830E+03
 6.08637E+02	 1.55686E+03
 6.08656E+02	 1.55635E+03
 6.08676E+02	 1.55604E+03
 6.08695E+02	 1.55743E+03
 6.08714E+02	 1.55597E+03
 6.08734E+02	 1.55389E+03
 6.08753E+02	 1.55303E+03
 6.08772E+02	 1.55384E+03
 6.08792E+02	 1.55408E+03
 6.08811E+02	 1.55482E+03
 6.08830E+02	 1.55656E+03
 6.08850E+02	 1.55663E+03
 6.08869E+02	 1.55719E+03
 6.08888E+02	 1.55874E+03
 6.08908E+02	 1.55579E+03
 6.08927E+02	 1.55649E+03
 6.08946E+02	 1.55678E+03
 6.08966E+02	 1.55551E+03
 6.08985E+02	 1.55329E+03
 6.09004E+02	 1.55731E+03
 6.09024E+02	 1.55854E+03
 6.09043E+02	 1.55724E+03
 6.09062E+02	 1.55876E+03
 6.09082E+02	 1.55702E+03
 6.09101E+02	 1.55682E+03
 6.09120E+02	 1.55835E+03
 6.09140E+02	 1.55531E+03
 6.09159E+02	 1.55283E+03
 6.09178E+02	 1.55700E+03
 6.09198E+02	 1.55877E+03
 6.09217E+02	 1.55743E+03
 6.09236E+02	 1.56041E+03
 6.09256E+02	 1.55657E+03
 6.09275E+02	 1.55521E+03
 6.09294E+02	 1.55570E+03
 6.09314E+02	 1.55805E+03
 6.09333E+02	 1.55645E+03
 6.09352E+02	 1.56042E+03
 6.09372E+02	 1.55484E+03
 6.09391E+02	 1.55355E+03
 6.09410E+02	 1.55837E+03
 6.09430E+02	 1.55673E+03
 6.09449E+02	 1.55823E+03
 6.09468E+02	 1.56023E+03
 6.09488E+02	 1.56041E+03
 6.09507E+02	 1.55904E+03
 6.09526E+02	 1.55912E+03
 6.09546E+02	 1.55817E+03
 6.09565E+02	 1.55913E+03
 6.09584E+02	 1.56143E+03
 6.09604E+02	 1.55974E+03
 6.09623E+02	 1.55655E+03
 6.09642E+02	 1.55668E+03
 6.09662E+02	 1.55840E+03
 6.09681E+02	 1.56141E+03
 6.09700E+02	 1.56130E+03
 6.09720E+02	 1.55993E+03
 6.09739E+02	 1.56337E+03
 6.09758E+02	 1.55907E+03
 6.09778E+02	 1.56115E+03
 6.09797E+02	 1.55753E+03
 6.09816E+02	 1.55902E+03
 6.09836E+02	 1.56050E+03
 6.09855E+02	 1.55968E+03
 6.09874E+02	 1.56379E+03
 6.09893E+02	 1.56050E+03
 6.09913E+02	 1.56216E+03
 6.09932E+02	 1.55999E+03
 6.09951E+02	 1.56040E+03
 6.09971E+02	 1.55968E+03
 6.09990E+02	 1.56097E+03
 6.10009E+02	 1.56207E+03
 6.10029E+02	 1.56034E+03
 6.10048E+02	 1.56182E+03
 6.10067E+02	 1.56406E+03
 6.10087E+02	 1.56218E+03
 6.10106E+02	 1.55807E+03
 6.10125E+02	 1.55969E+03
 6.10145E+02	 1.56067E+03
 6.10164E+02	 1.56187E+03
 6.10183E+02	 1.55867E+03
 6.10203E+02	 1.56042E+03
 6.10222E+02	 1.56499E+03
 6.10241E+02	 1.56586E+03
 6.10261E+02	 1.56378E+03
 6.10280E+02	 1.55873E+03
 6.10299E+02	 1.55653E+03
 6.10319E+02	 1.56237E+03
 6.10338E+02	 1.55924E+03
 6.10357E+02	 1.55963E+03
 6.10377E+02	 1.56156E+03
 6.10396E+02	 1.56219E+03
 6.10415E+02	 1.56009E+03
 6.10435E+02	 1.56121E+03
 6.10454E+02	 1.56033E+03
 6.10473E+02	 1.56260E+03
 6.10493E+02	 1.56143E+03
 6.10512E+02	 1.55879E+03
 6.10531E+02	 1.56287E+03
 6.10551E+02	 1.56334E+03
 6.10570E+02	 1.56190E+03
 6.10589E+02	 1.56422E+03
 6.10609E+02	 1.55967E+03
 6.10628E+02	 1.55879E+03
 6.10647E+02	 1.56002E+03
 6.10667E+02	 1.55949E+03
 6.10686E+02	 1.56090E+03
 6.10705E+02	 1.56249E+03
 6.10725E+02	 1.56625E+03
 6.10744E+02	 1.55778E+03
 6.10763E+02	 1.56025E+03
 6.10783E+02	 1.56198E+03
 6.10802E+02	 1.56430E+03
 6.10821E+02	 1.56593E+03
 6.10841E+02	 1.56223E+03
 6.10860E+02	 1.56283E+03
 6.10879E+02	 1.56311E+03
 6.10899E+02	 1.56105E+03
 6.10918E+02	 1.56308E+03
 6.10937E+02	 1.56449E+03
 6.10957E+02	 1.56357E+03
 6.10976E+02	 1.56077E+03
 6.10995E+02	 1.56061E+03
 6.11015E+02	 1.56239E+03
 6.11034E+02	 1.56216E+03
 6.11053E+02	 1.56360E+03
 6.11073E+02	 1.56640E+03
 6.11092E+02	 1.56604E+03
 6.11111E+02	 1.56236E+03
 6.11130E+02	 1.55976E+03
 6.11150E+02	 1.56294E+03
 6.11169E+02	 1.56253E+03
 6.11188E+02	 1.56391E+03
 6.11208E+02	 1.56778E+03
 6.11227E+02	 1.56866E+03
 6.11246E+02	 1.56560E+03
 6.11266E+02	 1.56495E+03
 6.11285E+02	 1.56132E+03
 6.11304E+02	 1.56341E+03
 6.11324E+02	 1.56169E+03
 6.11343E+02	 1.56668E+03
 6.11362E+02	 1.56701E+03
 6.11382E+02	 1.56647E+03
 6.11401E+02	 1.56648E+03
 6.11420E+02	 1.56584E+03
 6.11440E+02	 1.56326E+03
 6.11459E+02	 1.56058E+03
 6.11478E+02	 1.56296E+03
 6.11498E+02	 1.56450E+03
 6.11517E+02	 1.56421E+03
 6.11536E+02	 1.56911E+03
 6.11556E+02	 1.56255E+03
 6.11575E+02	 1.56373E+03
 6.11594E+02	 1.56350E+03
 6.11614E+02	 1.56281E+03
 6.11633E+02	 1.56434E+03
 6.11652E+02	 1.56225E+03
 6.11672E+02	 1.56568E+03
 6.11691E+02	 1.56590E+03
 6.11710E+02	 1.56895E+03
 6.11730E+02	 1.56582E+03
 6.11749E+02	 1.56513E+03
 6.11768E+02	 1.56730E+03
 6.11788E+02	 1.56835E+03
 6.11807E+02	 1.56681E+03
 6.11826E+02	 1.56538E+03
 6.11846E+02	 1.56325E+03
 6.11865E+02	 1.56057E+03
 6.11884E+02	 1.56070E+03
 6.11904E+02	 1.56448E+03
 6.11923E+02	 1.56650E+03
 6.11942E+02	 1.56604E+03
 6.11962E+02	 1.56507E+03
 6.11981E+02	 1.56723E+03
 6.12000E+02	 1.56738E+03
 6.12020E+02	 1.56607E+03
 6.12039E+02	 1.56597E+03
 6.12058E+02	 1.56338E+03
 6.12078E+02	 1.56415E+03
 6.12097E+02	 1.56802E+03
 6.12116E+02	 1.56622E+03
 6.12136E+02	 1.56472E+03
 6.12155E+02	 1.56575E+03
 6.12174E+02	 1.56641E+03
 6.12194E+02	 1.56861E+03
 6.12213E+02	 1.57160E+03
 6.12232E+02	 1.56570E+03
 6.12252E+02	 1.56983E+03
 6.12271E+02	 1.56741E+03
 6.12290E+02	 1.56840E+03
 6.12309E+02	 1.56688E+03
 6.12329E+02	 1.56745E+03
 6.12348E+02	 1.56725E+03
 6.12367E+02	 1.57001E+03
 6.12387E+02	 1.56686E+03
 6.12406E+02	 1.56770E+03
 6.12425E+02	 1.56737E+03
 6.12445E+02	 1.56829E+03
 6.12464E+02	 1.57070E+03
 6.12483E+02	 1.56897E+03
 6.12503E+02	 1.56945E+03
 6.12522E+02	 1.56820E+03
 6.12541E+02	 1.57134E+03
 6.12561E+02	 1.57094E+03
 6.12580E+02	 1.56934E+03
 6.12599E+02	 1.56931E+03
 6.12619E+02	 1.56525E+03
 6.12638E+02	 1.56618E+03
 6.12657E+02	 1.56840E+03
 6.12677E+02	 1.56745E+03
 6.12696E+02	 1.57015E+03
 6.12715E+02	 1.56970E+03
 6.12735E+02	 1.57062E+03
 6.12754E+02	 1.57026E+03
 6.12773E+02	 1.57175E+03
 6.12793E+02	 1.57067E+03
 6.12812E+02	 1.56874E+03
 6.12831E+02	 1.56799E+03
 6.12851E+02	 1.57352E+03
 6.12870E+02	 1.56890E+03
 6.12889E+02	 1.56999E+03
 6.12909E+02	 1.56719E+03
 6.12928E+02	 1.57037E+03
 6.12947E+02	 1.57089E+03
 6.12967E+02	 1.57268E+03
 6.12986E+02	 1.57297E+03
 6.13005E+02	 1.57133E+03
 6.13025E+02	 1.57235E+03
 6.13044E+02	 1.57173E+03
 6.13063E+02	 1.57068E+03
 6.13083E+02	 1.57608E+03
 6.13102E+02	 1.57323E+03
 6.13121E+02	 1.57142E+03
 6.13141E+02	 1.57309E+03
 6.13160E+02	 1.57264E+03
 6.13179E+02	 1.56972E+03
 6.13199E+02	 1.57413E+03
 6.13218E+02	 1.57172E+03
 6.13237E+02	 1.57277E+03
 6.13257E+02	 1.57337E+03
 6.13276E+02	 1.57045E+03
 6.13295E+02	 1.57068E+03
 6.13315E+02	 1.57306E+03
 6.13334E+02	 1.57194E+03
 6.13353E+02	 1.57250E+03
 6.13373E+02	 1.57408E+03
 6.13392E+02	 1.57398E+03
 6.13411E+02	 1.57634E+03
 6.13431E+02	 1.57438E+03
 6.13450E+02	 1.57425E+03
 6.13469E+02	 1.57556E+03
 6.13489E+02	 1.57343E+03
 6.13508E+02	 1.57175E+03
 6.13527E+02	 1.57621E+03
 6.13546E+02	 1.57256E+03
 6.13566E+02	 1.57053E+03
 6.13585E+02	 1.57480E+03
 6.13604E+02	 1.57439E+03
 6.13624E+02	 1.57460E+03
 6.13643E+02	 1.57677E+03
 6.13662E+02	 1.57541E+03
 6.13682E+02	 1.57559E+03
 6.13701E+02	 1.57258E+03
 6.13720E+02	 1.57337E+03
 6.13740E+02	 1.57625E+03
 6.13759E+02	 1.57567E+03
 6.13778E+02	 1.57661E+03
 6.13798E+02	 1.57620E+03
 6.13817E+02	 1.57510E+03
 6.13836E+02	 1.57607E+03
 6.13856E+02	 1.57653E+03
 6.13875E+02	 1.57391E+03
 6.13894E+02	 1.57664E+03
 6.13914E+02	 1.57523E+03
 6.13933E+02	 1.57438E+03
 6.13952E+02	 1.58017E+03
 6.13972E+02	 1.57977E+03
 6.13991E+02	 1.57640E+03
 6.14010E+02	 1.57595E+03
 6.14030E+02	 1.57820E+03
 6.14049E+02	 1.57678E+03
 6.14068E+02	 1.57550E+03
 6.14088E+02	 1.57467E+03
 6.14107E+02	 1.57553E+03
 6.14126E+02	 1.58008E+03
 6.14146E+02	 1.58198E+03
 6.14165E+02	 1.57755E+03
 6.14184E+02	 1.57760E+03
 6.14204E+02	 1.57558E+03
 6.14223E+02	 1.57809E+03
 6.14242E+02	 1.57673E+03
 6.14262E+02	 1.57854E+03
 6.14281E+02	 1.57854E+03
 6.14300E+02	 1.57794E+03
 6.14320E+02	 1.57485E+03
 6.14339E+02	 1.57747E+03
 6.14358E+02	 1.58003E+03
 6.14378E+02	 1.57679E+03
 6.14397E+02	 1.57549E+03
 6.14416E+02	 1.57913E+03
 6.14436E+02	 1.57954E+03
 6.14455E+02	 1.57658E+03
 6.14474E+02	 1.57972E+03
 6.14494E+02	 1.57566E+03
 6.14513E+02	 1.57926E+03
 6.14532E+02	 1.57936E+03
 6.14552E+02	 1.57883E+03
 6.14571E+02	 1.58008E+03
 6.14590E+02	 1.57645E+03
 6.14610E+02	 1.57673E+03
 6.14629E+02	 1.57619E+03
 6.14648E+02	 1.57594E+03
 6.14668E+02	 1.57767E+03
 6.14687E+02	 1.57813E+03
 6.14706E+02	 1.57619E+03
 6.14726E+02	 1.57469E+03
 6.14745E+02	 1.57700E+03
 6.14764E+02	 1.57981E+03
 6.14783E+02	 1.57951E+03
 6.14803E+02	 1.57864E+03
 6.14822E+02	 1.57597E+03
 6.14841E+02	 1.57846E+03
 6.14861E+02	 1.57932E+03
 6.14880E+02	 1.57884E+03
 6.14899E+02	 1.57891E+03
 6.14919E+02	 1.57655E+03
 6.14938E+02	 1.57500E+03
 6.14957E+02	 1.57638E+03
 6.14977E+02	 1.57912E+03
 6.14996E+02	 1.57942E+03
 6.15015E+02	 1.58030E+03
 6.15035E+02	 1.57798E+03
 6.15054E+02	 1.58012E+03
 6.15073E+02	 1.57804E+03
 6.15093E+02	 1.58186E+03
 6.15112E+02	 1.57791E+03
 6.15131E+02	 1.57828E+03
 6.15151E+02	 1.57837E+03
 6.15170E+02	 1.57793E+03
 6.15189E+02	 1.57725E+03
 6.15209E+02	 1.57754E+03
 6.15228E+02	 1.58068E+03
 6.15247E+02	 1.57543E+03
 6.15267E+02	 1.57702E+03
 6.15286E+02	 1.57889E+03
 6.15305E+02	 1.57577E+03
 6.15325E+02	 1.57588E+03
 6.15344E+02	 1.57482E+03
 6.15363E+02	 1.58024E+03
 6.15383E+02	 1.58117E+03
 6.15402E+02	 1.58036E+03
 6.15421E+02	 1.57706E+03
 6.15441E+02	 1.57662E+03
 6.15460E+02	 1.58029E+03
 6.15479E+02	 1.57727E+03
 6.15499E+02	 1.57378E+03
 6.15518E+02	 1.57532E+03
 6.15537E+02	 1.57930E+03
 6.15557E+02	 1.58063E+03
 6.15576E+02	 1.57936E+03
 6.15595E+02	 1.58006E+03
 6.15615E+02	 1.57826E+03
 6.15634E+02	 1.57947E+03
 6.15653E+02	 1.58292E+03
 6.15673E+02	 1.57761E+03
 6.15692E+02	 1.57549E+03
 6.15711E+02	 1.57779E+03
 6.15731E+02	 1.58165E+03
 6.15750E+02	 1.58144E+03
 6.15769E+02	 1.58021E+03
 6.15789E+02	 1.58117E+03
 6.15808E+02	 1.58155E+03
 6.15827E+02	 1.57958E+03
 6.15847E+02	 1.57691E+03
 6.15866E+02	 1.57738E+03
 6.15885E+02	 1.57984E+03
 6.15905E+02	 1.57876E+03
 6.15924E+02	 1.57855E+03
 6.15943E+02	 1.57761E+03
 6.15963E+02	 1.57941E+03
 6.15982E+02	 1.58047E+03
 6.16001E+02	 1.57752E+03
 6.16020E+02	 1.58454E+03
 6.16040E+02	 1.58215E+03
 6.16059E+02	 1.58096E+03
 6.16078E+02	 1.58303E+03
 6.16098E+02	 1.58169E+03
 6.16117E+02	 1.58023E+03
 6.16136E+02	 1.57860E+03
 6.16156E+02	 1.57946E+03
 6.16175E+02	 1.57860E+03
 6.16194E+02	 1.57825E+03
 6.16214E+02	 1.58031E+03
 6.16233E+02	 1.57904E+03
 6.16252E+02	 1.58049E+03
 6.16272E+02	 1.58111E+03
 6.16291E+02	 1.58161E+03
 6.16310E+02	 1.58136E+03
 6.16330E+02	 1.58524E+03
 6.16349E+02	 1.58533E+03
 6.16368E+02	 1.57882E+03
 6.16388E+02	 1.58193E+03
 6.16407E+02	 1.58076E+03
 6.16426E+02	 1.58010E+03
 6.16446E+02	 1.58184E+03
 6.16465E+02	 1.57861E+03
 6.16484E+02	 1.57871E+03
 6.16504E+02	 1.57749E+03
 6.16523E+02	 1.58215E+03
 6.16542E+02	 1.58236E+03
 6.16562E+02	 1.58321E+03
 6.16581E+02	 1.58080E+03
 6.16600E+02	 1.57640E+03
 6.16620E+02	 1.57693E+03
 6.16639E+02	 1.58217E+03
 6.16658E+02	 1.58148E+03
 6.16678E+02	 1.58067E+03
 6.16697E+02	 1.58096E+03
 6.16716E+02	 1.58261E+03
 6.16736E+02	 1.58077E+03
 6.16755E+02	 1.57909E+03
 6.16774E+02	 1.57946E+03
 6.16794E+02	 1.58135E+03
 6.16813E+02	 1.57534E+03
 6.16832E+02	 1.57897E+03
 6.16852E+02	 1.58290E+03
 6.16871E+02	 1.58151E+03
 6.16890E+02	 1.57823E+03
 6.16910E+02	 1.57828E+03
 6.16929E+02	 1.58034E+03
 6.16948E+02	 1.58248E+03
 6.16968E+02	 1.58185E+03
 6.16987E+02	 1.57879E+03
 6.17006E+02	 1.57976E+03
 6.17026E+02	 1.58184E+03
 6.17045E+02	 1.58094E+03
 6.17064E+02	 1.58222E+03
 6.17084E+02	 1.58260E+03
 6.17103E+02	 1.58375E+03
 6.17122E+02	 1.57937E+03
 6.17142E+02	 1.57833E+03
 6.17161E+02	 1.58191E+03
 6.17180E+02	 1.57833E+03
 6.17200E+02	 1.58084E+03
 6.17219E+02	 1.58350E+03
 6.17238E+02	 1.58429E+03
 6.17257E+02	 1.58046E+03
 6.17277E+02	 1.58182E+03
 6.17296E+02	 1.58501E+03
 6.17315E+02	 1.58126E+03
 6.17335E+02	 1.58287E+03
 6.17354E+02	 1.58316E+03
 6.17373E+02	 1.57990E+03
 6.17393E+02	 1.58235E+03
 6.17412E+02	 1.58488E+03
 6.17431E+02	 1.58267E+03
 6.17451E+02	 1.58104E+03
 6.17470E+02	 1.58263E+03
 6.17489E+02	 1.58265E+03
 6.17509E+02	 1.58087E+03
 6.17528E+02	 1.58449E+03
 6.17547E+02	 1.58316E+03
 6.17567E+02	 1.58044E+03
 6.17586E+02	 1.57568E+03
 6.17605E+02	 1.57830E+03
 6.17625E+02	 1.57836E+03
 6.17644E+02	 1.57394E+03
 6.17663E+02	 1.57485E+03
 6.17683E+02	 1.57694E+03
 6.17702E+02	 1.57610E+03
 6.17721E+02	 1.57645E+03
 6.17741E+02	 1.58165E+03
 6.17760E+02	 1.58348E+03
 6.17779E+02	 1.58565E+03
 6.17799E+02	 1.58329E+03
 6.17818E+02	 1.58103E+03
 6.17837E+02	 1.58164E+03
 6.17857E+02	 1.58025E+03
 6.17876E+02	 1.57960E+03
 6.17895E+02	 1.57954E+03
 6.17915E+02	 1.58094E+03
 6.17934E+02	 1.58411E+03
 6.17953E+02	 1.58639E+03
 6.17973E+02	 1.58525E+03
 6.17992E+02	 1.58850E+03
 6.18011E+02	 1.58556E+03
 6.18031E+02	 1.58304E+03
 6.18050E+02	 1.58505E+03
 6.18069E+02	 1.58620E+03
 6.18089E+02	 1.58355E+03
 6.18108E+02	 1.58658E+03
 6.18127E+02	 1.58232E+03
 6.18147E+02	 1.58323E+03
 6.18166E+02	 1.58705E+03
 6.18185E+02	 1.58397E+03
 6.18205E+02	 1.58345E+03
 6.18224E+02	 1.58454E+03
 6.18243E+02	 1.58654E+03
 6.18263E+02	 1.58893E+03
 6.18282E+02	 1.58850E+03
 6.18301E+02	 1.58821E+03
 6.18321E+02	 1.58591E+03
 6.18340E+02	 1.58192E+03
 6.18359E+02	 1.58307E+03
 6.18379E+02	 1.58167E+03
 6.18398E+02	 1.58503E+03
 6.18417E+02	 1.58638E+03
 6.18437E+02	 1.58896E+03
 6.18456E+02	 1.58757E+03
 6.18475E+02	 1.58688E+03
 6.18494E+02	 1.58362E+03
 6.18514E+02	 1.58176E+03
 6.18533E+02	 1.58798E+03
 6.18552E+02	 1.58885E+03
 6.18572E+02	 1.58729E+03
 6.18591E+02	 1.58493E+03
 6.18610E+02	 1.58673E+03
 6.18630E+02	 1.59134E+03
 6.18649E+02	 1.59064E+03
 6.18668E+02	 1.58878E+03
 6.18688E+02	 1.58576E+03
 6.18707E+02	 1.58834E+03
 6.18726E+02	 1.59093E+03
 6.18746E+02	 1.58879E+03
 6.18765E+02	 1.58934E+03
 6.18784E+02	 1.58953E+03
 6.18804E+02	 1.58987E+03
 6.18823E+02	 1.58963E+03
 6.18842E+02	 1.58923E+03
 6.18862E+02	 1.59179E+03
 6.18881E+02	 1.59113E+03
 6.18900E+02	 1.58764E+03
 6.18920E+02	 1.58919E+03
 6.18939E+02	 1.59546E+03
 6.18958E+02	 1.59109E+03
 6.18978E+02	 1.59417E+03
 6.18997E+02	 1.59075E+03
 6.19016E+02	 1.58919E+03
 6.19036E+02	 1.59171E+03
 6.19055E+02	 1.59160E+03
 6.19074E+02	 1.58980E+03
 6.19094E+02	 1.59097E+03
 6.19113E+02	 1.59291E+03
 6.19132E+02	 1.59170E+03
 6.19152E+02	 1.58941E+03
 6.19171E+02	 1.58868E+03
 6.19190E+02	 1.59161E+03
 6.19210E+02	 1.59332E+03
 6.19229E+02	 1.58852E+03
 6.19248E+02	 1.58941E+03
 6.19268E+02	 1.59159E+03
 6.19287E+02	 1.58851E+03
 6.19306E+02	 1.58943E+03
 6.19326E+02	 1.58929E+03
 6.19345E+02	 1.59469E+03
 6.19364E+02	 1.59090E+03
 6.19384E+02	 1.59532E+03
 6.19403E+02	 1.59323E+03
 6.19422E+02	 1.59528E+03
 6.19442E+02	 1.59826E+03
 6.19461E+02	 1.59427E+03
 6.19480E+02	 1.59030E+03
 6.19500E+02	 1.59489E+03
 6.19519E+02	 1.59248E+03
 6.19538E+02	 1.59334E+03
 6.19558E+02	 1.59112E+03
 6.19577E+02	 1.59338E+03
 6.19596E+02	 1.59550E+03
 6.19616E+02	 1.59426E+03
 6.19635E+02	 1.59225E+03
 6.19654E+02	 1.59322E+03
 6.19673E+02	 1.59572E+03
 6.19693E+02	 1.59471E+03
 6.19712E+02	 1.59513E+03
 6.19731E+02	 1.59383E+03
 6.19751E+02	 1.59294E+03
 6.19770E+02	 1.59463E+03
 6.19789E+02	 1.59365E+03
 6.19809E+02	 1.59573E+03
 6.19828E+02	 1.59756E+03
 6.19847E+02	 1.59591E+03
 6.19867E+02	 1.59276E+03
 6.19886E+02	 1.59191E+03
 6.19905E+02	 1.58916E+03
 6.19925E+02	 1.59285E+03
 6.19944E+02	 1.59531E+03
 6.19963E+02	 1.60086E+03
 6.19983E+02	 1.59525E+03
 6.20002E+02	 1.59621E+03
 6.20021E+02	 1.59544E+03
 6.20041E+02	 1.59233E+03
 6.20060E+02	 1.59409E+03
 6.20079E+02	 1.59840E+03
 6.20099E+02	 1.59422E+03
 6.20118E+02	 1.59366E+03
 6.20137E+02	 1.59814E+03
 6.20157E+02	 1.59746E+03
 6.20176E+02	 1.59770E+03
 6.20195E+02	 1.59977E+03
 6.20215E+02	 1.60003E+03
 6.20234E+02	 1.59662E+03
 6.20253E+02	 1.59987E+03
 6.20273E+02	 1.60431E+03
 6.20292E+02	 1.59869E+03
 6.20311E+02	 1.60111E+03
 6.20331E+02	 1.60036E+03
 6.20350E+02	 1.59393E+03
 6.20369E+02	 1.59892E+03
 6.20389E+02	 1.59819E+03
 6.20408E+02	 1.59855E+03
 6.20427E+02	 1.59894E+03
 6.20447E+02	 1.60308E+03
 6.20466E+02	 1.59979E+03
 6.20485E+02	 1.60119E+03
 6.20505E+02	 1.59974E+03
 6.20524E+02	 1.59694E+03
 6.20543E+02	 1.60029E+03
 6.20563E+02	 1.60393E+03
 6.20582E+02	 1.60318E+03
 6.20601E+02	 1.59996E+03
 6.20621E+02	 1.60218E+03
 6.20640E+02	 1.60258E+03
 6.20659E+02	 1.60150E+03
 6.20679E+02	 1.60561E+03
 6.20698E+02	 1.60403E+03
 6.20717E+02	 1.60005E+03
 6.20737E+02	 1.59951E+03
 6.20756E+02	 1.60495E+03
 6.20775E+02	 1.60363E+03
 6.20795E+02	 1.59834E+03
 6.20814E+02	 1.60344E+03
 6.20833E+02	 1.60640E+03
 6.20853E+02	 1.60458E+03
 6.20872E+02	 1.60693E+03
 6.20891E+02	 1.60353E+03
 6.20910E+02	 1.60368E+03
 6.20930E+02	 1.60469E+03
 6.20949E+02	 1.60216E+03
 6.20968E+02	 1.60330E+03
 6.20988E+02	 1.60530E+03
 6.21007E+02	 1.59891E+03
 6.21026E+02	 1.60343E+03
 6.21046E+02	 1.60255E+03
 6.21065E+02	 1.60117E+03
 6.21084E+02	 1.60215E+03
 6.21104E+02	 1.60125E+03
 6.21123E+02	 1.60312E+03
 6.21142E+02	 1.60589E+03
 6.21162E+02	 1.60321E+03
 6.21181E+02	 1.60091E+03
 6.21200E+02	 1.60274E+03
 6.21220E+02	 1.60426E+03
 6.21239E+02	 1.60661E+03
 6.21258E+02	 1.60921E+03
 6.21278E+02	 1.61072E+03
 6.21297E+02	 1.61132E+03
 6.21316E+02	 1.60528E+03
 6.21336E+02	 1.59829E+03
 6.21355E+02	 1.60101E+03
 6.21374E+02	 1.60132E+03
 6.21394E+02	 1.60059E+03
 6.21413E+02	 1.60402E+03
 6.21432E+02	 1.60985E+03
 6.21452E+02	 1.60422E+03
 6.21471E+02	 1.60879E+03
 6.21490E+02	 1.60464E+03
 6.21510E+02	 1.60511E+03
 6.21529E+02	 1.60820E+03
 6.21548E+02	 1.60544E+03
 6.21568E+02	 1.61052E+03
 6.21587E+02	 1.60600E+03
 6.21606E+02	 1.61019E+03
 6.21626E+02	 1.60729E+03
 6.21645E+02	 1.60552E+03
 6.21664E+02	 1.60836E+03
 6.21684E+02	 1.60862E+03
 6.21703E+02	 1.60695E+03
 6.21722E+02	 1.60423E+03
 6.21742E+02	 1.60404E+03
 6.21761E+02	 1.60733E+03
 6.21780E+02	 1.61056E+03
 6.21800E+02	 1.60805E+03
 6.21819E+02	 1.60624E+03
 6.21838E+02	 1.60769E+03
 6.21858E+02	 1.60880E+03
 6.21877E+02	 1.61043E+03
 6.21896E+02	 1.60783E+03
 6.21916E+02	 1.60106E+03
 6.21935E+02	 1.60980E+03
 6.21954E+02	 1.61199E+03
 6.21974E+02	 1.60844E+03
 6.21993E+02	 1.60981E+03
 6.22012E+02	 1.61375E+03
 6.22032E+02	 1.60869E+03
 6.22051E+02	 1.61035E+03
 6.22070E+02	 1.60881E+03
 6.22090E+02	 1.60833E+03
 6.22109E+02	 1.61102E+03
 6.22128E+02	 1.60707E+03
 6.22147E+02	 1.60908E+03
 6.22167E+02	 1.61213E+03
 6.22186E+02	 1.60952E+03
 6.22205E+02	 1.60764E+03
 6.22225E+02	 1.60900E+03
 6.22244E+02	 1.61286E+03
 6.22263E+02	 1.61260E+03
 6.22283E+02	 1.60664E+03
 6.22302E+02	 1.60425E+03
 6.22321E+02	 1.60329E+03
 6.22341E+02	 1.60054E+03
 6.22360E+02	 1.60831E+03
 6.22379E+02	 1.61062E+03
 6.22399E+02	 1.60987E+03
 6.22418E+02	 1.60931E+03
 6.22437E+02	 1.60903E+03
 6.22457E+02	 1.60571E+03
 6.22476E+02	 1.60664E+03
 6.22495E+02	 1.60900E+03
 6.22515E+02	 1.60803E+03
 6.22534E+02	 1.60700E+03
 6.22553E+02	 1.61068E+03
 6.22573E+02	 1.60844E+03
 6.22592E+02	 1.60633E+03
 6.22611E+02	 1.60815E+03
 6.22631E+02	 1.60531E+03
 6.22650E+02	 1.61229E+03
 6.22669E+02	 1.61000E+03
 6.22689E+02	 1.60819E+03
 6.22708E+02	 1.60805E+03
 6.22727E+02	 1.60861E+03
 6.22747E+02	 1.60524E+03
 6.22766E+02	 1.60780E+03
 6.22785E+02	 1.60714E+03
 6.22805E+02	 1.60471E+03
 6.22824E+02	 1.60685E+03
 6.22843E+02	 1.60876E+03
 6.22863E+02	 1.60774E+03
 6.22882E+02	 1.60704E+03
 6.22901E+02	 1.60651E+03
 6.22921E+02	 1.60720E+03
 6.22940E+02	 1.61052E+03
 6.22959E+02	 1.61054E+03
 6.22979E+02	 1.60985E+03
 6.22998E+02	 1.60896E+03
 6.23017E+02	 1.60887E+03
 6.23037E+02	 1.61010E+03
 6.23056E+02	 1.60804E+03
 6.23075E+02	 1.60652E+03
 6.23095E+02	 1.61165E+03
 6.23114E+02	 1.60999E+03
 6.23133E+02	 1.61100E+03
 6.23153E+02	 1.60843E+03
 6.23172E+02	 1.61348E+03
 6.23191E+02	 1.60998E+03
 6.23211E+02	 1.61517E+03
 6.23230E+02	 1.61463E+03
 6.23249E+02	 1.60481E+03
 6.23269E+02	 1.60732E+03
 6.23288E+02	 1.60815E+03
 6.23307E+02	 1.60908E+03
 6.23327E+02	 1.61094E+03
 6.23346E+02	 1.60904E+03
 6.23365E+02	 1.61125E+03
 6.23384E+02	 1.61060E+03
 6.23404E+02	 1.60912E+03
 6.23423E+02	 1.60964E+03
 6.23442E+02	 1.61223E+03
 6.23462E+02	 1.61487E+03
 6.23481E+02	 1.61392E+03
 6.23500E+02	 1.61117E+03
 6.23520E+02	 1.60770E+03
 6.23539E+02	 1.60435E+03
 6.23558E+02	 1.60719E+03
 6.23578E+02	 1.61186E+03
 6.23597E+02	 1.61102E+03
 6.23616E+02	 1.61182E+03
 6.23636E+02	 1.61367E+03
 6.23655E+02	 1.60910E+03
 6.23674E+02	 1.61425E+03
 6.23694E+02	 1.60841E+03
 6.23713E+02	 1.60860E+03
 6.23732E+02	 1.61123E+03
 6.23752E+02	 1.60630E+03
 6.23771E+02	 1.60865E+03
 6.23790E+02	 1.61447E+03
 6.23810E+02	 1.61244E+03
 6.23829E+02	 1.61175E+03
 6.23848E+02	 1.60865E+03
 6.23868E+02	 1.61036E+03
 6.23887E+02	 1.60959E+03
 6.23906E+02	 1.60719E+03
 6.23926E+02	 1.60847E+03
 6.23945E+02	 1.61094E+03
 6.23964E+02	 1.61289E+03
 6.23984E+02	 1.61346E+03
 6.24003E+02	 1.60987E+03
 6.24022E+02	 1.61101E+03
 6.24042E+02	 1.61263E+03
 6.24061E+02	 1.61297E+03
 6.24080E+02	 1.60952E+03
 6.24100E+02	 1.60882E+03
 6.24119E+02	 1.61283E+03
 6.24138E+02	 1.61533E+03
 6.24158E+02	 1.61305E+03
 6.24177E+02	 1.61203E+03
 6.24196E+02	 1.61272E+03
 6.24216E+02	 1.61237E+03
 6.24235E+02	 1.61101E+03
 6.24254E+02	 1.60992E+03
 6.24274E+02	 1.60856E+03
 6.24293E+02	 1.60702E+03
 6.24312E+02	 1.61272E+03
 6.24332E+02	 1.61288E+03
 6.24351E+02	 1.61243E+03
 6.24370E+02	 1.61028E+03
 6.24390E+02	 1.60961E+03
 6.24409E+02	 1.60856E+03
 6.24428E+02	 1.61089E+03
 6.24448E+02	 1.61098E+03
 6.24467E+02	 1.61289E+03
 6.24486E+02	 1.60928E+03
 6.24506E+02	 1.61045E+03
 6.24525E+02	 1.60626E+03
 6.24544E+02	 1.60979E+03
 6.24564E+02	 1.60911E+03
 6.24583E+02	 1.61270E+03
 6.24602E+02	 1.61200E+03
 6.24621E+02	 1.61043E+03
 6.24641E+02	 1.60869E+03
 6.24660E+02	 1.60937E+03
 6.24679E+02	 1.60824E+03
 6.24699E+02	 1.61004E+03
 6.24718E+02	 1.60800E+03
 6.24737E+02	 1.60833E+03
 6.24757E+02	 1.60850E+03
 6.24776E+02	 1.61234E+03
 6.24795E+02	 1.61254E+03
 6.24815E+02	 1.61333E+03
 6.24834E+02	 1.61304E+03
 6.24853E+02	 1.61201E+03
 6.24873E+02	 1.61092E+03
 6.24892E+02	 1.61086E+03
 6.24911E+02	 1.61212E+03
 6.24931E+02	 1.61075E+03
 6.24950E+02	 1.60926E+03
 6.24969E+02	 1.61000E+03
 6.24989E+02	 1.60975E+03
 6.25008E+02	 1.60858E+03
 6.25027E+02	 1.60703E+03
 6.25047E+02	 1.61037E+03
 6.25066E+02	 1.61275E+03
 6.25085E+02	 1.61255E+03
 6.25105E+02	 1.60820E+03
 6.25124E+02	 1.61024E+03
 6.25143E+02	 1.61438E+03
 6.25163E+02	 1.61291E+03
 6.25182E+02	 1.61201E+03
 6.25201E+02	 1.61165E+03
 6.25221E+02	 1.61358E+03
 6.25240E+02	 1.61115E+03
 6.25259E+02	 1.61365E+03
 6.25279E+02	 1.61388E+03
 6.25298E+02	 1.61412E+03
 6.25317E+02	 1.60908E+03
 6.25337E+02	 1.61183E+03
 6.25356E+02	 1.61044E+03
 6.25375E+02	 1.61147E+03
 6.25395E+02	 1.61155E+03
 6.25414E+02	 1.60924E+03
 6.25433E+02	 1.60877E+03
 6.25453E+02	 1.61127E+03
 6.25472E+02	 1.61352E+03
 6.25491E+02	 1.61492E+03
 6.25511E+02	 1.61428E+03
 6.25530E+02	 1.61123E+03
 6.25549E+02	 1.61264E+03
 6.25569E+02	 1.60877E+03
 6.25588E+02	 1.61218E+03
 6.25607E+02	 1.61618E+03
 6.25627E+02	 1.61408E+03
 6.25646E+02	 1.61160E+03
 6.25665E+02	 1.61048E+03
 6.25685E+02	 1.61023E+03
 6.25704E+02	 1.60990E+03
 6.25723E+02	 1.61091E+03
 6.25743E+02	 1.61084E+03
 6.25762E+02	 1.60870E+03
 6.25781E+02	 1.61092E+03
 6.25800E+02	 1.61262E+03
 6.25820E+02	 1.61162E+03
 6.25839E+02	 1.61218E+03
 6.25858E+02	 1.60936E+03
 6.25878E+02	 1.61211E+03
 6.25897E+02	 1.60985E+03
 6.25916E+02	 1.61201E+03
 6.25936E+02	 1.61382E+03
 6.25955E+02	 1.61355E+03
 6.25974E+02	 1.60880E+03
 6.25994E+02	 1.61013E+03
 6.26013E+02	 1.60915E+03
 6.26032E+02	 1.61329E+03
 6.26052E+02	 1.61040E+03
 6.26071E+02	 1.60695E+03
 6.26090E+02	 1.61497E+03
 6.26110E+02	 1.61268E+03
 6.26129E+02	 1.61301E+03
 6.26148E+02	 1.61531E+03
 6.26168E+02	 1.61498E+03
 6.26187E+02	 1.61296E+03
 6.26206E+02	 1.61466E+03
 6.26226E+02	 1.61226E+03
 6.26245E+02	 1.61400E+03
 6.26264E+02	 1.61425E+03
 6.26284E+02	 1.61313E+03
 6.26303E+02	 1.61145E+03
 6.26322E+02	 1.61545E+03
 6.26342E+02	 1.61638E+03
 6.26361E+02	 1.61359E+03
 6.26380E+02	 1.61245E+03
 6.26400E+02	 1.61093E+03
 6.26419E+02	 1.61387E+03
 6.26438E+02	 1.61488E+03
 6.26458E+02	 1.61311E+03
 6.26477E+02	 1.61339E+03
 6.26496E+02	 1.61593E+03
 6.26516E+02	 1.61832E+03
 6.26535E+02	 1.61753E+03
 6.26554E+02	 1.61389E+03
 6.26574E+02	 1.61458E+03
 6.26593E+02	 1.61738E+03
 6.26612E+02	 1.61717E+03
 6.26632E+02	 1.61611E+03
 6.26651E+02	 1.61434E+03
 6.26670E+02	 1.61574E+03
 6.26690E+02	 1.61607E+03
 6.26709E+02	 1.61792E+03
 6.26728E+02	 1.61582E+03
 6.26748E+02	 1.61545E+03
 6.26767E+02	 1.61556E+03
 6.26786E+02	 1.61803E+03
 6.26806E+02	 1.61537E+03
 6.26825E+02	 1.61460E+03
 6.26844E+02	 1.61409E+03
 6.26864E+02	 1.61259E+03
 6.26883E+02	 1.61817E+03
 6.26902E+02	 1.61626E+03
 6.26922E+02	 1.61492E+03
 6.26941E+02	 1.61190E+03
 6.26960E+02	 1.61585E+03
 6.26980E+02	 1.61648E+03
 6.26999E+02	 1.61293E+03
 6.27018E+02	 1.61002E+03
 6.27037E+02	 1.61279E+03
 6.27057E+02	 1.61387E+03
 6.27076E+02	 1.61611E+03
 6.27095E+02	 1.61547E+03
 6.27115E+02	 1.61497E+03
 6.27134E+02	 1.61754E+03
 6.27153E+02	 1.61359E+03
 6.27173E+02	 1.61236E+03
 6.27192E+02	 1.61315E+03
 6.27211E+02	 1.61862E+03
 6.27231E+02	 1.61698E+03
 6.27250E+02	 1.61772E+03
 6.27269E+02	 1.61811E+03
 6.27289E+02	 1.61452E+03
 6.27308E+02	 1.61638E+03
 6.27327E+02	 1.61552E+03
 6.27347E+02	 1.61368E+03
 6.27366E+02	 1.61538E+03
 6.27385E+02	 1.61819E+03
 6.27405E+02	 1.61844E+03
 6.27424E+02	 1.61787E+03
 6.27443E+02	 1.61782E+03
 6.27463E+02	 1.61852E+03
 6.27482E+02	 1.61892E+03
 6.27501E+02	 1.61634E+03
 6.27521E+02	 1.61805E+03
 6.27540E+02	 1.61734E+03
 6.27559E+02	 1.61580E+03
 6.27579E+02	 1.61672E+03
 6.27598E+02	 1.61993E+03
 6.27617E+02	 1.61957E+03
 6.27637E+02	 1.61579E+03
 6.27656E+02	 1.61600E+03
 6.27675E+02	 1.61614E+03
 6.27695E+02	 1.61674E+03
 6.27714E+02	 1.61963E+03
 6.27733E+02	 1.61941E+03
 6.27753E+02	 1.61991E+03
 6.27772E+02	 1.61832E+03
 6.27791E+02	 1.61609E+03
 6.27811E+02	 1.61636E+03
 6.27830E+02	 1.61830E+03
 6.27849E+02	 1.61853E+03
 6.27869E+02	 1.61793E+03
 6.27888E+02	 1.61817E+03
 6.27907E+02	 1.61977E+03
 6.27927E+02	 1.61850E+03
 6.27946E+02	 1.62025E+03
 6.27965E+02	 1.62018E+03
 6.27985E+02	 1.62039E+03
 6.28004E+02	 1.61888E+03
 6.28023E+02	 1.61885E+03
 6.28043E+02	 1.61661E+03
 6.28062E+02	 1.61740E+03
 6.28081E+02	 1.61743E+03
 6.28101E+02	 1.61953E+03
 6.28120E+02	 1.61931E+03
 6.28139E+02	 1.62050E+03
 6.28159E+02	 1.61940E+03
 6.28178E+02	 1.61555E+03
 6.28197E+02	 1.61618E+03
 6.28217E+02	 1.61704E+03
 6.28236E+02	 1.61938E+03
 6.28255E+02	 1.61691E+03
 6.28274E+02	 1.61668E+03
 6.28294E+02	 1.61721E+03
 6.28313E+02	 1.61779E+03
 6.28332E+02	 1.61980E+03
 6.28352E+02	 1.61931E+03
 6.28371E+02	 1.62031E+03
 6.28390E+02	 1.62134E+03
 6.28410E+02	 1.61784E+03
 6.28429E+02	 1.62055E+03
 6.28448E+02	 1.61867E+03
 6.28468E+02	 1.62221E+03
 6.28487E+02	 1.62345E+03
 6.28506E+02	 1.61906E+03
 6.28526E+02	 1.62244E+03
 6.28545E+02	 1.62493E+03
 6.28564E+02	 1.62197E+03
 6.28584E+02	 1.62014E+03
 6.28603E+02	 1.62031E+03
 6.28622E+02	 1.62225E+03
 6.28642E+02	 1.62038E+03
 6.28661E+02	 1.62132E+03
 6.28680E+02	 1.62189E+03
 6.28700E+02	 1.61837E+03
 6.28719E+02	 1.61865E+03
 6.28738E+02	 1.62181E+03
 6.28758E+02	 1.62250E+03
 6.28777E+02	 1.62083E+03
 6.28796E+02	 1.62262E+03
 6.28816E+02	 1.62335E+03
 6.28835E+02	 1.62438E+03
 6.28854E+02	 1.62471E+03
 6.28874E+02	 1.62056E+03
 6.28893E+02	 1.62346E+03
 6.28912E+02	 1.61990E+03
 6.28932E+02	 1.61993E+03
 6.28951E+02	 1.62223E+03
 6.28970E+02	 1.62340E+03
 6.28990E+02	 1.61963E+03
 6.29009E+02	 1.62239E+03
 6.29028E+02	 1.62092E+03
 6.29048E+02	 1.62227E+03
 6.29067E+02	 1.62177E+03
 6.29086E+02	 1.62301E+03
 6.29106E+02	 1.62275E+03
 6.29125E+02	 1.61967E+03
 6.29144E+02	 1.61861E+03
 6.29164E+02	 1.62210E+03
 6.29183E+02	 1.62202E+03
 6.29202E+02	 1.62389E+03
 6.29222E+02	 1.62174E+03
 6.29241E+02	 1.62097E+03
 6.29260E+02	 1.62209E+03
 6.29280E+02	 1.61967E+03
 6.29299E+02	 1.62061E+03
 6.29318E+02	 1.61905E+03
 6.29338E+02	 1.62360E+03
 6.29357E+02	 1.62212E+03
 6.29376E+02	 1.61899E+03
 6.29396E+02	 1.62609E+03
 6.29415E+02	 1.62670E+03
 6.29434E+02	 1.62269E+03
 6.29454E+02	 1.62754E+03
 6.29473E+02	 1.61991E+03
 6.29492E+02	 1.62640E+03
 6.29511E+02	 1.62472E+03
 6.29531E+02	 1.62086E+03
 6.29550E+02	 1.62591E+03
 6.29569E+02	 1.62576E+03
 6.29589E+02	 1.62034E+03
 6.29608E+02	 1.62327E+03
 6.29627E+02	 1.62594E+03
 6.29647E+02	 1.62698E+03
 6.29666E+02	 1.62805E+03
 6.29685E+02	 1.62708E+03
 6.29705E+02	 1.62421E+03
 6.29724E+02	 1.62143E+03
 6.29743E+02	 1.62193E+03
 6.29763E+02	 1.62226E+03
 6.29782E+02	 1.62339E+03
 6.29801E+02	 1.62468E+03
 6.29821E+02	 1.62540E+03
 6.29840E+02	 1.62494E+03
 6.29859E+02	 1.62064E+03
 6.29879E+02	 1.62221E+03
 6.29898E+02	 1.62307E+03
 6.29917E+02	 1.61905E+03
 6.29937E+02	 1.61684E+03
 6.29956E+02	 1.62323E+03
 6.29975E+02	 1.62569E+03
 6.29995E+02	 1.62686E+03
 6.30014E+02	 1.62507E+03
 6.30033E+02	 1.62241E+03
 6.30053E+02	 1.62328E+03
 6.30072E+02	 1.62111E+03
 6.30091E+02	 1.62339E+03
 6.30111E+02	 1.62174E+03
 6.30130E+02	 1.62211E+03
 6.30149E+02	 1.62130E+03
 6.30169E+02	 1.62006E+03
 6.30188E+02	 1.62316E+03
 6.30207E+02	 1.62299E+03
 6.30227E+02	 1.62202E+03
 6.30246E+02	 1.62128E+03
 6.30265E+02	 1.61985E+03
 6.30285E+02	 1.62121E+03
 6.30304E+02	 1.62082E+03
 6.30323E+02	 1.62481E+03
 6.30343E+02	 1.62539E+03
 6.30362E+02	 1.62217E+03
 6.30381E+02	 1.61939E+03
 6.30401E+02	 1.61896E+03
 6.30420E+02	 1.62092E+03
 6.30439E+02	 1.62284E+03
 6.30459E+02	 1.62515E+03
 6.30478E+02	 1.62312E+03
 6.30497E+02	 1.62618E+03
 6.30517E+02	 1.62587E+03
 6.30536E+02	 1.62263E+03
 6.30555E+02	 1.62135E+03
 6.30575E+02	 1.62312E+03
 6.30594E+02	 1.62294E+03
 6.30613E+02	 1.62091E+03
 6.30633E+02	 1.62116E+03
 6.30652E+02	 1.62432E+03
 6.30671E+02	 1.62363E+03
 6.30691E+02	 1.62331E+03
 6.30710E+02	 1.62428E+03
 6.30729E+02	 1.62743E+03
 6.30748E+02	 1.62715E+03
 6.30768E+02	 1.62387E+03
 6.30787E+02	 1.62642E+03
 6.30806E+02	 1.62442E+03
 6.30826E+02	 1.62287E+03
 6.30845E+02	 1.62146E+03
 6.30864E+02	 1.62253E+03
 6.30884E+02	 1.62261E+03
 6.30903E+02	 1.62809E+03
 6.30922E+02	 1.62802E+03
 6.30942E+02	 1.62948E+03
 6.30961E+02	 1.62590E+03
 6.30980E+02	 1.62461E+03
 6.31000E+02	 1.62539E+03
 6.31019E+02	 1.62980E+03
 6.31038E+02	 1.62409E+03
 6.31058E+02	 1.62602E+03
 6.31077E+02	 1.62469E+03
 6.31096E+02	 1.62064E+03
 6.31116E+02	 1.62438E+03
 6.31135E+02	 1.62459E+03
 6.31154E+02	 1.62622E+03
 6.31174E+02	 1.62348E+03
 6.31193E+02	 1.62335E+03
 6.31212E+02	 1.62459E+03
 6.31232E+02	 1.62694E+03
 6.31251E+02	 1.62486E+03
 6.31270E+02	 1.62458E+03
 6.31290E+02	 1.62497E+03
 6.31309E+02	 1.62225E+03
 6.31328E+02	 1.62304E+03
 6.31348E+02	 1.62630E+03
 6.31367E+02	 1.62633E+03
 6.31386E+02	 1.62370E+03
 6.31406E+02	 1.62583E+03
 6.31425E+02	 1.62922E+03
 6.31444E+02	 1.62529E+03
 6.31464E+02	 1.62177E+03
 6.31483E+02	 1.62046E+03
 6.31502E+02	 1.62235E+03
 6.31522E+02	 1.62120E+03
 6.31541E+02	 1.62384E+03
 6.31560E+02	 1.62672E+03
 6.31580E+02	 1.61993E+03
 6.31599E+02	 1.62451E+03
 6.31618E+02	 1.62115E+03
 6.31638E+02	 1.62794E+03
 6.31657E+02	 1.62632E+03
 6.31676E+02	 1.62126E+03
 6.31696E+02	 1.62047E+03
 6.31715E+02	 1.62244E+03
 6.31734E+02	 1.62219E+03
 6.31754E+02	 1.62081E+03
 6.31773E+02	 1.62458E+03
 6.31792E+02	 1.62577E+03
 6.31812E+02	 1.62379E+03
 6.31831E+02	 1.62247E+03
 6.31850E+02	 1.62267E+03
 6.31870E+02	 1.62528E+03
 6.31889E+02	 1.62698E+03
 6.31908E+02	 1.62516E+03
 6.31928E+02	 1.62545E+03
 6.31947E+02	 1.62691E+03
 6.31966E+02	 1.62774E+03
 6.31985E+02	 1.62706E+03
 6.32005E+02	 1.62516E+03
 6.32024E+02	 1.62499E+03
 6.32043E+02	 1.62467E+03
 6.32063E+02	 1.62468E+03
 6.32082E+02	 1.62289E+03
 6.32101E+02	 1.62418E+03
 6.32121E+02	 1.62493E+03
 6.32140E+02	 1.62239E+03
 6.32159E+02	 1.62154E+03
 6.32179E+02	 1.62858E+03
 6.32198E+02	 1.62634E+03
 6.32217E+02	 1.62696E+03
 6.32237E+02	 1.62271E+03
 6.32256E+02	 1.62997E+03
 6.32275E+02	 1.62873E+03
 6.32295E+02	 1.62246E+03
 6.32314E+02	 1.62502E+03
 6.32333E+02	 1.62378E+03
 6.32353E+02	 1.62086E+03
 6.32372E+02	 1.62307E+03
 6.32391E+02	 1.62126E+03
 6.32411E+02	 1.62927E+03
 6.32430E+02	 1.62722E+03
 6.32449E+02	 1.62701E+03
 6.32469E+02	 1.62567E+03
 6.32488E+02	 1.62552E+03
 6.32507E+02	 1.62703E+03
 6.32527E+02	 1.62995E+03
 6.32546E+02	 1.62751E+03
 6.32565E+02	 1.62304E+03
 6.32585E+02	 1.62301E+03
 6.32604E+02	 1.62446E+03
 6.32623E+02	 1.62609E+03
 6.32643E+02	 1.62631E+03
 6.32662E+02	 1.62598E+03
 6.32681E+02	 1.62628E+03
 6.32701E+02	 1.62512E+03
 6.32720E+02	 1.62630E+03
 6.32739E+02	 1.62608E+03
 6.32759E+02	 1.62606E+03
 6.32778E+02	 1.62009E+03
 6.32797E+02	 1.62038E+03
 6.32817E+02	 1.62375E+03
 6.32836E+02	 1.61810E+03
 6.32855E+02	 1.61660E+03
 6.32875E+02	 1.61989E+03
 6.32894E+02	 1.62570E+03
 6.32913E+02	 1.62483E+03
 6.32933E+02	 1.62704E+03
 6.32952E+02	 1.62856E+03
 6.32971E+02	 1.63081E+03
 6.32991E+02	 1.62679E+03
 6.33010E+02	 1.62664E+03
 6.33029E+02	 1.62286E+03
 6.33049E+02	 1.62675E+03
 6.33068E+02	 1.62135E+03
 6.33087E+02	 1.62336E+03
 6.33107E+02	 1.62277E+03
 6.33126E+02	 1.62778E+03
 6.33145E+02	 1.62887E+03
 6.33164E+02	 1.62892E+03
 6.33184E+02	 1.62548E+03
 6.33203E+02	 1.62475E+03
 6.33222E+02	 1.62448E+03
 6.33242E+02	 1.62449E+03
 6.33261E+02	 1.62761E+03
 6.33280E+02	 1.62779E+03
 6.33300E+02	 1.62602E+03
 6.33319E+02	 1.62478E+03
 6.33338E+02	 1.62288E+03
 6.33358E+02	 1.62511E+03
 6.33377E+02	 1.62869E+03
 6.33396E+02	 1.62936E+03
 6.33416E+02	 1.62800E+03
 6.33435E+02	 1.62958E+03
 6.33454E+02	 1.62753E+03
 6.33474E+02	 1.62582E+03
 6.33493E+02	 1.63045E+03
 6.33512E+02	 1.62772E+03
 6.33532E+02	 1.62704E+03
 6.33551E+02	 1.62807E+03
 6.33570E+02	 1.63247E+03
 6.33590E+02	 1.63197E+03
 6.33609E+02	 1.63138E+03
 6.33628E+02	 1.63048E+03
 6.33648E+02	 1.62832E+03
 6.33667E+02	 1.62816E+03
 6.33686E+02	 1.63039E+03
 6.33706E+02	 1.62881E+03
 6.33725E+02	 1.63025E+03
 6.33744E+02	 1.63016E+03
 6.33764E+02	 1.63034E+03
 6.33783E+02	 1.63195E+03
 6.33802E+02	 1.63207E+03
 6.33822E+02	 1.63298E+03
 6.33841E+02	 1.63169E+03
 6.33860E+02	 1.62916E+03
 6.33880E+02	 1.63305E+03
 6.33899E+02	 1.63212E+03
 6.33918E+02	 1.62983E+03
 6.33938E+02	 1.62859E+03
 6.33957E+02	 1.62689E+03
 6.33976E+02	 1.62914E+03
 6.33996E+02	 1.62900E+03
 6.34015E+02	 1.63119E+03
 6.34034E+02	 1.63159E+03
 6.34054E+02	 1.63042E+03
 6.34073E+02	 1.63108E+03
 6.34092E+02	 1.63204E+03
 6.34112E+02	 1.63046E+03
 6.34131E+02	 1.62849E+03
 6.34150E+02	 1.63186E+03
 6.34170E+02	 1.63123E+03
 6.34189E+02	 1.62972E+03
 6.34208E+02	 1.63036E+03
 6.34228E+02	 1.63362E+03
 6.34247E+02	 1.62943E+03
 6.34266E+02	 1.62880E+03
 6.34286E+02	 1.63232E+03
 6.34305E+02	 1.63122E+03
 6.34324E+02	 1.62941E+03
 6.34344E+02	 1.63489E+03
 6.34363E+02	 1.63454E+03
 6.34382E+02	 1.63488E+03
 6.34401E+02	 1.63244E+03
 6.34421E+02	 1.63381E+03
 6.34440E+02	 1.63231E+03
 6.34459E+02	 1.62726E+03
 6.34479E+02	 1.63328E+03
 6.34498E+02	 1.63176E+03
 6.34517E+02	 1.62443E+03
 6.34537E+02	 1.63380E+03
 6.34556E+02	 1.62760E+03
 6.34575E+02	 1.63054E+03
 6.34595E+02	 1.63523E+03
 6.34614E+02	 1.63290E+03
 6.34633E+02	 1.63225E+03
 6.34653E+02	 1.63454E+03
 6.34672E+02	 1.62956E+03
 6.34691E+02	 1.62938E+03
 6.34711E+02	 1.63156E+03
 6.34730E+02	 1.63354E+03
 6.34749E+02	 1.63400E+03
 6.34769E+02	 1.63449E+03
 6.34788E+02	 1.63138E+03
 6.34807E+02	 1.63114E+03
 6.34827E+02	 1.63432E+03
 6.34846E+02	 1.63333E+03
 6.34865E+02	 1.63221E+03
 6.34885E+02	 1.63198E+03
 6.34904E+02	 1.63180E+03
 6.34923E+02	 1.63368E+03
 6.34943E+02	 1.63089E+03
 6.34962E+02	 1.62799E+03
 6.34981E+02	 1.62944E+03
 6.35001E+02	 1.62988E+03
 6.35020E+02	 1.63031E+03
 6.35039E+02	 1.62898E+03
 6.35059E+02	 1.62960E+03
 6.35078E+02	 1.63191E+03
 6.35097E+02	 1.63081E+03
 6.35117E+02	 1.63226E+03
 6.35136E+02	 1.63089E+03
 6.35155E+02	 1.63164E+03
 6.35175E+02	 1.63264E+03
 6.35194E+02	 1.63611E+03
 6.35213E+02	 1.63539E+03
 6.35233E+02	 1.63452E+03
 6.35252E+02	 1.63507E+03
 6.35271E+02	 1.63164E+03
 6.35291E+02	 1.63970E+03
 6.35310E+02	 1.63320E+03
 6.35329E+02	 1.63671E+03
 6.35349E+02	 1.63161E+03
 6.35368E+02	 1.63818E+03
 6.35387E+02	 1.63220E+03
 6.35407E+02	 1.63720E+03
 6.35426E+02	 1.63517E+03
 6.35445E+02	 1.63561E+03
 6.35465E+02	 1.63786E+03
 6.35484E+02	 1.63478E+03
 6.35503E+02	 1.63195E+03
 6.35523E+02	 1.62890E+03
 6.35542E+02	 1.63767E+03
 6.35561E+02	 1.63856E+03
 6.35581E+02	 1.63610E+03
 6.35600E+02	 1.63527E+03
 6.35619E+02	 1.63607E+03
 6.35638E+02	 1.63715E+03
 6.35658E+02	 1.63551E+03
 6.35677E+02	 1.63351E+03
 6.35696E+02	 1.63165E+03
 6.35716E+02	 1.63567E+03
 6.35735E+02	 1.63488E+03
 6.35754E+02	 1.63764E+03
 6.35774E+02	 1.63505E+03
 6.35793E+02	 1.63592E+03
 6.35812E+02	 1.63406E+03
 6.35832E+02	 1.63357E+03
 6.35851E+02	 1.63630E+03
 6.35870E+02	 1.63737E+03
 6.35890E+02	 1.63503E+03
 6.35909E+02	 1.63173E+03
 6.35928E+02	 1.63484E+03
 6.35948E+02	 1.63515E+03
 6.35967E+02	 1.63278E+03
 6.35986E+02	 1.63519E+03
 6.36006E+02	 1.63642E+03
 6.36025E+02	 1.63693E+03
 6.36044E+02	 1.63442E+03
 6.36064E+02	 1.63590E+03
 6.36083E+02	 1.63340E+03
 6.36102E+02	 1.63204E+03
 6.36122E+02	 1.63327E+03
 6.36141E+02	 1.63870E+03
 6.36160E+02	 1.63804E+03
 6.36180E+02	 1.63797E+03
 6.36199E+02	 1.64293E+03
 6.36218E+02	 1.63878E+03
 6.36238E+02	 1.63558E+03
 6.36257E+02	 1.63638E+03
 6.36276E+02	 1.63241E+03
 6.36296E+02	 1.64057E+03
 6.36315E+02	 1.63701E+03
 6.36334E+02	 1.63645E+03
 6.36354E+02	 1.63202E+03
 6.36373E+02	 1.63719E+03
 6.36392E+02	 1.63550E+03
 6.36412E+02	 1.63248E+03
 6.36431E+02	 1.63338E+03
 6.36450E+02	 1.64236E+03
 6.36470E+02	 1.63442E+03
 6.36489E+02	 1.63859E+03
 6.36508E+02	 1.63849E+03
 6.36528E+02	 1.63752E+03
 6.36547E+02	 1.63548E+03
 6.36566E+02	 1.63166E+03
 6.36586E+02	 1.63747E+03
 6.36605E+02	 1.63951E+03
 6.36624E+02	 1.63507E+03
 6.36644E+02	 1.63484E+03
 6.36663E+02	 1.63609E+03
 6.36682E+02	 1.63596E+03
 6.36702E+02	 1.63530E+03
 6.36721E+02	 1.64162E+03
 6.36740E+02	 1.64116E+03
 6.36760E+02	 1.63708E+03
 6.36779E+02	 1.63428E+03
 6.36798E+02	 1.63592E+03
 6.36818E+02	 1.63167E+03
 6.36837E+02	 1.63574E+03
 6.36856E+02	 1.63585E+03
 6.36875E+02	 1.63523E+03
 6.36895E+02	 1.63910E+03
 6.36914E+02	 1.63991E+03
 6.36933E+02	 1.64196E+03
 6.36953E+02	 1.64159E+03
 6.36972E+02	 1.63806E+03
 6.36991E+02	 1.63629E+03
 6.37011E+02	 1.63589E+03
 6.37030E+02	 1.63738E+03
 6.37049E+02	 1.63709E+03
 6.37069E+02	 1.63608E+03
 6.37088E+02	 1.63631E+03
 6.37107E+02	 1.63749E+03
 6.37127E+02	 1.63781E+03
 6.37146E+02	 1.63807E+03
 6.37165E+02	 1.63924E+03
 6.37185E+02	 1.63763E+03
 6.37204E+02	 1.63544E+03
 6.37223E+02	 1.63466E+03
 6.37243E+02	 1.63728E+03
 6.37262E+02	 1.63741E+03
 6.37281E+02	 1.64004E+03
 6.37301E+02	 1.63741E+03
 6.37320E+02	 1.63285E+03
 6.37339E+02	 1.62904E+03
 6.37359E+02	 1.63603E+03
 6.37378E+02	 1.63456E+03
 6.37397E+02	 1.63274E+03
 6.37417E+02	 1.63537E+03
 6.37436E+02	 1.63669E+03
 6.37455E+02	 1.63638E+03
 6.37475E+02	 1.63295E+03
 6.37494E+02	 1.63554E+03
 6.37513E+02	 1.63488E+03
 6.37533E+02	 1.63656E+03
 6.37552E+02	 1.63694E+03
 6.37571E+02	 1.63232E+03
 6.37591E+02	 1.64091E+03
 6.37610E+02	 1.63569E+03
 6.37629E+02	 1.64533E+03
 6.37649E+02	 1.63199E+03
 6.37668E+02	 1.63481E+03
 6.37687E+02	 1.64105E+03
 6.37707E+02	 1.63144E+03
 6.37726E+02	 1.63229E+03
 6.37745E+02	 1.63735E+03
 6.37765E+02	 1.62810E+03
 6.37784E+02	 1.63187E+03
 6.37803E+02	 1.63683E+03
 6.37823E+02	 1.63634E+03
 6.37842E+02	 1.63442E+03
 6.37861E+02	 1.63885E+03
 6.37881E+02	 1.63241E+03
 6.37900E+02	 1.63699E+03
 6.37919E+02	 1.64140E+03
 6.37939E+02	 1.64216E+03
 6.37958E+02	 1.63897E+03
 6.37977E+02	 1.63505E+03
 6.37997E+02	 1.63387E+03
 6.38016E+02	 1.63817E+03
 6.38035E+02	 1.63661E+03
 6.38055E+02	 1.63495E+03
 6.38074E+02	 1.63533E+03
 6.38093E+02	 1.63433E+03
 6.38112E+02	 1.63488E+03
 6.38132E+02	 1.63698E+03
 6.38151E+02	 1.63486E+03
 6.38170E+02	 1.63695E+03
 6.38190E+02	 1.63689E+03
 6.38209E+02	 1.63450E+03
 6.38228E+02	 1.63223E+03
 6.38248E+02	 1.63441E+03
 6.38267E+02	 1.63841E+03
 6.38286E+02	 1.63572E+03
 6.38306E+02	 1.63031E+03
 6.38325E+02	 1.63088E+03
 6.38344E+02	 1.63384E+03
 6.38364E+02	 1.63308E+03
 6.38383E+02	 1.63319E+03
 6.38402E+02	 1.63384E+03
 6.38422E+02	 1.63438E+03
 6.38441E+02	 1.63576E+03
 6.38460E+02	 1.63655E+03
 6.38480E+02	 1.63534E+03
 6.38499E+02	 1.63625E+03
 6.38518E+02	 1.63272E+03
 6.38538E+02	 1.63017E+03
 6.38557E+02	 1.63594E+03
 6.38576E+02	 1.63658E+03
 6.38596E+02	 1.63220E+03
 6.38615E+02	 1.63487E+03
 6.38634E+02	 1.64057E+03
 6.38654E+02	 1.63826E+03
 6.38673E+02	 1.63580E+03
 6.38692E+02	 1.63642E+03
 6.38712E+02	 1.63749E+03
 6.38731E+02	 1.63662E+03
 6.38750E+02	 1.63491E+03
 6.38770E+02	 1.63300E+03
 6.38789E+02	 1.63746E+03
 6.38808E+02	 1.64077E+03
 6.38828E+02	 1.63874E+03
 6.38847E+02	 1.63604E+03
 6.38866E+02	 1.63608E+03
 6.38886E+02	 1.63551E+03
 6.38905E+02	 1.63759E+03
 6.38924E+02	 1.63515E+03
 6.38944E+02	 1.63154E+03
 6.38963E+02	 1.63389E+03
 6.38982E+02	 1.63701E+03
 6.39002E+02	 1.63432E+03
 6.39021E+02	 1.63421E+03
 6.39040E+02	 1.63465E+03
 6.39060E+02	 1.63520E+03
 6.39079E+02	 1.63164E+03
 6.39098E+02	 1.63783E+03
 6.39118E+02	 1.63469E+03
 6.39137E+02	 1.63407E+03
 6.39156E+02	 1.63299E+03
 6.39176E+02	 1.63148E+03
 6.39195E+02	 1.63631E+03
 6.39214E+02	 1.63646E+03
 6.39234E+02	 1.63860E+03
 6.39253E+02	 1.63512E+03
 6.39272E+02	 1.63453E+03
 6.39292E+02	 1.63465E+03
 6.39311E+02	 1.63310E+03
 6.39330E+02	 1.63473E+03
 6.39349E+02	 1.63837E+03
 6.39369E+02	 1.63993E+03
 6.39388E+02	 1.63786E+03
 6.39407E+02	 1.63473E+03
 6.39427E+02	 1.63107E+03
 6.39446E+02	 1.63424E+03
 6.39465E+02	 1.62980E+03
 6.39485E+02	 1.63474E+03
 6.39504E+02	 1.63413E+03
 6.39523E+02	 1.63598E+03
 6.39543E+02	 1.63404E+03
 6.39562E+02	 1.63075E+03
 6.39581E+02	 1.62969E+03
 6.39601E+02	 1.62940E+03
 6.39620E+02	 1.63363E+03
 6.39639E+02	 1.63299E+03
 6.39659E+02	 1.62785E+03
 6.39678E+02	 1.63646E+03
 6.39697E+02	 1.63198E+03
 6.39717E+02	 1.63010E+03
 6.39736E+02	 1.63153E+03
 6.39755E+02	 1.63442E+03
 6.39775E+02	 1.63411E+03
 6.39794E+02	 1.63481E+03
 6.39813E+02	 1.63332E+03
 6.39833E+02	 1.62899E+03
 6.39852E+02	 1.63187E+03
 6.39871E+02	 1.62992E+03
 6.39891E+02	 1.62953E+03
 6.39910E+02	 1.63618E+03
 6.39929E+02	 1.63207E+03
 6.39949E+02	 1.63327E+03
 6.39968E+02	 1.63514E+03
 6.39987E+02	 1.63002E+03
 6.40007E+02	 1.62683E+03
 6.40026E+02	 1.63014E+03
 6.40045E+02	 1.63207E+03
 6.40065E+02	 1.63287E+03
 6.40084E+02	 1.62972E+03
 6.40103E+02	 1.62919E+03
 6.40123E+02	 1.63545E+03
 6.40142E+02	 1.63369E+03
 6.40161E+02	 1.63084E+03
 6.40181E+02	 1.63062E+03
 6.40200E+02	 1.63016E+03
 6.40219E+02	 1.63430E+03
 6.40239E+02	 1.63140E+03
 6.40258E+02	 1.63338E+03
 6.40277E+02	 1.63558E+03
 6.40297E+02	 1.63591E+03
 6.40316E+02	 1.63699E+03
 6.40335E+02	 1.63741E+03
 6.40355E+02	 1.63617E+03
 6.40374E+02	 1.63892E+03
 6.40393E+02	 1.63383E+03
 6.40413E+02	 1.63180E+03
 6.40432E+02	 1.63316E+03
 6.40451E+02	 1.63138E+03
 6.40471E+02	 1.63790E+03
 6.40490E+02	 1.63548E+03
 6.40509E+02	 1.63062E+03
 6.40528E+02	 1.63480E+03
 6.40548E+02	 1.63388E+03
 6.40567E+02	 1.63403E+03
 6.40586E+02	 1.63189E+03
 6.40606E+02	 1.63029E+03
 6.40625E+02	 1.63540E+03
 6.40644E+02	 1.63249E+03
 6.40664E+02	 1.63290E+03
 6.40683E+02	 1.63451E+03
 6.40702E+02	 1.63314E+03
 6.40722E+02	 1.63126E+03
 6.40741E+02	 1.63315E+03
 6.40760E+02	 1.63533E+03
 6.40780E+02	 1.63398E+03
 6.40799E+02	 1.62863E+03
 6.40818E+02	 1.62970E+03
 6.40838E+02	 1.63147E+03
 6.40857E+02	 1.63033E+03
 6.40876E+02	 1.63220E+03
 6.40896E+02	 1.63539E+03
 6.40915E+02	 1.63451E+03
 6.40934E+02	 1.63436E+03
 6.40954E+02	 1.63618E+03
 6.40973E+02	 1.63541E+03
 6.40992E+02	 1.63329E+03
 6.41012E+02	 1.63556E+03
 6.41031E+02	 1.63599E+03
 6.41050E+02	 1.63261E+03
 6.41070E+02	 1.63180E+03
 6.41089E+02	 1.63086E+03
 6.41108E+02	 1.63469E+03
 6.41128E+02	 1.63830E+03
 6.41147E+02	 1.63713E+03
 6.41166E+02	 1.63678E+03
 6.41186E+02	 1.63436E+03
 6.41205E+02	 1.63353E+03
 6.41224E+02	 1.63562E+03
 6.41244E+02	 1.63646E+03
 6.41263E+02	 1.63757E+03
 6.41282E+02	 1.63678E+03
 6.41302E+02	 1.63541E+03
 6.41321E+02	 1.63538E+03
 6.41340E+02	 1.63561E+03
 6.41360E+02	 1.63758E+03
 6.41379E+02	 1.63666E+03
 6.41398E+02	 1.63779E+03
 6.41418E+02	 1.63651E+03
 6.41437E+02	 1.63775E+03
 6.41456E+02	 1.63946E+03
 6.41476E+02	 1.63947E+03
 6.41495E+02	 1.63806E+03
 6.41514E+02	 1.63654E+03
 6.41534E+02	 1.63712E+03
 6.41553E+02	 1.63873E+03
 6.41572E+02	 1.63888E+03
 6.41592E+02	 1.63912E+03
 6.41611E+02	 1.63964E+03
 6.41630E+02	 1.63826E+03
 6.41650E+02	 1.64058E+03
 6.41669E+02	 1.64196E+03
 6.41688E+02	 1.63874E+03
 6.41708E+02	 1.63992E+03
 6.41727E+02	 1.63977E+03
 6.41746E+02	 1.63698E+03
 6.41765E+02	 1.63657E+03
 6.41785E+02	 1.63514E+03
 6.41804E+02	 1.63186E+03
 6.41823E+02	 1.63592E+03
 6.41843E+02	 1.63743E+03
 6.41862E+02	 1.63707E+03
 6.41881E+02	 1.63831E+03
 6.41901E+02	 1.63654E+03
 6.41920E+02	 1.63510E+03
 6.41939E+02	 1.63728E+03
 6.41959E+02	 1.63750E+03
 6.41978E+02	 1.63771E+03
 6.41997E+02	 1.63759E+03
 6.42017E+02	 1.64193E+03
 6.42036E+02	 1.63627E+03
 6.42055E+02	 1.63877E+03
 6.42075E+02	 1.63572E+03
 6.42094E+02	 1.63753E+03
 6.42113E+02	 1.64162E+03
 6.42133E+02	 1.63790E+03
 6.42152E+02	 1.63935E+03
 6.42171E+02	 1.63716E+03
 6.42191E+02	 1.63587E+03
 6.42210E+02	 1.63748E+03
 6.42229E+02	 1.63808E+03
 6.42249E+02	 1.63971E+03
 6.42268E+02	 1.64234E+03
 6.42287E+02	 1.64103E+03
 6.42307E+02	 1.63957E+03
 6.42326E+02	 1.63931E+03
 6.42345E+02	 1.64048E+03
 6.42365E+02	 1.64129E+03
 6.42384E+02	 1.63796E+03
 6.42403E+02	 1.63864E+03
 6.42423E+02	 1.64132E+03
 6.42442E+02	 1.64033E+03
 6.42461E+02	 1.64058E+03
 6.42481E+02	 1.64033E+03
 6.42500E+02	 1.63867E+03
 6.42519E+02	 1.64123E+03
 6.42539E+02	 1.64251E+03
 6.42558E+02	 1.64116E+03
 6.42577E+02	 1.64090E+03
 6.42597E+02	 1.64181E+03
 6.42616E+02	 1.64101E+03
 6.42635E+02	 1.64084E+03
 6.42655E+02	 1.63936E+03
 6.42674E+02	 1.63882E+03
 6.42693E+02	 1.64218E+03
 6.42713E+02	 1.63986E+03
 6.42732E+02	 1.64098E+03
 6.42751E+02	 1.63716E+03
 6.42771E+02	 1.63617E+03
 6.42790E+02	 1.64063E+03
 6.42809E+02	 1.63761E+03
 6.42829E+02	 1.63868E+03
 6.42848E+02	 1.64084E+03
 6.42867E+02	 1.64152E+03
 6.42887E+02	 1.63687E+03
 6.42906E+02	 1.64112E+03
 6.42925E+02	 1.64251E+03
 6.42945E+02	 1.64097E+03
 6.42964E+02	 1.64270E+03
 6.42983E+02	 1.64113E+03
 6.43002E+02	 1.63870E+03
 6.43022E+02	 1.64205E+03
 6.43041E+02	 1.64351E+03
 6.43060E+02	 1.64160E+03
 6.43080E+02	 1.64311E+03
 6.43099E+02	 1.64454E+03
 6.43118E+02	 1.64357E+03
 6.43138E+02	 1.64361E+03
 6.43157E+02	 1.64177E+03
 6.43176E+02	 1.64030E+03
 6.43196E+02	 1.63773E+03
 6.43215E+02	 1.63929E+03
 6.43234E+02	 1.64408E+03
 6.43254E+02	 1.64524E+03
 6.43273E+02	 1.64403E+03
 6.43292E+02	 1.63980E+03
 6.43312E+02	 1.63972E+03
 6.43331E+02	 1.64253E+03
 6.43350E+02	 1.64253E+03
 6.43370E+02	 1.64050E+03
 6.43389E+02	 1.63836E+03
 6.43408E+02	 1.64342E+03
 6.43428E+02	 1.64415E+03
 6.43447E+02	 1.64392E+03
 6.43466E+02	 1.64654E+03
 6.43486E+02	 1.64447E+03
 6.43505E+02	 1.64764E+03
 6.43524E+02	 1.64366E+03
 6.43544E+02	 1.63884E+03
 6.43563E+02	 1.64103E+03
 6.43582E+02	 1.64249E+03
 6.43602E+02	 1.64460E+03
 6.43621E+02	 1.64560E+03
 6.43640E+02	 1.64381E+03
 6.43660E+02	 1.64217E+03
 6.43679E+02	 1.64261E+03
 6.43698E+02	 1.64499E+03
 6.43718E+02	 1.64289E+03
 6.43737E+02	 1.64276E+03
 6.43756E+02	 1.64219E+03
 6.43776E+02	 1.64483E+03
 6.43795E+02	 1.64387E+03
 6.43814E+02	 1.64265E+03
 6.43834E+02	 1.64141E+03
 6.43853E+02	 1.64248E+03
 6.43872E+02	 1.64648E+03
 6.43892E+02	 1.64229E+03
 6.43911E+02	 1.64136E+03
 6.43930E+02	 1.64244E+03
 6.43950E+02	 1.64293E+03
 6.43969E+02	 1.64413E+03
 6.43988E+02	 1.64525E+03
 6.44008E+02	 1.64426E+03
 6.44027E+02	 1.64302E+03
 6.44046E+02	 1.64175E+03
 6.44066E+02	 1.64135E+03
 6.44085E+02	 1.64460E+03
 6.44104E+02	 1.64386E+03
 6.44124E+02	 1.64119E+03
 6.44143E+02	 1.64355E+03
 6.44162E+02	 1.64478E+03
 6.44182E+02	 1.64272E+03
 6.44201E+02	 1.64078E+03
 6.44220E+02	 1.63871E+03
 6.44239E+02	 1.63863E+03
 6.44259E+02	 1.64456E+03
 6.44278E+02	 1.64445E+03
 6.44297E+02	 1.64262E+03
 6.44317E+02	 1.64374E+03
 6.44336E+02	 1.63892E+03
 6.44355E+02	 1.64016E+03
 6.44375E+02	 1.64367E+03
 6.44394E+02	 1.64063E+03
 6.44413E+02	 1.64420E+03
 6.44433E+02	 1.64242E+03
 6.44452E+02	 1.63831E+03
 6.44471E+02	 1.63911E+03
 6.44491E+02	 1.64074E+03
 6.44510E+02	 1.64201E+03
 6.44529E+02	 1.64255E+03
 6.44549E+02	 1.64835E+03
 6.44568E+02	 1.64159E+03
 6.44587E+02	 1.64230E+03
 6.44607E+02	 1.64183E+03
 6.44626E+02	 1.63912E+03
 6.44645E+02	 1.63820E+03
 6.44665E+02	 1.64260E+03
 6.44684E+02	 1.64243E+03
 6.44703E+02	 1.63977E+03
 6.44723E+02	 1.64593E+03
 6.44742E+02	 1.64323E+03
 6.44761E+02	 1.63682E+03
 6.44781E+02	 1.64280E+03
 6.44800E+02	 1.64079E+03
 6.44819E+02	 1.64427E+03
 6.44839E+02	 1.63930E+03
 6.44858E+02	 1.63485E+03
 6.44877E+02	 1.63785E+03
 6.44897E+02	 1.64066E+03
 6.44916E+02	 1.64004E+03
 6.44935E+02	 1.63785E+03
 6.44955E+02	 1.63735E+03
 6.44974E+02	 1.64100E+03
 6.44993E+02	 1.63824E+03
 6.45013E+02	 1.63934E+03
 6.45032E+02	 1.64186E+03
 6.45051E+02	 1.64054E+03
 6.45071E+02	 1.63964E+03
 6.45090E+02	 1.63558E+03
 6.45109E+02	 1.64027E+03
 6.45129E+02	 1.64236E+03
 6.45148E+02	 1.64330E+03
 6.45167E+02	 1.64023E+03
 6.45187E+02	 1.63759E+03
 6.45206E+02	 1.64199E+03
 6.45225E+02	 1.63690E+03
 6.45245E+02	 1.64080E+03
 6.45264E+02	 1.63962E+03
 6.45283E+02	 1.64285E+03
 6.45303E+02	 1.64052E+03
 6.45322E+02	 1.63818E+03
 6.45341E+02	 1.63954E+03
 6.45361E+02	 1.63891E+03
 6.45380E+02	 1.63909E+03
 6.45399E+02	 1.63613E+03
 6.45419E+02	 1.63766E+03
 6.45438E+02	 1.63798E+03
 6.45457E+02	 1.63657E+03
 6.45476E+02	 1.64096E+03
 6.45496E+02	 1.63875E+03
 6.45515E+02	 1.63830E+03
 6.45534E+02	 1.64365E+03
 6.45554E+02	 1.63816E+03
 6.45573E+02	 1.64036E+03
 6.45592E+02	 1.63518E+03
 6.45612E+02	 1.63589E+03
 6.45631E+02	 1.63668E+03
 6.45650E+02	 1.63907E+03
 6.45670E+02	 1.63537E+03
 6.45689E+02	 1.63655E+03
 6.45708E+02	 1.63934E+03
 6.45728E+02	 1.64031E+03
 6.45747E+02	 1.63480E+03
 6.45766E+02	 1.63553E+03
 6.45786E+02	 1.63889E+03
 6.45805E+02	 1.63980E+03
 6.45824E+02	 1.64168E+03
 6.45844E+02	 1.63767E+03
 6.45863E+02	 1.63855E+03
 6.45882E+02	 1.63625E+03
 6.45902E+02	 1.63943E+03
 6.45921E+02	 1.64073E+03
 6.45940E+02	 1.64295E+03
 6.45960E+02	 1.64136E+03
 6.45979E+02	 1.63755E+03
 6.45998E+02	 1.63886E+03
 6.46018E+02	 1.63836E+03
 6.46037E+02	 1.63967E+03
 6.46056E+02	 1.63877E+03
 6.46076E+02	 1.63946E+03
 6.46095E+02	 1.63723E+03
 6.46114E+02	 1.63906E+03
 6.46134E+02	 1.63896E+03
 6.46153E+02	 1.63729E+03
 6.46172E+02	 1.63699E+03
 6.46192E+02	 1.63763E+03
 6.46211E+02	 1.63661E+03
 6.46230E+02	 1.63617E+03
 6.46250E+02	 1.63696E+03
 6.46269E+02	 1.64159E+03
 6.46288E+02	 1.63919E+03
 6.46308E+02	 1.63853E+03
 6.46327E+02	 1.63735E+03
 6.46346E+02	 1.63966E+03
 6.46366E+02	 1.63803E+03
 6.46385E+02	 1.63517E+03
 6.46404E+02	 1.63778E+03
 6.46424E+02	 1.63590E+03
 6.46443E+02	 1.63799E+03
 6.46462E+02	 1.63663E+03
 6.46482E+02	 1.63560E+03
 6.46501E+02	 1.63430E+03
 6.46520E+02	 1.63557E+03
 6.46540E+02	 1.63840E+03
 6.46559E+02	 1.64091E+03
 6.46578E+02	 1.63908E+03
 6.46598E+02	 1.63831E+03
 6.46617E+02	 1.63746E+03
 6.46636E+02	 1.63809E+03
 6.46656E+02	 1.63673E+03
 6.46675E+02	 1.63534E+03
 6.46694E+02	 1.63942E+03
 6.46713E+02	 1.63954E+03
 6.46733E+02	 1.64124E+03
 6.46752E+02	 1.63985E+03
 6.46771E+02	 1.63729E+03
 6.46791E+02	 1.63797E+03
 6.46810E+02	 1.63991E+03
 6.46829E+02	 1.64127E+03
 6.46849E+02	 1.63779E+03
 6.46868E+02	 1.63758E+03
 6.46887E+02	 1.63403E+03
 6.46907E+02	 1.63460E+03
 6.46926E+02	 1.64070E+03
 6.46945E+02	 1.63653E+03
 6.46965E+02	 1.63265E+03
 6.46984E+02	 1.63799E+03
 6.47003E+02	 1.63732E+03
 6.47023E+02	 1.64020E+03
 6.47042E+02	 1.64112E+03
 6.47061E+02	 1.63749E+03
 6.47081E+02	 1.64134E+03
 6.47100E+02	 1.64083E+03
 6.47119E+02	 1.63981E+03
 6.47139E+02	 1.63863E+03
 6.47158E+02	 1.63847E+03
 6.47177E+02	 1.63992E+03
 6.47197E+02	 1.63963E+03
 6.47216E+02	 1.64008E+03
 6.47235E+02	 1.63631E+03
 6.47255E+02	 1.63645E+03
 6.47274E+02	 1.63381E+03
 6.47293E+02	 1.63512E+03
 6.47313E+02	 1.64374E+03
 6.47332E+02	 1.64038E+03
 6.47351E+02	 1.63841E+03
 6.47371E+02	 1.64073E+03
 6.47390E+02	 1.63924E+03
 6.47409E+02	 1.63806E+03
 6.47429E+02	 1.63903E+03
 6.47448E+02	 1.63958E+03
 6.47467E+02	 1.64056E+03
 6.47487E+02	 1.64039E+03
 6.47506E+02	 1.63953E+03
 6.47525E+02	 1.63931E+03
 6.47545E+02	 1.64047E+03
 6.47564E+02	 1.63965E+03
 6.47583E+02	 1.63846E+03
 6.47603E+02	 1.63988E+03
 6.47622E+02	 1.63708E+03
 6.47641E+02	 1.63715E+03
 6.47661E+02	 1.63544E+03
 6.47680E+02	 1.63409E+03
 6.47699E+02	 1.63499E+03
 6.47719E+02	 1.63309E+03
 6.47738E+02	 1.63298E+03
 6.47757E+02	 1.63423E+03
 6.47777E+02	 1.63839E+03
 6.47796E+02	 1.64039E+03
 6.47815E+02	 1.63970E+03
 6.47835E+02	 1.63768E+03
 6.47854E+02	 1.63739E+03
 6.47873E+02	 1.63480E+03
 6.47892E+02	 1.64066E+03
 6.47912E+02	 1.64660E+03
 6.47931E+02	 1.63935E+03
 6.47950E+02	 1.63813E+03
 6.47970E+02	 1.64102E+03
 6.47989E+02	 1.64008E+03
 6.48008E+02	 1.64086E+03
 6.48028E+02	 1.64122E+03
 6.48047E+02	 1.63818E+03
 6.48066E+02	 1.64066E+03
 6.48086E+02	 1.63860E+03
 6.48105E+02	 1.64053E+03
 6.48124E+02	 1.64298E+03
 6.48144E+02	 1.64222E+03
 6.48163E+02	 1.64080E+03
 6.48182E+02	 1.63868E+03
 6.48202E+02	 1.63966E+03
 6.48221E+02	 1.63913E+03
 6.48240E+02	 1.64058E+03
 6.48260E+02	 1.64211E+03
 6.48279E+02	 1.64141E+03
 6.48298E+02	 1.64134E+03
 6.48318E+02	 1.64160E+03
 6.48337E+02	 1.64234E+03
 6.48356E+02	 1.63659E+03
 6.48376E+02	 1.63525E+03
 6.48395E+02	 1.64014E+03
 6.48414E+02	 1.64096E+03
 6.48434E+02	 1.64137E+03
 6.48453E+02	 1.64239E+03
 6.48472E+02	 1.64059E+03
 6.48492E+02	 1.63875E+03
 6.48511E+02	 1.64015E+03
 6.48530E+02	 1.64122E+03
 6.48550E+02	 1.63615E+03
 6.48569E+02	 1.63912E+03
 6.48588E+02	 1.64070E+03
 6.48608E+02	 1.63817E+03
 6.48627E+02	 1.63907E+03
 6.48646E+02	 1.63860E+03
 6.48666E+02	 1.63850E+03
 6.48685E+02	 1.63963E+03
 6.48704E+02	 1.64177E+03
 6.48724E+02	 1.64138E+03
 6.48743E+02	 1.64730E+03
 6.48762E+02	 1.64448E+03
 6.48782E+02	 1.64143E+03
 6.48801E+02	 1.64498E+03
 6.48820E+02	 1.64219E+03
 6.48840E+02	 1.63975E+03
 6.48859E+02	 1.63853E+03
 6.48878E+02	 1.63859E+03
 6.48898E+02	 1.64432E+03
 6.48917E+02	 1.64197E+03
 6.48936E+02	 1.64495E+03
 6.48956E+02	 1.63859E+03
 6.48975E+02	 1.64396E+03
 6.48994E+02	 1.64219E+03
 6.49014E+02	 1.64199E+03
 6.49033E+02	 1.64182E+03
 6.49052E+02	 1.64416E+03
 6.49072E+02	 1.64098E+03
 6.49091E+02	 1.64327E+03
 6.49110E+02	 1.64165E+03
 6.49129E+02	 1.64060E+03
 6.49149E+02	 1.64382E+03
 6.49168E+02	 1.64262E+03
 6.49187E+02	 1.64307E+03
 6.49207E+02	 1.64337E+03
 6.49226E+02	 1.64773E+03
 6.49245E+02	 1.64629E+03
 6.49265E+02	 1.64555E+03
 6.49284E+02	 1.64423E+03
 6.49303E+02	 1.64170E+03
 6.49323E+02	 1.64559E+03
 6.49342E+02	 1.64756E+03
 6.49361E+02	 1.64884E+03
 6.49381E+02	 1.64763E+03
 6.49400E+02	 1.64399E+03
 6.49419E+02	 1.64384E+03
 6.49439E+02	 1.64704E+03
 6.49458E+02	 1.64171E+03
 6.49477E+02	 1.64223E+03
 6.49497E+02	 1.64341E+03
 6.49516E+02	 1.64215E+03
 6.49535E+02	 1.64523E+03
 6.49555E+02	 1.64207E+03
 6.49574E+02	 1.64547E+03
 6.49593E+02	 1.64193E+03
 6.49613E+02	 1.64543E+03
 6.49632E+02	 1.64479E+03
 6.49651E+02	 1.64657E+03
 6.49671E+02	 1.64226E+03
 6.49690E+02	 1.64727E+03
 6.49709E+02	 1.64576E+03
 6.49729E+02	 1.64715E+03
 6.49748E+02	 1.64437E+03
 6.49767E+02	 1.64230E+03
 6.49787E+02	 1.64248E+03
 6.49806E+02	 1.64190E+03
 6.49825E+02	 1.64932E+03
 6.49845E+02	 1.64544E+03
 6.49864E+02	 1.63741E+03
 6.49883E+02	 1.64706E+03
 6.49903E+02	 1.65006E+03
 6.49922E+02	 1.64800E+03
 6.49941E+02	 1.64369E+03
 6.49961E+02	 1.64104E+03
 6.49980E+02	 1.64662E+03
 6.49999E+02	 1.64631E+03
 6.50019E+02	 1.64843E+03
 6.50038E+02	 1.65044E+03
 6.50057E+02	 1.64875E+03
 6.50077E+02	 1.64724E+03
 6.50096E+02	 1.65153E+03
 6.50115E+02	 1.65082E+03
 6.50135E+02	 1.65363E+03
 6.50154E+02	 1.64582E+03
 6.50173E+02	 1.64712E+03
 6.50193E+02	 1.64058E+03
 6.50212E+02	 1.64527E+03
 6.50231E+02	 1.64117E+03
 6.50251E+02	 1.65032E+03
 6.50270E+02	 1.64555E+03
 6.50289E+02	 1.64514E+03
 6.50309E+02	 1.65369E+03
 6.50328E+02	 1.64930E+03
 6.50347E+02	 1.64065E+03
 6.50366E+02	 1.64324E+03
 6.50386E+02	 1.64662E+03
 6.50405E+02	 1.64944E+03
 6.50424E+02	 1.64619E+03
 6.50444E+02	 1.64011E+03
 6.50463E+02	 1.65121E+03
 6.50482E+02	 1.64800E+03
 6.50502E+02	 1.64970E+03
 6.50521E+02	 1.64814E+03
 6.50540E+02	 1.64365E+03
 6.50560E+02	 1.64610E+03
 6.50579E+02	 1.64881E+03
 6.50598E+02	 1.64802E+03
 6.50618E+02	 1.64765E+03
 6.50637E+02	 1.64619E+03
 6.50656E+02	 1.64757E+03
 6.50676E+02	 1.64941E+03
 6.50695E+02	 1.64693E+03
 6.50714E+02	 1.65358E+03
 6.50734E+02	 1.64697E+03
 6.50753E+02	 1.65063E+03
 6.50772E+02	 1.64608E+03
 6.50792E+02	 1.64499E+03
 6.50811E+02	 1.64801E+03
 6.50830E+02	 1.64409E+03
 6.50850E+02	 1.63887E+03
 6.50869E+02	 1.64393E+03
 6.50888E+02	 1.65080E+03
 6.50908E+02	 1.65220E+03
 6.50927E+02	 1.64796E+03
 6.50946E+02	 1.64411E+03
 6.50966E+02	 1.64512E+03
 6.50985E+02	 1.65192E+03
 6.51004E+02	 1.64805E+03
 6.51024E+02	 1.64889E+03
 6.51043E+02	 1.64535E+03
 6.51062E+02	 1.65037E+03
 6.51082E+02	 1.65037E+03
 6.51101E+02	 1.64822E+03
 6.51120E+02	 1.64507E+03
 6.51140E+02	 1.64727E+03
 6.51159E+02	 1.64704E+03
 6.51178E+02	 1.64753E+03
 6.51198E+02	 1.64205E+03
 6.51217E+02	 1.64818E+03
 6.51236E+02	 1.65148E+03
 6.51256E+02	 1.64473E+03
 6.51275E+02	 1.64649E+03
 6.51294E+02	 1.65269E+03
 6.51314E+02	 1.65037E+03
 6.51333E+02	 1.64794E+03
 6.51352E+02	 1.65128E+03
 6.51372E+02	 1.64817E+03
 6.51391E+02	 1.64472E+03
 6.51410E+02	 1.64565E+03
 6.51430E+02	 1.64558E+03
 6.51449E+02	 1.64817E+03
 6.51468E+02	 1.64864E+03
 6.51488E+02	 1.64912E+03
 6.51507E+02	 1.64840E+03
 6.51526E+02	 1.64970E+03
 6.51546E+02	 1.64482E+03
 6.51565E+02	 1.64876E+03
 6.51584E+02	 1.65417E+03
 6.51603E+02	 1.64875E+03
 6.51623E+02	 1.64981E+03
 6.51642E+02	 1.64493E+03
 6.51661E+02	 1.64024E+03
 6.51681E+02	 1.64547E+03
 6.51700E+02	 1.64839E+03
 6.51719E+02	 1.64947E+03
 6.51739E+02	 1.64840E+03
 6.51758E+02	 1.64559E+03
 6.51777E+02	 1.64862E+03
 6.51797E+02	 1.64912E+03
 6.51816E+02	 1.64655E+03
 6.51835E+02	 1.64862E+03
 6.51855E+02	 1.64797E+03
 6.51874E+02	 1.64729E+03
 6.51893E+02	 1.64441E+03
 6.51913E+02	 1.64422E+03
 6.51932E+02	 1.64700E+03
 6.51951E+02	 1.64631E+03
 6.51971E+02	 1.65046E+03
 6.51990E+02	 1.64488E+03
 6.52009E+02	 1.64445E+03
 6.52029E+02	 1.64524E+03
 6.52048E+02	 1.64707E+03
 6.52067E+02	 1.64225E+03
 6.52087E+02	 1.64229E+03
 6.52106E+02	 1.64775E+03
 6.52125E+02	 1.64827E+03
 6.52145E+02	 1.64703E+03
 6.52164E+02	 1.64496E+03
 6.52183E+02	 1.64362E+03
 6.52203E+02	 1.64062E+03
 6.52222E+02	 1.64603E+03
 6.52241E+02	 1.64588E+03
 6.52261E+02	 1.64561E+03
 6.52280E+02	 1.64474E+03
 6.52299E+02	 1.64511E+03
 6.52319E+02	 1.64349E+03
 6.52338E+02	 1.64701E+03
 6.52357E+02	 1.64280E+03
 6.52377E+02	 1.64942E+03
 6.52396E+02	 1.64862E+03
 6.52415E+02	 1.65013E+03
 6.52435E+02	 1.64563E+03
 6.52454E+02	 1.64880E+03
 6.52473E+02	 1.64715E+03
 6.52493E+02	 1.64517E+03
 6.52512E+02	 1.64382E+03
 6.52531E+02	 1.64738E+03
 6.52551E+02	 1.64650E+03
 6.52570E+02	 1.64334E+03
 6.52589E+02	 1.64354E+03
 6.52609E+02	 1.64195E+03
 6.52628E+02	 1.64251E+03
 6.52647E+02	 1.64211E+03
 6.52667E+02	 1.64113E+03
 6.52686E+02	 1.64270E+03
 6.52705E+02	 1.64545E+03
 6.52725E+02	 1.64443E+03
 6.52744E+02	 1.64430E+03
 6.52763E+02	 1.64410E+03
 6.52783E+02	 1.64145E+03
 6.52802E+02	 1.64354E+03
 6.52821E+02	 1.64578E+03
 6.52840E+02	 1.64604E+03
 6.52860E+02	 1.64450E+03
 6.52879E+02	 1.64370E+03
 6.52898E+02	 1.64348E+03
 6.52918E+02	 1.64489E+03
 6.52937E+02	 1.64804E+03
 6.52956E+02	 1.64715E+03
 6.52976E+02	 1.64340E+03
 6.52995E+02	 1.64167E+03
 6.53014E+02	 1.64313E+03
 6.53034E+02	 1.64430E+03
 6.53053E+02	 1.64603E+03
 6.53072E+02	 1.64746E+03
 6.53092E+02	 1.64262E+03
 6.53111E+02	 1.64493E+03
 6.53130E+02	 1.64483E+03
 6.53150E+02	 1.64222E+03
 6.53169E+02	 1.64647E+03
 6.53188E+02	 1.64533E+03
 6.53208E+02	 1.64477E+03
 6.53227E+02	 1.64597E+03
 6.53246E+02	 1.64679E+03
 6.53266E+02	 1.64667E+03
 6.53285E+02	 1.64517E+03
 6.53304E+02	 1.64686E+03
 6.53324E+02	 1.64637E+03
 6.53343E+02	 1.64219E+03
 6.53362E+02	 1.64174E+03
 6.53382E+02	 1.64236E+03
 6.53401E+02	 1.64680E+03
 6.53420E+02	 1.64906E+03
 6.53440E+02	 1.64761E+03
 6.53459E+02	 1.64142E+03
 6.53478E+02	 1.64535E+03
 6.53498E+02	 1.64767E+03
 6.53517E+02	 1.64545E+03
 6.53536E+02	 1.64305E+03
 6.53556E+02	 1.64271E+03
 6.53575E+02	 1.64418E+03
 6.53594E+02	 1.64716E+03
 6.53614E+02	 1.64793E+03
 6.53633E+02	 1.64806E+03
 6.53652E+02	 1.64276E+03
 6.53672E+02	 1.64430E+03
 6.53691E+02	 1.64647E+03
 6.53710E+02	 1.64672E+03
 6.53730E+02	 1.64438E+03
 6.53749E+02	 1.64258E+03
 6.53768E+02	 1.64349E+03
 6.53788E+02	 1.64563E+03
 6.53807E+02	 1.64344E+03
 6.53826E+02	 1.64390E+03
 6.53846E+02	 1.64605E+03
 6.53865E+02	 1.64426E+03
 6.53884E+02	 1.64614E+03
 6.53904E+02	 1.64714E+03
 6.53923E+02	 1.64637E+03
 6.53942E+02	 1.64440E+03
 6.53962E+02	 1.64601E+03
 6.53981E+02	 1.64475E+03
 6.54000E+02	 1.64315E+03
 6.54019E+02	 1.64311E+03
